{"type": "FeatureCollection", "name": "winam_gulf_water_mask_occ05", "crs": {"type": "name", "properties": {"name": "urn:ogc:def:crs:OGC:1.3:CRS84"}}, "features": [{"type": "Feature", "properties": {"name": "winam_gulf_water_mask_occ05", "source": "JRC/GSW1_4/GlobalSurfaceWater occurrence", "occurrence_threshold_pct": 5, "aoi_bbox_wgs84": [34.0, -0.55, 34.9, 0.0], "area_km2": 2464.17}, "geometry": {"type": "MultiPolygon", "coordinates": [[[[34.153, -0.1785], [34.1525, -0.1785], [34.1525, -0.179], [34.153, -0.179], [34.153, -0.1785]]], [[[34.15275, -0.16125], [34.15275, -0.161], [34.1525, -0.161], [34.1525, -0.16125], [34.15275, -0.16125]]], [[[34.182, -0.14275000000000002], [34.182, -0.14250000000000002], [34.18125, -0.14250000000000002], [34.18125, -0.14275000000000002], [34.182, -0.14275000000000002]]], [[[34.09375, -0.0855], [34.09375, -0.08525], [34.0935, -0.08525], [34.0935, -0.0855], [34.09375, -0.0855]]], [[[34.0445, -0.055], [34.0445, -0.05475], [34.04425, -0.05475], [34.04425, -0.055], [34.0445, -0.055]]], [[[34.04175, -0.053], [34.04175, -0.05275], [34.0415, -0.05275], [34.0415, -0.053], [34.04175, -0.053]]], [[[34.04525, -0.0525], [34.04525, -0.05275], [34.0455, -0.05275], [34.0455, -0.05225], [34.04575, -0.05225], [34.04575, -0.051750000000000004], [34.0455, -0.051750000000000004], [34.0455, -0.051000000000000004], [34.04575, -0.051000000000000004], [34.04575, -0.0505], [34.0455, -0.0505], [34.0455, -0.05075], [34.04525, -0.05075], [34.04525, -0.051000000000000004], [34.045, -0.051000000000000004], [34.045, -0.051500000000000004], [34.04475, -0.051500000000000004], [34.04475, -0.051750000000000004], [34.04425, -0.051750000000000004], [34.04425, -0.052000000000000005], [34.0445, -0.052000000000000005], [34.0445, -0.05225], [34.04475, -0.05225], [34.04475, -0.0525], [34.04525, -0.0525]]], [[[34.11625, -0.0495], [34.11625, -0.04925], [34.1155, -0.04925], [34.1155, -0.0495], [34.11625, -0.0495]]], [[[34.04925, -0.05025], [34.04925, -0.04975], [34.0495, -0.04975], [34.0495, -0.04925], [34.04975, -0.04925], [34.04975, -0.04825], [34.0495, -0.04825], [34.0495, -0.048], [34.04975, -0.048], [34.04975, -0.0475], [34.049, -0.0475], [34.049, -0.04775], [34.04875, -0.04775], [34.04875, -0.048], [34.0485, -0.048], [34.0485, -0.04825], [34.04875, -0.04825], [34.04875, -0.04875], [34.04825, -0.04875], [34.04825, -0.049], [34.048, -0.049], [34.048, -0.04975], [34.04775, -0.04975], [34.04775, -0.0505], [34.048, -0.0505], [34.048, -0.05025], [34.04825, -0.05025], [34.04825, -0.04975], [34.0485, -0.04975], [34.0485, -0.05025], [34.04875, -0.05025], [34.04875, -0.0505], [34.049, -0.0505], [34.049, -0.05025], [34.04925, -0.05025]]], [[[34.03975, -0.0485], [34.03975, -0.04825], [34.0395, -0.04825], [34.0395, -0.0485], [34.03975, -0.0485]]], [[[34.0395, -0.048], [34.0395, -0.04725], [34.03925, -0.04725], [34.03925, -0.048], [34.0395, -0.048]]], [[[34.03925, -0.04725], [34.03925, -0.047], [34.039, -0.047], [34.039, -0.04725], [34.03925, -0.04725]]], [[[34.0445, -0.0465], [34.0445, -0.04625], [34.04425, -0.04625], [34.04425, -0.0465], [34.0445, -0.0465]]], [[[34.058, -0.0305], [34.058, -0.03075], [34.0575, -0.03075], [34.0575, -0.031], [34.05675, -0.031], [34.05675, -0.03075], [34.05625, -0.03075], [34.05625, -0.0305], [34.05525, -0.0305], [34.05525, -0.03025], [34.055, -0.03025], [34.055, -0.0305], [34.0545, -0.0305], [34.0545, -0.03075], [34.05425, -0.03075], [34.05425, -0.031], [34.0545, -0.031], [34.0545, -0.03125], [34.05475, -0.03125], [34.05475, -0.032], [34.0545, -0.032], [34.0545, -0.03225], [34.05375, -0.03225], [34.05375, -0.0325], [34.05275, -0.0325], [34.05275, -0.033], [34.05175, -0.033], [34.05175, -0.0325], [34.05125, -0.0325], [34.05125, -0.03225], [34.051, -0.03225], [34.051, -0.0315], [34.05025, -0.0315], [34.05025, -0.03175], [34.05, -0.03175], [34.05, -0.032], [34.04975, -0.032], [34.04975, -0.0325], [34.0495, -0.0325], [34.0495, -0.033], [34.04925, -0.033], [34.04925, -0.03325], [34.04875, -0.03325], [34.04875, -0.0335], [34.0485, -0.0335], [34.0485, -0.03375], [34.048, -0.03375], [34.048, -0.03425], [34.04775, -0.03425], [34.04775, -0.035750000000000004], [34.04725, -0.035750000000000004], [34.04725, -0.036000000000000004], [34.04675, -0.036000000000000004], [34.04675, -0.0365], [34.0465, -0.0365], [34.0465, -0.037], [34.04675, -0.037], [34.04675, -0.0375], [34.04725, -0.0375], [34.04725, -0.03775], [34.0475, -0.03775], [34.0475, -0.038], [34.04775, -0.038], [34.04775, -0.039], [34.048, -0.039], [34.048, -0.0405], [34.0485, -0.0405], [34.0485, -0.04025], [34.04875, -0.04025], [34.04875, -0.04], [34.04925, -0.04], [34.04925, -0.04025], [34.04975, -0.04025], [34.04975, -0.0405], [34.05, -0.0405], [34.05, -0.0415], [34.05025, -0.0415], [34.05025, -0.04225], [34.05075, -0.04225], [34.05075, -0.043000000000000003], [34.051, -0.043000000000000003], [34.051, -0.043500000000000004], [34.05125, -0.043500000000000004], [34.05125, -0.043750000000000004], [34.0515, -0.043750000000000004], [34.0515, -0.04425], [34.05175, -0.04425], [34.05175, -0.0455], [34.052, -0.0455], [34.052, -0.04625], [34.05225, -0.04625], [34.05225, -0.04775], [34.052, -0.04775], [34.052, -0.04875], [34.05175, -0.04875], [34.05175, -0.04925], [34.0515, -0.04925], [34.0515, -0.0495], [34.05125, -0.0495], [34.05125, -0.04975], [34.051, -0.04975], [34.051, -0.05025], [34.05075, -0.05025], [34.05075, -0.0505], [34.05025, -0.0505], [34.05025, -0.05075], [34.05, -0.05075], [34.05, -0.051000000000000004], [34.04975, -0.051000000000000004], [34.04975, -0.051250000000000004], [34.0495, -0.051250000000000004], [34.0495, -0.052000000000000005], [34.04925, -0.052000000000000005], [34.04925, -0.05225], [34.049, -0.05225], [34.049, -0.0525], [34.0485, -0.0525], [34.0485, -0.05275], [34.048, -0.05275], [34.048, -0.053], [34.04775, -0.053], [34.04775, -0.05325], [34.0475, -0.05325], [34.0475, -0.05375], [34.0465, -0.05375], [34.0465, -0.054], [34.04625, -0.054], [34.04625, -0.0545], [34.046, -0.0545], [34.046, -0.055], [34.04625, -0.055], [34.04625, -0.0565], [34.0465, -0.0565], [34.0465, -0.05725], [34.04675, -0.05725], [34.04675, -0.058], [34.0465, -0.058], [34.0465, -0.05825], [34.046, -0.05825], [34.046, -0.0585], [34.04575, -0.0585], [34.04575, -0.058750000000000004], [34.04525, -0.058750000000000004], [34.04525, -0.059250000000000004], [34.045, -0.059250000000000004], [34.045, -0.059500000000000004], [34.04475, -0.059500000000000004], [34.04475, -0.06], [34.0445, -0.06], [34.0445, -0.06025], [34.04425, -0.06025], [34.04425, -0.06075], [34.044, -0.06075], [34.044, -0.061], [34.04375, -0.061], [34.04375, -0.06125], [34.04325, -0.06125], [34.04325, -0.0615], [34.044, -0.0615], [34.044, -0.06125], [34.0445, -0.06125], [34.0445, -0.06075], [34.04475, -0.06075], [34.04475, -0.06025], [34.045, -0.06025], [34.045, -0.06], [34.04525, -0.06], [34.04525, -0.059500000000000004], [34.0455, -0.059500000000000004], [34.0455, -0.059250000000000004], [34.04575, -0.059250000000000004], [34.04575, -0.059000000000000004], [34.04675, -0.059000000000000004], [34.04675, -0.058750000000000004], [34.04825, -0.058750000000000004], [34.04825, -0.059000000000000004], [34.0485, -0.059000000000000004], [34.0485, -0.059250000000000004], [34.049, -0.059250000000000004], [34.049, -0.059500000000000004], [34.04925, -0.059500000000000004], [34.04925, -0.059750000000000004], [34.0495, -0.059750000000000004], [34.0495, -0.06], [34.05025, -0.06], [34.05025, -0.06025], [34.0515, -0.06025], [34.0515, -0.06075], [34.05325, -0.06075], [34.05325, -0.06025], [34.05375, -0.06025], [34.05375, -0.06], [34.0545, -0.06], [34.0545, -0.059750000000000004], [34.05475, -0.059750000000000004], [34.05475, -0.059250000000000004], [34.055, -0.059250000000000004], [34.055, -0.058750000000000004], [34.05525, -0.058750000000000004], [34.05525, -0.0585], [34.0555, -0.0585], [34.0555, -0.05825], [34.05575, -0.05825], [34.05575, -0.0575], [34.056, -0.0575], [34.056, -0.05675], [34.05625, -0.05675], [34.05625, -0.0555], [34.0565, -0.0555], [34.0565, -0.0545], [34.05675, -0.0545], [34.05675, -0.05325], [34.057, -0.05325], [34.057, -0.0525], [34.0575, -0.0525], [34.0575, -0.05225], [34.05775, -0.05225], [34.05775, -0.052000000000000005], [34.058, -0.052000000000000005], [34.058, -0.051750000000000004], [34.0585, -0.051750000000000004], [34.0585, -0.051500000000000004], [34.05875, -0.051500000000000004], [34.05875, -0.051250000000000004], [34.05925, -0.051250000000000004], [34.05925, -0.051000000000000004], [34.0595, -0.051000000000000004], [34.0595, -0.05075], [34.06, -0.05075], [34.06, -0.0505], [34.06025, -0.0505], [34.06025, -0.05025], [34.06125, -0.05025], [34.06125, -0.04975], [34.0615, -0.04975], [34.0615, -0.0495], [34.062, -0.0495], [34.062, -0.04925], [34.06225, -0.04925], [34.06225, -0.049], [34.06275, -0.049], [34.06275, -0.04875], [34.06525, -0.04875], [34.06525, -0.0485], [34.06625, -0.0485], [34.06625, -0.04825], [34.06675, -0.04825], [34.06675, -0.048], [34.0675, -0.048], [34.0675, -0.04775], [34.068, -0.04775], [34.068, -0.04725], [34.06825, -0.04725], [34.06825, -0.047], [34.0685, -0.047], [34.0685, -0.046], [34.06875, -0.046], [34.06875, -0.0455], [34.06925, -0.0455], [34.06925, -0.04525], [34.0695, -0.04525], [34.0695, -0.04475], [34.06975, -0.04475], [34.06975, -0.044], [34.07, -0.044], [34.07, -0.043000000000000003], [34.07025, -0.043000000000000003], [34.07025, -0.04225], [34.0705, -0.04225], [34.0705, -0.04125], [34.07075, -0.04125], [34.07075, -0.0395], [34.0705, -0.0395], [34.0705, -0.03825], [34.07025, -0.03825], [34.07025, -0.037], [34.07, -0.037], [34.07, -0.03675], [34.06975, -0.03675], [34.06975, -0.036000000000000004], [34.0695, -0.036000000000000004], [34.0695, -0.034], [34.06925, -0.034], [34.06925, -0.03325], [34.069, -0.03325], [34.069, -0.0325], [34.06875, -0.0325], [34.06875, -0.032], [34.0685, -0.032], [34.0685, -0.03175], [34.06825, -0.03175], [34.06825, -0.0315], [34.0675, -0.0315], [34.0675, -0.03125], [34.06675, -0.03125], [34.06675, -0.031], [34.06575, -0.031], [34.06575, -0.03075], [34.06525, -0.03075], [34.06525, -0.031], [34.064, -0.031], [34.064, -0.03125], [34.063, -0.03125], [34.063, -0.0315], [34.06175, -0.0315], [34.06175, -0.03125], [34.06125, -0.03125], [34.06125, -0.031], [34.06025, -0.031], [34.06025, -0.03075], [34.0595, -0.03075], [34.0595, -0.0305], [34.058, -0.0305]]], [[[34.04525, -0.0455], [34.04525, -0.04525], [34.045, -0.04525], [34.045, -0.0455], [34.04525, -0.0455]]], [[[34.0775, -0.0315], [34.07725, -0.0315], [34.07725, -0.03175], [34.0775, -0.03175], [34.0775, -0.0315]]], [[[34.18275, -0.02725], [34.18275, -0.027], [34.1825, -0.027], [34.1825, -0.02725], [34.18275, -0.02725]]], [[[34.181, -0.02425], [34.181, -0.024], [34.18075, -0.024], [34.18075, -0.02425], [34.181, -0.02425]]], [[[34.1835, -0.024], [34.1835, -0.0235], [34.18325, -0.0235], [34.18325, -0.023], [34.1835, -0.023], [34.1835, -0.021750000000000002], [34.18325, -0.021750000000000002], [34.18325, -0.021500000000000002], [34.1825, -0.021500000000000002], [34.1825, -0.02125], [34.18225, -0.02125], [34.18225, -0.021500000000000002], [34.182, -0.021500000000000002], [34.182, -0.021750000000000002], [34.1815, -0.021750000000000002], [34.1815, -0.022], [34.181, -0.022], [34.181, -0.02325], [34.182, -0.02325], [34.182, -0.0235], [34.18225, -0.0235], [34.18225, -0.024], [34.1825, -0.024], [34.1825, -0.02425], [34.18275, -0.02425], [34.18275, -0.0245], [34.183, -0.0245], [34.183, -0.024], [34.1835, -0.024]]], [[[34.115, -0.022], [34.115, -0.021750000000000002], [34.11475, -0.021750000000000002], [34.11475, -0.02225], [34.115, -0.02225], [34.115, -0.02275], [34.11525, -0.02275], [34.11525, -0.022], [34.115, -0.022]]], [[[34.177, -0.021], [34.177, -0.02075], [34.17675, -0.02075], [34.17675, -0.021], [34.177, -0.021]]], [[[34.18125, -0.02075], [34.18125, -0.02025], [34.1815, -0.02025], [34.1815, -0.02], [34.18125, -0.02], [34.18125, -0.01975], [34.181, -0.01975], [34.181, -0.0195], [34.18075, -0.0195], [34.18075, -0.01925], [34.18, -0.01925], [34.18, -0.01975], [34.17975, -0.01975], [34.17975, -0.02], [34.1795, -0.02], [34.1795, -0.02075], [34.17975, -0.02075], [34.17975, -0.021], [34.181, -0.021], [34.181, -0.02075], [34.18125, -0.02075]]], [[[34.18375, -0.01975], [34.18375, -0.0195], [34.183, -0.0195], [34.183, -0.02025], [34.18325, -0.02025], [34.18325, -0.02], [34.1835, -0.02], [34.1835, -0.01975], [34.18375, -0.01975]]], [[[34.178, -0.02], [34.178, -0.01975], [34.17775, -0.01975], [34.17775, -0.02], [34.178, -0.02]]], [[[34.178, -0.01975], [34.1785, -0.01975], [34.1785, -0.0195], [34.178, -0.0195], [34.178, -0.01975]]], [[[34.17875, -0.01875], [34.179, -0.01875], [34.179, -0.0185], [34.1785, -0.0185], [34.1785, -0.0195], [34.17875, -0.0195], [34.17875, -0.01875]]], [[[34.17625, -0.01875], [34.17625, -0.0185], [34.176, -0.0185], [34.176, -0.01875], [34.17625, -0.01875]]], [[[34.1835, -0.0185], [34.1835, -0.01825], [34.18325, -0.01825], [34.18325, -0.0185], [34.1835, -0.0185]]], [[[34.17525, -0.01825], [34.17525, -0.018000000000000002], [34.1745, -0.018000000000000002], [34.1745, -0.01825], [34.175, -0.01825], [34.175, -0.0185], [34.176, -0.0185], [34.176, -0.01825], [34.17525, -0.01825]]], [[[34.17425, -0.017750000000000002], [34.17425, -0.018000000000000002], [34.1745, -0.018000000000000002], [34.1745, -0.017750000000000002], [34.17425, -0.017750000000000002]]], [[[34.174, -0.01725], [34.17375, -0.01725], [34.17375, -0.0175], [34.174, -0.0175], [34.174, -0.01725]]], [[[34.1735, -0.01325], [34.1735, -0.012750000000000001], [34.17375, -0.012750000000000001], [34.17375, -0.011], [34.1735, -0.011], [34.1735, -0.010750000000000001], [34.17375, -0.010750000000000001], [34.17375, -0.01025], [34.1735, -0.01025], [34.1735, -0.01], [34.17325, -0.01], [34.17325, -0.01025], [34.17275, -0.01025], [34.17275, -0.010750000000000001], [34.1725, -0.010750000000000001], [34.1725, -0.01125], [34.172, -0.01125], [34.172, -0.0115], [34.17175, -0.0115], [34.17175, -0.01175], [34.17125, -0.01175], [34.17125, -0.0125], [34.171, -0.0125], [34.171, -0.013000000000000001], [34.17025, -0.013000000000000001], [34.17025, -0.0125], [34.17, -0.0125], [34.17, -0.012750000000000001], [34.16975, -0.012750000000000001], [34.16975, -0.013000000000000001], [34.16925, -0.013000000000000001], [34.16925, -0.01325], [34.169, -0.01325], [34.169, -0.01375], [34.16825, -0.01375], [34.16825, -0.014], [34.16725, -0.014], [34.16725, -0.01425], [34.1655, -0.01425], [34.1655, -0.01375], [34.165, -0.01375], [34.165, -0.0135], [34.16475, -0.0135], [34.16475, -0.01325], [34.164, -0.01325], [34.164, -0.013000000000000001], [34.1635, -0.013000000000000001], [34.1635, -0.012750000000000001], [34.16325, -0.012750000000000001], [34.16325, -0.0125], [34.16275, -0.0125], [34.16275, -0.01225], [34.16225, -0.01225], [34.16225, -0.013000000000000001], [34.16275, -0.013000000000000001], [34.16275, -0.01325], [34.163, -0.01325], [34.163, -0.01375], [34.16325, -0.01375], [34.16325, -0.01425], [34.1635, -0.01425], [34.1635, -0.0145], [34.16375, -0.0145], [34.16375, -0.01675], [34.164, -0.01675], [34.164, -0.0175], [34.16425, -0.0175], [34.16425, -0.017750000000000002], [34.16475, -0.017750000000000002], [34.16475, -0.018000000000000002], [34.16525, -0.018000000000000002], [34.16525, -0.01825], [34.1655, -0.01825], [34.1655, -0.0185], [34.16575, -0.0185], [34.16575, -0.01825], [34.16625, -0.01825], [34.16625, -0.018000000000000002], [34.16675, -0.018000000000000002], [34.16675, -0.017750000000000002], [34.16725, -0.017750000000000002], [34.16725, -0.0175], [34.16825, -0.0175], [34.16825, -0.017], [34.1685, -0.017], [34.1685, -0.0165], [34.169, -0.0165], [34.169, -0.017], [34.16925, -0.017], [34.16925, -0.01675], [34.16975, -0.01675], [34.16975, -0.0165], [34.17, -0.0165], [34.17, -0.01625], [34.17075, -0.01625], [34.17075, -0.016], [34.1705, -0.016], [34.1705, -0.015], [34.17075, -0.015], [34.17075, -0.014750000000000001], [34.171, -0.014750000000000001], [34.171, -0.015], [34.17175, -0.015], [34.17175, -0.01525], [34.17225, -0.01525], [34.17225, -0.01575], [34.17275, -0.01575], [34.17275, -0.01525], [34.17325, -0.01525], [34.17325, -0.0145], [34.173, -0.0145], [34.173, -0.0135], [34.17325, -0.0135], [34.17325, -0.01325], [34.1735, -0.01325]], [[34.16875, -0.01525], [34.1685, -0.01525], [34.1685, -0.015], [34.16875, -0.015], [34.16875, -0.01525]]], [[[34.167, -0.0125], [34.167, -0.01225], [34.16675, -0.01225], [34.16675, -0.0125], [34.167, -0.0125]]], [[[34.1665, -0.01225], [34.1665, -0.01175], [34.16625, -0.01175], [34.16625, -0.01225], [34.1665, -0.01225]]], [[[34.16475, -0.0115], [34.16475, -0.01125], [34.16425, -0.01125], [34.16425, -0.01175], [34.16475, -0.01175], [34.16475, -0.01225], [34.165, -0.01225], [34.165, -0.0115], [34.16475, -0.0115]]], [[[34.166, -0.01175], [34.166, -0.0115], [34.16575, -0.0115], [34.16575, -0.01175], [34.166, -0.01175]]], [[[34.163, -0.01125], [34.163, -0.011], [34.16275, -0.011], [34.16275, -0.0115], [34.163, -0.0115], [34.163, -0.01175], [34.16325, -0.01175], [34.16325, -0.01125], [34.163, -0.01125]]], [[[34.1775, -0.01175], [34.1775, -0.01225], [34.178, -0.01225], [34.178, -0.0125], [34.1785, -0.0125], [34.1785, -0.01325], [34.17875, -0.01325], [34.17875, -0.0135], [34.17975, -0.0135], [34.17975, -0.01325], [34.1805, -0.01325], [34.1805, -0.0135], [34.18025, -0.0135], [34.18025, -0.01375], [34.18, -0.01375], [34.18, -0.014], [34.181, -0.014], [34.181, -0.0145], [34.18075, -0.0145], [34.18075, -0.015], [34.1835, -0.015], [34.1835, -0.014750000000000001], [34.184, -0.014750000000000001], [34.184, -0.0145], [34.18425, -0.0145], [34.18425, -0.01375], [34.18375, -0.01375], [34.18375, -0.0135], [34.1825, -0.0135], [34.1825, -0.01325], [34.18225, -0.01325], [34.18225, -0.013000000000000001], [34.182, -0.013000000000000001], [34.182, -0.0125], [34.18225, -0.0125], [34.18225, -0.01225], [34.18275, -0.01225], [34.18275, -0.0115], [34.1825, -0.0115], [34.1825, -0.01125], [34.18225, -0.01125], [34.18225, -0.011], [34.182, -0.011], [34.182, -0.010750000000000001], [34.1815, -0.010750000000000001], [34.1815, -0.0105], [34.18125, -0.0105], [34.18125, -0.01025], [34.181, -0.01025], [34.181, -0.01], [34.1805, -0.01], [34.1805, -0.0095], [34.18025, -0.0095], [34.18025, -0.009000000000000001], [34.18, -0.009000000000000001], [34.18, -0.0085], [34.1795, -0.0085], [34.1795, -0.00825], [34.17925, -0.00825], [34.17925, -0.008], [34.17875, -0.008], [34.17875, -0.00775], [34.178, -0.00775], [34.178, -0.0075], [34.17775, -0.0075], [34.17775, -0.00725], [34.177, -0.00725], [34.177, -0.0075], [34.1765, -0.0075], [34.1765, -0.00775], [34.17625, -0.00775], [34.17625, -0.0075], [34.176, -0.0075], [34.176, -0.00825], [34.1765, -0.00825], [34.1765, -0.008], [34.177, -0.008], [34.177, -0.00975], [34.17725, -0.00975], [34.17725, -0.01175], [34.1775, -0.01175]], [[34.18125, -0.01325], [34.1805, -0.01325], [34.1805, -0.013000000000000001], [34.18125, -0.013000000000000001], [34.18125, -0.01325]]], [[[34.16175, -0.01125], [34.16175, -0.011], [34.16125, -0.011], [34.16125, -0.01125], [34.16175, -0.01125]]], [[[34.176, -0.011], [34.176, -0.0105], [34.17575, -0.0105], [34.17575, -0.010750000000000001], [34.1755, -0.010750000000000001], [34.1755, -0.01125], [34.17575, -0.01125], [34.17575, -0.011], [34.176, -0.011]]], [[[34.16275, -0.011], [34.16275, -0.010750000000000001], [34.1625, -0.010750000000000001], [34.1625, -0.011], [34.16275, -0.011]]], [[[34.16325, -0.01025], [34.16325, -0.0105], [34.1635, -0.0105], [34.1635, -0.010750000000000001], [34.16375, -0.010750000000000001], [34.16375, -0.011], [34.164, -0.011], [34.164, -0.0105], [34.16375, -0.0105], [34.16375, -0.01025], [34.16325, -0.01025]]], [[[34.16175, -0.0105], [34.16175, -0.010750000000000001], [34.162, -0.010750000000000001], [34.162, -0.01025], [34.1615, -0.01025], [34.1615, -0.0105], [34.16175, -0.0105]]], [[[34.16325, -0.01025], [34.16325, -0.01], [34.163, -0.01], [34.163, -0.01025], [34.16325, -0.01025]]], [[[34.16625, -0.01025], [34.16625, -0.00975], [34.16575, -0.00975], [34.16575, -0.01025], [34.166, -0.01025], [34.166, -0.0105], [34.1665, -0.0105], [34.1665, -0.01025], [34.16625, -0.01025]]], [[[34.15925, -0.00975], [34.159, -0.00975], [34.159, -0.01], [34.15925, -0.01], [34.15925, -0.00975]]], [[[34.169, -0.00925], [34.169, -0.009000000000000001], [34.16875, -0.009000000000000001], [34.16875, -0.00925], [34.169, -0.00925]]], [[[34.16925, -0.008], [34.16925, -0.00825], [34.169, -0.00825], [34.169, -0.0085], [34.16925, -0.0085], [34.16925, -0.009000000000000001], [34.16975, -0.009000000000000001], [34.16975, -0.00825], [34.1695, -0.00825], [34.1695, -0.008], [34.16925, -0.008]]], [[[34.18275, -0.00925], [34.18275, -0.009000000000000001], [34.183, -0.009000000000000001], [34.183, -0.0085], [34.1825, -0.0085], [34.1825, -0.008], [34.1815, -0.008], [34.1815, -0.00775], [34.18125, -0.00775], [34.18125, -0.0075], [34.18075, -0.0075], [34.18075, -0.00775], [34.181, -0.00775], [34.181, -0.008], [34.18125, -0.008], [34.18125, -0.0085], [34.1815, -0.0085], [34.1815, -0.009000000000000001], [34.18225, -0.009000000000000001], [34.18225, -0.00925], [34.18275, -0.00925]]], [[[34.0345, -0.0085], [34.0345, -0.00975], [34.03475, -0.00975], [34.03475, -0.0095], [34.035, -0.0095], [34.035, -0.00925], [34.03475, -0.00925], [34.03475, -0.00825], [34.0345, -0.00825], [34.0345, -0.00675], [34.03425, -0.00675], [34.03425, -0.0085], [34.0345, -0.0085]]], [[[34.18075, -0.0075], [34.18075, -0.00725], [34.1805, -0.00725], [34.1805, -0.0075], [34.18075, -0.0075]]], [[[34.00475, -0.00725], [34.00475, -0.007], [34.0045, -0.007], [34.0045, -0.00725], [34.00475, -0.00725]]], [[[34.035, -0.00675], [34.035, -0.006500000000000001], [34.03475, -0.006500000000000001], [34.03475, -0.00675], [34.035, -0.00675]]], [[[34.1765, -0.00625], [34.1765, -0.00475], [34.17675, -0.00475], [34.17675, -0.0032500000000000003], [34.1765, -0.0032500000000000003], [34.1765, -0.003], [34.17625, -0.003], [34.17625, -0.00275], [34.175, -0.00275], [34.175, -0.0025], [34.17425, -0.0025], [34.17425, -0.00275], [34.174, -0.00275], [34.174, -0.0032500000000000003], [34.17375, -0.0032500000000000003], [34.17375, -0.00375], [34.1735, -0.00375], [34.1735, -0.004], [34.17325, -0.004], [34.17325, -0.0045000000000000005], [34.173, -0.0045000000000000005], [34.173, -0.005], [34.17275, -0.005], [34.17275, -0.00575], [34.1725, -0.00575], [34.1725, -0.006], [34.17225, -0.006], [34.17225, -0.006500000000000001], [34.172, -0.006500000000000001], [34.172, -0.007], [34.17175, -0.007], [34.17175, -0.0075], [34.17125, -0.0075], [34.17125, -0.00775], [34.171, -0.00775], [34.171, -0.00825], [34.17075, -0.00825], [34.17075, -0.009000000000000001], [34.1705, -0.009000000000000001], [34.1705, -0.00975], [34.171, -0.00975], [34.171, -0.01], [34.17125, -0.01], [34.17125, -0.01025], [34.17175, -0.01025], [34.17175, -0.01], [34.172, -0.01], [34.172, -0.0095], [34.17225, -0.0095], [34.17225, -0.00925], [34.1725, -0.00925], [34.1725, -0.009000000000000001], [34.17275, -0.009000000000000001], [34.17275, -0.0085], [34.173, -0.0085], [34.173, -0.00825], [34.17325, -0.00825], [34.17325, -0.00775], [34.1735, -0.00775], [34.1735, -0.007], [34.17375, -0.007], [34.17375, -0.00675], [34.174, -0.00675], [34.174, -0.00625], [34.17425, -0.00625], [34.17425, -0.006], [34.1755, -0.006], [34.1755, -0.00625], [34.1765, -0.00625]]], [[[34.03525, -0.006500000000000001], [34.03525, -0.00625], [34.035, -0.00625], [34.035, -0.006500000000000001], [34.03525, -0.006500000000000001]]], [[[34.031, -0.006], [34.031, -0.0055], [34.03, -0.0055], [34.03, -0.00575], [34.0295, -0.00575], [34.0295, -0.00625], [34.03, -0.00625], [34.03, -0.006], [34.031, -0.006]]], [[[34.1085, -0.00575], [34.1085, -0.0055], [34.10825, -0.0055], [34.10825, -0.00575], [34.1085, -0.00575]]], [[[34.1785, -0.006], [34.1785, -0.00625], [34.179, -0.00625], [34.179, -0.00575], [34.17875, -0.00575], [34.17875, -0.0055], [34.1785, -0.0055], [34.1785, -0.005], [34.178, -0.005], [34.178, -0.00475], [34.17775, -0.00475], [34.17775, -0.005], [34.1775, -0.005], [34.1775, -0.0055], [34.17775, -0.0055], [34.17775, -0.006], [34.1785, -0.006]]], [[[34.036, -0.00575], [34.036, -0.00625], [34.03625, -0.00625], [34.03625, -0.006], [34.03675, -0.006], [34.03675, -0.00575], [34.03725, -0.00575], [34.03725, -0.0055], [34.037, -0.0055], [34.037, -0.00475], [34.03675, -0.00475], [34.03675, -0.005], [34.03625, -0.005], [34.03625, -0.00575], [34.036, -0.00575]]], [[[34.02675, -0.005], [34.02675, -0.0055], [34.02575, -0.0055], [34.02575, -0.005], [34.02525, -0.005], [34.02525, -0.00475], [34.025, -0.00475], [34.025, -0.0045000000000000005], [34.02475, -0.0045000000000000005], [34.02475, -0.00425], [34.0245, -0.00425], [34.0245, -0.005], [34.02475, -0.005], [34.02475, -0.0055], [34.025, -0.0055], [34.025, -0.00575], [34.02525, -0.00575], [34.02525, -0.006], [34.02575, -0.006], [34.02575, -0.00625], [34.026, -0.00625], [34.026, -0.006], [34.02675, -0.006], [34.02675, -0.00625], [34.028, -0.00625], [34.028, -0.006], [34.02825, -0.006], [34.02825, -0.00575], [34.0275, -0.00575], [34.0275, -0.0055], [34.02725, -0.0055], [34.02725, -0.005], [34.02675, -0.005]]], [[[34.1615, -0.0032500000000000003], [34.16125, -0.0032500000000000003], [34.16125, -0.0035], [34.1615, -0.0035], [34.1615, -0.0032500000000000003]]], [[[34.135, -0.0025], [34.135, -0.0022500000000000003], [34.13475, -0.0022500000000000003], [34.13475, -0.0025], [34.135, -0.0025]]], [[[34.16025, 0.0], [34.16025, -0.0005], [34.15925, -0.0005], [34.15925, -0.00025], [34.159, -0.00025], [34.159, 0.0], [34.158, 0.0], [34.158, -0.001], [34.1585, -0.001], [34.1585, -0.00125], [34.15875, -0.00125], [34.15875, -0.0015], [34.159, -0.0015], [34.159, -0.002], [34.15875, -0.002], [34.15875, -0.0022500000000000003], [34.1585, -0.0022500000000000003], [34.1585, -0.0025], [34.15825, -0.0025], [34.15825, -0.003], [34.15875, -0.003], [34.15875, -0.0032500000000000003], [34.1585, -0.0032500000000000003], [34.1585, -0.004], [34.15875, -0.004], [34.15875, -0.00425], [34.159, -0.00425], [34.159, -0.0045000000000000005], [34.15925, -0.0045000000000000005], [34.15925, -0.00425], [34.1595, -0.00425], [34.1595, -0.00375], [34.16025, -0.00375], [34.16025, -0.0035], [34.1605, -0.0035], [34.1605, -0.00375], [34.16075, -0.00375], [34.16075, -0.0032500000000000003], [34.16125, -0.0032500000000000003], [34.16125, -0.003], [34.1615, -0.003], [34.1615, -0.00275], [34.16025, -0.00275], [34.16025, -0.0015], [34.1605, -0.0015], [34.1605, -0.002], [34.1615, -0.002], [34.1615, -0.00125], [34.16125, -0.00125], [34.16125, -0.001], [34.1615, -0.001], [34.1615, 0.0], [34.16025, 0.0]], [[34.159, -0.00125], [34.15875, -0.00125], [34.15875, -0.00075], [34.15975, -0.00075], [34.15975, -0.001], [34.159, -0.001], [34.159, -0.00125]], [[34.1605, -0.00125], [34.16, -0.00125], [34.16, -0.001], [34.1605, -0.001], [34.1605, -0.00125]], [[34.15975, -0.0015], [34.1595, -0.0015], [34.1595, -0.00125], [34.15975, -0.00125], [34.15975, -0.0015]], [[34.15975, -0.00275], [34.1595, -0.00275], [34.1595, -0.0025], [34.15975, -0.0025], [34.15975, -0.00275]]], [[[34.1665, -0.002], [34.1665, -0.0022500000000000003], [34.16675, -0.0022500000000000003], [34.16675, -0.0015], [34.16625, -0.0015], [34.16625, -0.002], [34.1665, -0.002]]], [[[34.1585, -0.0022500000000000003], [34.1585, -0.0015], [34.15825, -0.0015], [34.15825, -0.0022500000000000003], [34.1585, -0.0022500000000000003]]], [[[34.16625, -0.0015], [34.16625, -0.00125], [34.16575, -0.00125], [34.16575, -0.0015], [34.16625, -0.0015]]], [[[34.16225, -0.00025], [34.16225, -0.00075], [34.162, -0.00075], [34.162, -0.001], [34.16325, -0.001], [34.16325, -0.00075], [34.1625, -0.00075], [34.1625, -0.00025], [34.16275, -0.00025], [34.16275, 0.0], [34.162, 0.0], [34.162, -0.00025], [34.16225, -0.00025]]], [[[34.16375, 0.0], [34.16375, -0.00025], [34.16475, -0.00025], [34.16475, -0.0005], [34.165, -0.0005], [34.165, -0.00075], [34.16525, -0.00075], [34.16525, -0.0005], [34.16625, -0.0005], [34.16625, 0.0], [34.16375, 0.0]]], [[[34.08225, -0.00025], [34.08225, 0.0], [34.082, 0.0], [34.082, -0.00025], [34.08225, -0.00025]]], [[[34.15975, -0.00025], [34.15975, 0.0], [34.1595, 0.0], [34.1595, -0.00025], [34.15975, -0.00025]]], [[[34.34625, -0.544], [34.34625, -0.5437500000000001], [34.346, -0.5437500000000001], [34.346, -0.5445], [34.34625, -0.5445], [34.34625, -0.54475], [34.3465, -0.54475], [34.3465, -0.544], [34.34625, -0.544]]], [[[34.314, -0.5417500000000001], [34.314, -0.5415], [34.3135, -0.5415], [34.3135, -0.542], [34.31375, -0.542], [34.31375, -0.54225], [34.31425, -0.54225], [34.31425, -0.5417500000000001], [34.314, -0.5417500000000001]]], [[[34.4665, -0.52775], [34.4665, -0.5275], [34.46625, -0.5275], [34.46625, -0.52775], [34.4665, -0.52775]]], [[[34.4615, -0.52125], [34.4615, -0.521], [34.46125, -0.521], [34.46125, -0.52125], [34.4615, -0.52125]]], [[[34.32275, -0.51275], [34.32275, -0.51375], [34.323, -0.51375], [34.323, -0.51425], [34.32325, -0.51425], [34.32325, -0.51475], [34.324, -0.51475], [34.324, -0.51375], [34.32425, -0.51375], [34.32425, -0.51175], [34.32225, -0.51175], [34.32225, -0.51225], [34.3225, -0.51225], [34.3225, -0.51275], [34.32275, -0.51275]]], [[[34.492, -0.45075], [34.4925, -0.45075], [34.4925, -0.4505], [34.49225, -0.4505], [34.49225, -0.45025], [34.492, -0.45025], [34.492, -0.45], [34.49175, -0.45], [34.49175, -0.44975], [34.49125, -0.44975], [34.49125, -0.45], [34.4915, -0.45], [34.4915, -0.45025], [34.49175, -0.45025], [34.49175, -0.4505], [34.492, -0.4505], [34.492, -0.45075]]], [[[34.4935, -0.449], [34.49375, -0.449], [34.49375, -0.4485], [34.4935, -0.4485], [34.4935, -0.449]]], [[[34.494, -0.44825], [34.49375, -0.44825], [34.49375, -0.4485], [34.494, -0.4485], [34.494, -0.44825]]], [[[34.49125, -0.34700000000000003], [34.4915, -0.34700000000000003], [34.4915, -0.34675], [34.49125, -0.34675], [34.49125, -0.34700000000000003]]], [[[34.49175, -0.34650000000000003], [34.4915, -0.34650000000000003], [34.4915, -0.34675], [34.49175, -0.34675], [34.49175, -0.34650000000000003]]], [[[34.30475, -0.2965], [34.30475, -0.296], [34.3045, -0.296], [34.3045, -0.2965], [34.30475, -0.2965]]], [[[34.16625, -0.5357500000000001], [34.16625, -0.5355], [34.1665, -0.5355], [34.1665, -0.5337500000000001], [34.16625, -0.5337500000000001], [34.16625, -0.53425], [34.166, -0.53425], [34.166, -0.5345], [34.16575, -0.5345], [34.16575, -0.5335], [34.1655, -0.5335], [34.1655, -0.53325], [34.16525, -0.53325], [34.16525, -0.5325], [34.165, -0.5325], [34.165, -0.5317500000000001], [34.16525, -0.5317500000000001], [34.16525, -0.53], [34.1655, -0.53], [34.1655, -0.52975], [34.16575, -0.52975], [34.16575, -0.52875], [34.1655, -0.52875], [34.1655, -0.5285], [34.16525, -0.5285], [34.16525, -0.528], [34.16575, -0.528], [34.16575, -0.52775], [34.1655, -0.52775], [34.1655, -0.52725], [34.16525, -0.52725], [34.16525, -0.5265], [34.1655, -0.5265], [34.1655, -0.526], [34.16525, -0.526], [34.16525, -0.5245], [34.16475, -0.5245], [34.16475, -0.52375], [34.16425, -0.52375], [34.16425, -0.522], [34.164, -0.522], [34.164, -0.52175], [34.16375, -0.52175], [34.16375, -0.5205], [34.164, -0.5205], [34.164, -0.5195], [34.16425, -0.5195], [34.16425, -0.51775], [34.164, -0.51775], [34.164, -0.5165], [34.16425, -0.5165], [34.16425, -0.51425], [34.164, -0.51425], [34.164, -0.514], [34.16425, -0.514], [34.16425, -0.51375], [34.164, -0.51375], [34.164, -0.51275], [34.16375, -0.51275], [34.16375, -0.51025], [34.1635, -0.51025], [34.1635, -0.51], [34.16325, -0.51], [34.16325, -0.5095000000000001], [34.163, -0.5095000000000001], [34.163, -0.50925], [34.1625, -0.50925], [34.1625, -0.5085000000000001], [34.16225, -0.5085000000000001], [34.16225, -0.50775], [34.162, -0.50775], [34.162, -0.507], [34.16175, -0.507], [34.16175, -0.5045000000000001], [34.162, -0.5045000000000001], [34.162, -0.50075], [34.16225, -0.50075], [34.16225, -0.49975], [34.1625, -0.49975], [34.1625, -0.49925], [34.16275, -0.49925], [34.16275, -0.49875], [34.16375, -0.49875], [34.16375, -0.49825], [34.164, -0.49825], [34.164, -0.49725], [34.16425, -0.49725], [34.16425, -0.4965], [34.16475, -0.4965], [34.16475, -0.49625], [34.165, -0.49625], [34.165, -0.4955], [34.16525, -0.4955], [34.16525, -0.49375], [34.1655, -0.49375], [34.1655, -0.49325], [34.16525, -0.49325], [34.16525, -0.493], [34.1655, -0.493], [34.1655, -0.49225], [34.16525, -0.49225], [34.16525, -0.49125], [34.1655, -0.49125], [34.1655, -0.49075], [34.16525, -0.49075], [34.16525, -0.48875], [34.165, -0.48875], [34.165, -0.48725], [34.16475, -0.48725], [34.16475, -0.486], [34.16425, -0.486], [34.16425, -0.48575], [34.164, -0.48575], [34.164, -0.48525], [34.16425, -0.48525], [34.16425, -0.485], [34.16475, -0.485], [34.16475, -0.48475], [34.165, -0.48475], [34.165, -0.48375], [34.16525, -0.48375], [34.16525, -0.4835], [34.16575, -0.4835], [34.16575, -0.48225], [34.166, -0.48225], [34.166, -0.48175], [34.16625, -0.48175], [34.16625, -0.4815], [34.16675, -0.4815], [34.16675, -0.48125], [34.167, -0.48125], [34.167, -0.481], [34.16725, -0.481], [34.16725, -0.48075], [34.1675, -0.48075], [34.1675, -0.4805], [34.16775, -0.4805], [34.16775, -0.48025], [34.16825, -0.48025], [34.16825, -0.48], [34.169, -0.48], [34.169, -0.47975], [34.16925, -0.47975], [34.16925, -0.47950000000000004], [34.1695, -0.47950000000000004], [34.1695, -0.47925], [34.16975, -0.47925], [34.16975, -0.47900000000000004], [34.17, -0.47900000000000004], [34.17, -0.47850000000000004], [34.17025, -0.47850000000000004], [34.17025, -0.47825], [34.1705, -0.47825], [34.1705, -0.47800000000000004], [34.171, -0.47800000000000004], [34.171, -0.47775], [34.17125, -0.47775], [34.17125, -0.47750000000000004], [34.17175, -0.47750000000000004], [34.17175, -0.47700000000000004], [34.172, -0.47700000000000004], [34.172, -0.47650000000000003], [34.17225, -0.47650000000000003], [34.17225, -0.47575], [34.1725, -0.47575], [34.1725, -0.47550000000000003], [34.17275, -0.47550000000000003], [34.17275, -0.47500000000000003], [34.173, -0.47500000000000003], [34.173, -0.47475], [34.17325, -0.47475], [34.17325, -0.47450000000000003], [34.1735, -0.47450000000000003], [34.1735, -0.47425], [34.17375, -0.47425], [34.17375, -0.47400000000000003], [34.174, -0.47400000000000003], [34.174, -0.47375], [34.17425, -0.47375], [34.17425, -0.47350000000000003], [34.175, -0.47350000000000003], [34.175, -0.47300000000000003], [34.17525, -0.47300000000000003], [34.17525, -0.47250000000000003], [34.1755, -0.47250000000000003], [34.1755, -0.47200000000000003], [34.17575, -0.47200000000000003], [34.17575, -0.47125], [34.176, -0.47125], [34.176, -0.47050000000000003], [34.17625, -0.47050000000000003], [34.17625, -0.47025], [34.17675, -0.47025], [34.17675, -0.46975], [34.177, -0.46975], [34.177, -0.46950000000000003], [34.17725, -0.46950000000000003], [34.17725, -0.46925], [34.1775, -0.46925], [34.1775, -0.46900000000000003], [34.178, -0.46900000000000003], [34.178, -0.46875], [34.1785, -0.46875], [34.1785, -0.4685], [34.17875, -0.4685], [34.17875, -0.468], [34.179, -0.468], [34.179, -0.46775], [34.17925, -0.46775], [34.17925, -0.4675], [34.1795, -0.4675], [34.1795, -0.46725], [34.17975, -0.46725], [34.17975, -0.46675], [34.18, -0.46675], [34.18, -0.4665], [34.1805, -0.4665], [34.1805, -0.46625], [34.18075, -0.46625], [34.18075, -0.466], [34.181, -0.466], [34.181, -0.46575], [34.1815, -0.46575], [34.1815, -0.4655], [34.18225, -0.4655], [34.18225, -0.465], [34.1825, -0.465], [34.1825, -0.46425], [34.18275, -0.46425], [34.18275, -0.464], [34.183, -0.464], [34.183, -0.4635], [34.18375, -0.4635], [34.18375, -0.463], [34.184, -0.463], [34.184, -0.46275], [34.18425, -0.46275], [34.18425, -0.4625], [34.1845, -0.4625], [34.1845, -0.462], [34.18475, -0.462], [34.18475, -0.46225], [34.186, -0.46225], [34.186, -0.46125], [34.187, -0.46125], [34.187, -0.461], [34.18675, -0.461], [34.18675, -0.4605], [34.188, -0.4605], [34.188, -0.46075], [34.18825, -0.46075], [34.18825, -0.4605], [34.1895, -0.4605], [34.1895, -0.46025], [34.18975, -0.46025], [34.18975, -0.46], [34.19, -0.46], [34.19, -0.45975], [34.19025, -0.45975], [34.19025, -0.4595], [34.1905, -0.4595], [34.1905, -0.45925], [34.19075, -0.45925], [34.19075, -0.45875], [34.191, -0.45875], [34.191, -0.4585], [34.19175, -0.4585], [34.19175, -0.45775], [34.19225, -0.45775], [34.19225, -0.45725], [34.1925, -0.45725], [34.1925, -0.457], [34.193, -0.457], [34.193, -0.45675], [34.19325, -0.45675], [34.19325, -0.45625], [34.1935, -0.45625], [34.1935, -0.4555], [34.19375, -0.4555], [34.19375, -0.45525], [34.19425, -0.45525], [34.19425, -0.455], [34.1945, -0.455], [34.1945, -0.45475], [34.19475, -0.45475], [34.19475, -0.454], [34.195, -0.454], [34.195, -0.45375], [34.19525, -0.45375], [34.19525, -0.45325], [34.19575, -0.45325], [34.19575, -0.45175], [34.196, -0.45175], [34.196, -0.4515], [34.19625, -0.4515], [34.19625, -0.45125], [34.1965, -0.45125], [34.1965, -0.45075], [34.19675, -0.45075], [34.19675, -0.4505], [34.197, -0.4505], [34.197, -0.449], [34.19725, -0.449], [34.19725, -0.44775000000000004], [34.1975, -0.44775000000000004], [34.1975, -0.4465], [34.19775, -0.4465], [34.19775, -0.44625000000000004], [34.198, -0.44625000000000004], [34.198, -0.4455], [34.19825, -0.4455], [34.19825, -0.44525000000000003], [34.1985, -0.44525000000000003], [34.1985, -0.445], [34.19875, -0.445], [34.19875, -0.44475000000000003], [34.19925, -0.44475000000000003], [34.19925, -0.44275000000000003], [34.19975, -0.44275000000000003], [34.19975, -0.4425], [34.2, -0.4425], [34.2, -0.442], [34.20025, -0.442], [34.20025, -0.44175000000000003], [34.2005, -0.44175000000000003], [34.2005, -0.44125000000000003], [34.20075, -0.44125000000000003], [34.20075, -0.4405], [34.201, -0.4405], [34.201, -0.44025000000000003], [34.20125, -0.44025000000000003], [34.20125, -0.43975000000000003], [34.2015, -0.43975000000000003], [34.2015, -0.439], [34.20175, -0.439], [34.20175, -0.4375], [34.2015, -0.4375], [34.2015, -0.437], [34.20175, -0.437], [34.20175, -0.43675], [34.202, -0.43675], [34.202, -0.4365], [34.20225, -0.4365], [34.20225, -0.43625], [34.20275, -0.43625], [34.20275, -0.436], [34.203, -0.436], [34.203, -0.43475], [34.20325, -0.43475], [34.20325, -0.43425], [34.2035, -0.43425], [34.2035, -0.4335], [34.204, -0.4335], [34.204, -0.433], [34.20425, -0.433], [34.20425, -0.4325], [34.2045, -0.4325], [34.2045, -0.432], [34.20475, -0.432], [34.20475, -0.43075], [34.2045, -0.43075], [34.2045, -0.43], [34.20425, -0.43], [34.20425, -0.429], [34.204, -0.429], [34.204, -0.42875], [34.20375, -0.42875], [34.20375, -0.428], [34.204, -0.428], [34.204, -0.42625], [34.20425, -0.42625], [34.20425, -0.4255], [34.204, -0.4255], [34.204, -0.42475], [34.20425, -0.42475], [34.20425, -0.424], [34.20475, -0.424], [34.20475, -0.423], [34.20525, -0.423], [34.20525, -0.4225], [34.2055, -0.4225], [34.2055, -0.42225], [34.20575, -0.42225], [34.20575, -0.422], [34.20625, -0.422], [34.20625, -0.42125], [34.2065, -0.42125], [34.2065, -0.42025], [34.20625, -0.42025], [34.20625, -0.41925], [34.20575, -0.41925], [34.20575, -0.41875], [34.2065, -0.41875], [34.2065, -0.41925], [34.20675, -0.41925], [34.20675, -0.4195], [34.207, -0.4195], [34.207, -0.41975], [34.20725, -0.41975], [34.20725, -0.4205], [34.2075, -0.4205], [34.2075, -0.421], [34.20825, -0.421], [34.20825, -0.42125], [34.20875, -0.42125], [34.20875, -0.4215], [34.209, -0.4215], [34.209, -0.422], [34.20925, -0.422], [34.20925, -0.4225], [34.20975, -0.4225], [34.20975, -0.423], [34.21, -0.423], [34.21, -0.42375], [34.21025, -0.42375], [34.21025, -0.426], [34.2105, -0.426], [34.2105, -0.42775], [34.21025, -0.42775], [34.21025, -0.42825], [34.21, -0.42825], [34.21, -0.4295], [34.20975, -0.4295], [34.20975, -0.42975], [34.21, -0.42975], [34.21, -0.4305], [34.21025, -0.4305], [34.21025, -0.43125], [34.2105, -0.43125], [34.2105, -0.432], [34.21075, -0.432], [34.21075, -0.43225], [34.211, -0.43225], [34.211, -0.4325], [34.21125, -0.4325], [34.21125, -0.43275], [34.2115, -0.43275], [34.2115, -0.433], [34.21175, -0.433], [34.21175, -0.43325], [34.21425, -0.43325], [34.21425, -0.4335], [34.2145, -0.4335], [34.2145, -0.43425], [34.21475, -0.43425], [34.21475, -0.4345], [34.215, -0.4345], [34.215, -0.435], [34.21525, -0.435], [34.21525, -0.43525], [34.2155, -0.43525], [34.2155, -0.4355], [34.21575, -0.4355], [34.21575, -0.436], [34.216, -0.436], [34.216, -0.43625], [34.2165, -0.43625], [34.2165, -0.4365], [34.217, -0.4365], [34.217, -0.43675], [34.21775, -0.43675], [34.21775, -0.437], [34.21875, -0.437], [34.21875, -0.4375], [34.22025, -0.4375], [34.22025, -0.43775000000000003], [34.2205, -0.43775000000000003], [34.2205, -0.4375], [34.22175, -0.4375], [34.22175, -0.43775000000000003], [34.222, -0.43775000000000003], [34.222, -0.4375], [34.22275, -0.4375], [34.22275, -0.437], [34.22375, -0.437], [34.22375, -0.43675], [34.2245, -0.43675], [34.2245, -0.4365], [34.22475, -0.4365], [34.22475, -0.43625], [34.225, -0.43625], [34.225, -0.436], [34.22525, -0.436], [34.22525, -0.43575], [34.2255, -0.43575], [34.2255, -0.4355], [34.22775, -0.4355], [34.22775, -0.43575], [34.2285, -0.43575], [34.2285, -0.436], [34.229, -0.436], [34.229, -0.43625], [34.22975, -0.43625], [34.22975, -0.4365], [34.23, -0.4365], [34.23, -0.43675], [34.23075, -0.43675], [34.23075, -0.437], [34.231, -0.437], [34.231, -0.4375], [34.23175, -0.4375], [34.23175, -0.43775000000000003], [34.23225, -0.43775000000000003], [34.23225, -0.438], [34.2325, -0.438], [34.2325, -0.43825000000000003], [34.23275, -0.43825000000000003], [34.23275, -0.4385], [34.233, -0.4385], [34.233, -0.43875000000000003], [34.23325, -0.43875000000000003], [34.23325, -0.439], [34.23375, -0.439], [34.23375, -0.43925000000000003], [34.234, -0.43925000000000003], [34.234, -0.4395], [34.23425, -0.4395], [34.23425, -0.43975000000000003], [34.23775, -0.43975000000000003], [34.23775, -0.44], [34.24125, -0.44], [34.24125, -0.44025000000000003], [34.2425, -0.44025000000000003], [34.2425, -0.4405], [34.243, -0.4405], [34.243, -0.44025000000000003], [34.24375, -0.44025000000000003], [34.24375, -0.44], [34.2445, -0.44], [34.2445, -0.43975000000000003], [34.245, -0.43975000000000003], [34.245, -0.4395], [34.24525, -0.4395], [34.24525, -0.43925000000000003], [34.2455, -0.43925000000000003], [34.2455, -0.439], [34.24575, -0.439], [34.24575, -0.438], [34.246, -0.438], [34.246, -0.437], [34.24625, -0.437], [34.24625, -0.43675], [34.2465, -0.43675], [34.2465, -0.4365], [34.247, -0.4365], [34.247, -0.436], [34.24725, -0.436], [34.24725, -0.43575], [34.24825, -0.43575], [34.24825, -0.436], [34.2495, -0.436], [34.2495, -0.43625], [34.24975, -0.43625], [34.24975, -0.4365], [34.25, -0.4365], [34.25, -0.43675], [34.2505, -0.43675], [34.2505, -0.437], [34.2525, -0.437], [34.2525, -0.43675], [34.25375, -0.43675], [34.25375, -0.4365], [34.2545, -0.4365], [34.2545, -0.43625], [34.25475, -0.43625], [34.25475, -0.436], [34.255, -0.436], [34.255, -0.43575], [34.2555, -0.43575], [34.2555, -0.436], [34.25575, -0.436], [34.25575, -0.4365], [34.2555, -0.4365], [34.2555, -0.437], [34.25525, -0.437], [34.25525, -0.43775000000000003], [34.255, -0.43775000000000003], [34.255, -0.439], [34.25475, -0.439], [34.25475, -0.43925000000000003], [34.2545, -0.43925000000000003], [34.2545, -0.4405], [34.25475, -0.4405], [34.25475, -0.441], [34.255, -0.441], [34.255, -0.44125000000000003], [34.25525, -0.44125000000000003], [34.25525, -0.4415], [34.2555, -0.4415], [34.2555, -0.44175000000000003], [34.25575, -0.44175000000000003], [34.25575, -0.4425], [34.25825, -0.4425], [34.25825, -0.44275000000000003], [34.25875, -0.44275000000000003], [34.25875, -0.443], [34.259, -0.443], [34.259, -0.44325000000000003], [34.2595, -0.44325000000000003], [34.2595, -0.4435], [34.2615, -0.4435], [34.2615, -0.44375000000000003], [34.26175, -0.44375000000000003], [34.26175, -0.4445], [34.2615, -0.4445], [34.2615, -0.44475000000000003], [34.261, -0.44475000000000003], [34.261, -0.4455], [34.26075, -0.4455], [34.26075, -0.446], [34.2605, -0.446], [34.2605, -0.44625000000000004], [34.26025, -0.44625000000000004], [34.26025, -0.44675000000000004], [34.26, -0.44675000000000004], [34.26, -0.448], [34.26025, -0.448], [34.26025, -0.4485], [34.2605, -0.4485], [34.2605, -0.449], [34.26075, -0.449], [34.26075, -0.4495], [34.261, -0.4495], [34.261, -0.45], [34.2615, -0.45], [34.2615, -0.4505], [34.26175, -0.4505], [34.26175, -0.45075], [34.262, -0.45075], [34.262, -0.45125], [34.2625, -0.45125], [34.2625, -0.4515], [34.263, -0.4515], [34.263, -0.45175], [34.26325, -0.45175], [34.26325, -0.452], [34.2635, -0.452], [34.2635, -0.45225], [34.264, -0.45225], [34.264, -0.4525], [34.26525, -0.4525], [34.26525, -0.45225], [34.266, -0.45225], [34.266, -0.452], [34.2665, -0.452], [34.2665, -0.45175], [34.267, -0.45175], [34.267, -0.4515], [34.26725, -0.4515], [34.26725, -0.45125], [34.268, -0.45125], [34.268, -0.45075], [34.2685, -0.45075], [34.2685, -0.4505], [34.26875, -0.4505], [34.26875, -0.45025], [34.26925, -0.45025], [34.26925, -0.45], [34.2695, -0.45], [34.2695, -0.44975], [34.2705, -0.44975], [34.2705, -0.45], [34.271, -0.45], [34.271, -0.45025], [34.2725, -0.45025], [34.2725, -0.4505], [34.27275, -0.4505], [34.27275, -0.45075], [34.273, -0.45075], [34.273, -0.45125], [34.27275, -0.45125], [34.27275, -0.4515], [34.2725, -0.4515], [34.2725, -0.45175], [34.27225, -0.45175], [34.27225, -0.452], [34.272, -0.452], [34.272, -0.45225], [34.27175, -0.45225], [34.27175, -0.4525], [34.27125, -0.4525], [34.27125, -0.4535], [34.271, -0.4535], [34.271, -0.454], [34.27125, -0.454], [34.27125, -0.45425], [34.27175, -0.45425], [34.27175, -0.455], [34.27225, -0.455], [34.27225, -0.45525], [34.27275, -0.45525], [34.27275, -0.4555], [34.273, -0.4555], [34.273, -0.45575], [34.27325, -0.45575], [34.27325, -0.456], [34.27375, -0.456], [34.27375, -0.45625], [34.274, -0.45625], [34.274, -0.45675], [34.2745, -0.45675], [34.2745, -0.457], [34.27725, -0.457], [34.27725, -0.45675], [34.278, -0.45675], [34.278, -0.4565], [34.279, -0.4565], [34.279, -0.45625], [34.27925, -0.45625], [34.27925, -0.456], [34.27975, -0.456], [34.27975, -0.45575], [34.28125, -0.45575], [34.28125, -0.456], [34.2825, -0.456], [34.2825, -0.45575], [34.283, -0.45575], [34.283, -0.4555], [34.28325, -0.4555], [34.28325, -0.45525], [34.2835, -0.45525], [34.2835, -0.455], [34.28375, -0.455], [34.28375, -0.45525], [34.28425, -0.45525], [34.28425, -0.4555], [34.2845, -0.4555], [34.2845, -0.45575], [34.28475, -0.45575], [34.28475, -0.456], [34.28575, -0.456], [34.28575, -0.4565], [34.28525, -0.4565], [34.28525, -0.457], [34.285, -0.457], [34.285, -0.45725], [34.28475, -0.45725], [34.28475, -0.4575], [34.2825, -0.4575], [34.2825, -0.45775], [34.28175, -0.45775], [34.28175, -0.45825], [34.2815, -0.45825], [34.2815, -0.4585], [34.28125, -0.4585], [34.28125, -0.45825], [34.281, -0.45825], [34.281, -0.45775], [34.27975, -0.45775], [34.27975, -0.45825], [34.27925, -0.45825], [34.27925, -0.4585], [34.279, -0.4585], [34.279, -0.45875], [34.27875, -0.45875], [34.27875, -0.45925], [34.27825, -0.45925], [34.27825, -0.46], [34.27875, -0.46], [34.27875, -0.46175], [34.279, -0.46175], [34.279, -0.4625], [34.27925, -0.4625], [34.27925, -0.46325], [34.279, -0.46325], [34.279, -0.46425], [34.27925, -0.46425], [34.27925, -0.465], [34.28025, -0.465], [34.28025, -0.46525], [34.2805, -0.46525], [34.2805, -0.46575], [34.28075, -0.46575], [34.28075, -0.466], [34.28125, -0.466], [34.28125, -0.4665], [34.2815, -0.4665], [34.2815, -0.46675], [34.28175, -0.46675], [34.28175, -0.467], [34.28225, -0.467], [34.28225, -0.46725], [34.283, -0.46725], [34.283, -0.46775], [34.2835, -0.46775], [34.2835, -0.468], [34.28425, -0.468], [34.28425, -0.4685], [34.2845, -0.4685], [34.2845, -0.46900000000000003], [34.28425, -0.46900000000000003], [34.28425, -0.47150000000000003], [34.2845, -0.47150000000000003], [34.2845, -0.47225], [34.28475, -0.47225], [34.28475, -0.47250000000000003], [34.285, -0.47250000000000003], [34.285, -0.47325], [34.28575, -0.47325], [34.28575, -0.47350000000000003], [34.28625, -0.47350000000000003], [34.28625, -0.47375], [34.2865, -0.47375], [34.2865, -0.47400000000000003], [34.28775, -0.47400000000000003], [34.28775, -0.47425], [34.29, -0.47425], [34.29, -0.47450000000000003], [34.29025, -0.47450000000000003], [34.29025, -0.47475], [34.29175, -0.47475], [34.29175, -0.47500000000000003], [34.2925, -0.47500000000000003], [34.2925, -0.47550000000000003], [34.29375, -0.47550000000000003], [34.29375, -0.47575], [34.29425, -0.47575], [34.29425, -0.47550000000000003], [34.2945, -0.47550000000000003], [34.2945, -0.47575], [34.296, -0.47575], [34.296, -0.47600000000000003], [34.2965, -0.47600000000000003], [34.2965, -0.47625], [34.29725, -0.47625], [34.29725, -0.47650000000000003], [34.2975, -0.47650000000000003], [34.2975, -0.47675], [34.298, -0.47675], [34.298, -0.47700000000000004], [34.29875, -0.47700000000000004], [34.29875, -0.47725], [34.3015, -0.47725], [34.3015, -0.47700000000000004], [34.30175, -0.47700000000000004], [34.30175, -0.47675], [34.302, -0.47675], [34.302, -0.47700000000000004], [34.30325, -0.47700000000000004], [34.30325, -0.47725], [34.3035, -0.47725], [34.3035, -0.47775], [34.30375, -0.47775], [34.30375, -0.47800000000000004], [34.304, -0.47800000000000004], [34.304, -0.47825], [34.3045, -0.47825], [34.3045, -0.47850000000000004], [34.30475, -0.47850000000000004], [34.30475, -0.47900000000000004], [34.30725, -0.47900000000000004], [34.30725, -0.47925], [34.3075, -0.47925], [34.3075, -0.47950000000000004], [34.30775, -0.47950000000000004], [34.30775, -0.47975], [34.308, -0.47975], [34.308, -0.48], [34.30825, -0.48], [34.30825, -0.48025], [34.309, -0.48025], [34.309, -0.4805], [34.31025, -0.4805], [34.31025, -0.48075], [34.31075, -0.48075], [34.31075, -0.481], [34.3115, -0.481], [34.3115, -0.48125], [34.312, -0.48125], [34.312, -0.4815], [34.31225, -0.4815], [34.31225, -0.48175], [34.3125, -0.48175], [34.3125, -0.48225], [34.31275, -0.48225], [34.31275, -0.4825], [34.31325, -0.4825], [34.31325, -0.48275], [34.31275, -0.48275], [34.31275, -0.483], [34.31325, -0.483], [34.31325, -0.48325], [34.314, -0.48325], [34.314, -0.483], [34.31425, -0.483], [34.31425, -0.48275], [34.31475, -0.48275], [34.31475, -0.4825], [34.31525, -0.4825], [34.31525, -0.48225], [34.3155, -0.48225], [34.3155, -0.48175], [34.31625, -0.48175], [34.31625, -0.48225], [34.317, -0.48225], [34.317, -0.4825], [34.3175, -0.4825], [34.3175, -0.48275], [34.318, -0.48275], [34.318, -0.4825], [34.31825, -0.4825], [34.31825, -0.48225], [34.31875, -0.48225], [34.31875, -0.48175], [34.319, -0.48175], [34.319, -0.4815], [34.31925, -0.4815], [34.31925, -0.48125], [34.319, -0.48125], [34.319, -0.481], [34.31875, -0.481], [34.31875, -0.4805], [34.3185, -0.4805], [34.3185, -0.48025], [34.31825, -0.48025], [34.31825, -0.48], [34.31775, -0.48], [34.31775, -0.47975], [34.3175, -0.47975], [34.3175, -0.47950000000000004], [34.317, -0.47950000000000004], [34.317, -0.47925], [34.31625, -0.47925], [34.31625, -0.47900000000000004], [34.31575, -0.47900000000000004], [34.31575, -0.47850000000000004], [34.3155, -0.47850000000000004], [34.3155, -0.47775], [34.31525, -0.47775], [34.31525, -0.47750000000000004], [34.3145, -0.47750000000000004], [34.3145, -0.47725], [34.31425, -0.47725], [34.31425, -0.47675], [34.314, -0.47675], [34.314, -0.47500000000000003], [34.3135, -0.47500000000000003], [34.3135, -0.47425], [34.31325, -0.47425], [34.31325, -0.47300000000000003], [34.31275, -0.47300000000000003], [34.31275, -0.47275], [34.3125, -0.47275], [34.3125, -0.47250000000000003], [34.31225, -0.47250000000000003], [34.31225, -0.47200000000000003], [34.312, -0.47200000000000003], [34.312, -0.47150000000000003], [34.3115, -0.47150000000000003], [34.3115, -0.47125], [34.311, -0.47125], [34.311, -0.47100000000000003], [34.30975, -0.47100000000000003], [34.30975, -0.47075], [34.30875, -0.47075], [34.30875, -0.47050000000000003], [34.30825, -0.47050000000000003], [34.30825, -0.47000000000000003], [34.308, -0.47000000000000003], [34.308, -0.46975], [34.3075, -0.46975], [34.3075, -0.46950000000000003], [34.30725, -0.46950000000000003], [34.30725, -0.46925], [34.306, -0.46925], [34.306, -0.46900000000000003], [34.3055, -0.46900000000000003], [34.3055, -0.46875], [34.30525, -0.46875], [34.30525, -0.4685], [34.3045, -0.4685], [34.3045, -0.468], [34.30375, -0.468], [34.30375, -0.46775], [34.3035, -0.46775], [34.3035, -0.4675], [34.30325, -0.4675], [34.30325, -0.467], [34.303, -0.467], [34.303, -0.46575], [34.3025, -0.46575], [34.3025, -0.4655], [34.303, -0.4655], [34.303, -0.46525], [34.3035, -0.46525], [34.3035, -0.4655], [34.304, -0.4655], [34.304, -0.46525], [34.30575, -0.46525], [34.30575, -0.465], [34.3065, -0.465], [34.3065, -0.4645], [34.30675, -0.4645], [34.30675, -0.464], [34.307, -0.464], [34.307, -0.4635], [34.30725, -0.4635], [34.30725, -0.4625], [34.3075, -0.4625], [34.3075, -0.46225], [34.308, -0.46225], [34.308, -0.4625], [34.30875, -0.4625], [34.30875, -0.46275], [34.30925, -0.46275], [34.30925, -0.463], [34.31025, -0.463], [34.31025, -0.46325], [34.31075, -0.46325], [34.31075, -0.463], [34.31125, -0.463], [34.31125, -0.46275], [34.31175, -0.46275], [34.31175, -0.4625], [34.312, -0.4625], [34.312, -0.46225], [34.31225, -0.46225], [34.31225, -0.46175], [34.3125, -0.46175], [34.3125, -0.46125], [34.31275, -0.46125], [34.31275, -0.461], [34.31325, -0.461], [34.31325, -0.46075], [34.31375, -0.46075], [34.31375, -0.4605], [34.3145, -0.4605], [34.3145, -0.46025], [34.31475, -0.46025], [34.31475, -0.46], [34.315, -0.46], [34.315, -0.45975], [34.3155, -0.45975], [34.3155, -0.45925], [34.316, -0.45925], [34.316, -0.459], [34.31775, -0.459], [34.31775, -0.45875], [34.318, -0.45875], [34.318, -0.4585], [34.3185, -0.4585], [34.3185, -0.45775], [34.31875, -0.45775], [34.31875, -0.45725], [34.319, -0.45725], [34.319, -0.45675], [34.31925, -0.45675], [34.31925, -0.4565], [34.3195, -0.4565], [34.3195, -0.456], [34.31975, -0.456], [34.31975, -0.45425], [34.32025, -0.45425], [34.32025, -0.45375], [34.31975, -0.45375], [34.31975, -0.4525], [34.32025, -0.4525], [34.32025, -0.4505], [34.31975, -0.4505], [34.31975, -0.44975], [34.3205, -0.44975], [34.3205, -0.4495], [34.32125, -0.4495], [34.32125, -0.44975], [34.3215, -0.44975], [34.3215, -0.45], [34.32175, -0.45], [34.32175, -0.45025], [34.322, -0.45025], [34.322, -0.4505], [34.32225, -0.4505], [34.32225, -0.45075], [34.3225, -0.45075], [34.3225, -0.45125], [34.32325, -0.45125], [34.32325, -0.4525], [34.32375, -0.4525], [34.32375, -0.45275], [34.324, -0.45275], [34.324, -0.453], [34.32425, -0.453], [34.32425, -0.45325], [34.3245, -0.45325], [34.3245, -0.4535], [34.32475, -0.4535], [34.32475, -0.45375], [34.3245, -0.45375], [34.3245, -0.454], [34.324, -0.454], [34.324, -0.45425], [34.32375, -0.45425], [34.32375, -0.455], [34.32325, -0.455], [34.32325, -0.4555], [34.323, -0.4555], [34.323, -0.45625], [34.32275, -0.45625], [34.32275, -0.45775], [34.323, -0.45775], [34.323, -0.4585], [34.32325, -0.4585], [34.32325, -0.45875], [34.32375, -0.45875], [34.32375, -0.45925], [34.324, -0.45925], [34.324, -0.4595], [34.32425, -0.4595], [34.32425, -0.46], [34.3245, -0.46], [34.3245, -0.4605], [34.32475, -0.4605], [34.32475, -0.461], [34.325, -0.461], [34.325, -0.46175], [34.32525, -0.46175], [34.32525, -0.46275], [34.3255, -0.46275], [34.3255, -0.46325], [34.32575, -0.46325], [34.32575, -0.46575], [34.326, -0.46575], [34.326, -0.4665], [34.32625, -0.4665], [34.32625, -0.46675], [34.3265, -0.46675], [34.3265, -0.46725], [34.32675, -0.46725], [34.32675, -0.4675], [34.3275, -0.4675], [34.3275, -0.46775], [34.32775, -0.46775], [34.32775, -0.468], [34.328, -0.468], [34.328, -0.4685], [34.32825, -0.4685], [34.32825, -0.46875], [34.3285, -0.46875], [34.3285, -0.46900000000000003], [34.32875, -0.46900000000000003], [34.32875, -0.46925], [34.33075, -0.46925], [34.33075, -0.46950000000000003], [34.3315, -0.46950000000000003], [34.3315, -0.46975], [34.33225, -0.46975], [34.33225, -0.47000000000000003], [34.33275, -0.47000000000000003], [34.33275, -0.47025], [34.3335, -0.47025], [34.3335, -0.47050000000000003], [34.3345, -0.47050000000000003], [34.3345, -0.47075], [34.33525, -0.47075], [34.33525, -0.47100000000000003], [34.33575, -0.47100000000000003], [34.33575, -0.47125], [34.33625, -0.47125], [34.33625, -0.47150000000000003], [34.337, -0.47150000000000003], [34.337, -0.47225], [34.3375, -0.47225], [34.3375, -0.47275], [34.33775, -0.47275], [34.33775, -0.47375], [34.338, -0.47375], [34.338, -0.47475], [34.33775, -0.47475], [34.33775, -0.47550000000000003], [34.3375, -0.47550000000000003], [34.3375, -0.47575], [34.337, -0.47575], [34.337, -0.47600000000000003], [34.33675, -0.47600000000000003], [34.33675, -0.47625], [34.33625, -0.47625], [34.33625, -0.47650000000000003], [34.33575, -0.47650000000000003], [34.33575, -0.47675], [34.33525, -0.47675], [34.33525, -0.47700000000000004], [34.335, -0.47700000000000004], [34.335, -0.47750000000000004], [34.33475, -0.47750000000000004], [34.33475, -0.47900000000000004], [34.335, -0.47900000000000004], [34.335, -0.47950000000000004], [34.33525, -0.47950000000000004], [34.33525, -0.47975], [34.3355, -0.47975], [34.3355, -0.48], [34.33575, -0.48], [34.33575, -0.4805], [34.336, -0.4805], [34.336, -0.4815], [34.33625, -0.4815], [34.33625, -0.48175], [34.3365, -0.48175], [34.3365, -0.48275], [34.33675, -0.48275], [34.33675, -0.48525], [34.3365, -0.48525], [34.3365, -0.48625], [34.33625, -0.48625], [34.33625, -0.48675], [34.336, -0.48675], [34.336, -0.488], [34.33625, -0.488], [34.33625, -0.4895], [34.3365, -0.4895], [34.3365, -0.48975], [34.33625, -0.48975], [34.33625, -0.4905], [34.33675, -0.4905], [34.33675, -0.49075], [34.337, -0.49075], [34.337, -0.4915], [34.3375, -0.4915], [34.3375, -0.49175], [34.338, -0.49175], [34.338, -0.492], [34.33875, -0.492], [34.33875, -0.49225], [34.33925, -0.49225], [34.33925, -0.49275], [34.33975, -0.49275], [34.33975, -0.493], [34.34, -0.493], [34.34, -0.49325], [34.3405, -0.49325], [34.3405, -0.4935], [34.341, -0.4935], [34.341, -0.49375], [34.3415, -0.49375], [34.3415, -0.494], [34.34225, -0.494], [34.34225, -0.49425], [34.34275, -0.49425], [34.34275, -0.4945], [34.34375, -0.4945], [34.34375, -0.49475], [34.344, -0.49475], [34.344, -0.495], [34.3445, -0.495], [34.3445, -0.49525], [34.345, -0.49525], [34.345, -0.49575], [34.34525, -0.49575], [34.34525, -0.497], [34.345, -0.497], [34.345, -0.4975], [34.34525, -0.4975], [34.34525, -0.49775], [34.3455, -0.49775], [34.3455, -0.498], [34.34575, -0.498], [34.34575, -0.4985], [34.346, -0.4985], [34.346, -0.49875], [34.34625, -0.49875], [34.34625, -0.49925], [34.3465, -0.49925], [34.3465, -0.49975], [34.347, -0.49975], [34.347, -0.5], [34.34725, -0.5], [34.34725, -0.50025], [34.34825, -0.50025], [34.34825, -0.5005000000000001], [34.3485, -0.5005000000000001], [34.3485, -0.50075], [34.34875, -0.50075], [34.34875, -0.501], [34.349, -0.501], [34.349, -0.50075], [34.35125, -0.50075], [34.35125, -0.5005000000000001], [34.35225, -0.5005000000000001], [34.35225, -0.50025], [34.35275, -0.50025], [34.35275, -0.5], [34.35325, -0.5], [34.35325, -0.49975], [34.3535, -0.49975], [34.3535, -0.49925], [34.354, -0.49925], [34.354, -0.499], [34.35425, -0.499], [34.35425, -0.49875], [34.35475, -0.49875], [34.35475, -0.4985], [34.355, -0.4985], [34.355, -0.49825], [34.3555, -0.49825], [34.3555, -0.4975], [34.35575, -0.4975], [34.35575, -0.497], [34.356, -0.497], [34.356, -0.4965], [34.35575, -0.4965], [34.35575, -0.49575], [34.3555, -0.49575], [34.3555, -0.49525], [34.35525, -0.49525], [34.35525, -0.4945], [34.355, -0.4945], [34.355, -0.49275], [34.35525, -0.49275], [34.35525, -0.492], [34.355, -0.492], [34.355, -0.49075], [34.35475, -0.49075], [34.35475, -0.4905], [34.35425, -0.4905], [34.35425, -0.49], [34.354, -0.49], [34.354, -0.4895], [34.35375, -0.4895], [34.35375, -0.4885], [34.3535, -0.4885], [34.3535, -0.4865], [34.35325, -0.4865], [34.35325, -0.485], [34.3535, -0.485], [34.3535, -0.48425], [34.35375, -0.48425], [34.35375, -0.48375], [34.354, -0.48375], [34.354, -0.4835], [34.35425, -0.4835], [34.35425, -0.48325], [34.3555, -0.48325], [34.3555, -0.4835], [34.35575, -0.4835], [34.35575, -0.48325], [34.356, -0.48325], [34.356, -0.483], [34.357, -0.483], [34.357, -0.48275], [34.3575, -0.48275], [34.3575, -0.483], [34.35775, -0.483], [34.35775, -0.48325], [34.35875, -0.48325], [34.35875, -0.483], [34.35925, -0.483], [34.35925, -0.48275], [34.35975, -0.48275], [34.35975, -0.4825], [34.36, -0.4825], [34.36, -0.48225], [34.36025, -0.48225], [34.36025, -0.48175], [34.36075, -0.48175], [34.36075, -0.4815], [34.36125, -0.4815], [34.36125, -0.48125], [34.362, -0.48125], [34.362, -0.481], [34.363, -0.481], [34.363, -0.48125], [34.36375, -0.48125], [34.36375, -0.4815], [34.36425, -0.4815], [34.36425, -0.48175], [34.36475, -0.48175], [34.36475, -0.48225], [34.36525, -0.48225], [34.36525, -0.4825], [34.3655, -0.4825], [34.3655, -0.483], [34.36575, -0.483], [34.36575, -0.48325], [34.36625, -0.48325], [34.36625, -0.4835], [34.36675, -0.4835], [34.36675, -0.48375], [34.3675, -0.48375], [34.3675, -0.4835], [34.36775, -0.4835], [34.36775, -0.48325], [34.368, -0.48325], [34.368, -0.483], [34.369, -0.483], [34.369, -0.48275], [34.3695, -0.48275], [34.3695, -0.4825], [34.37, -0.4825], [34.37, -0.48225], [34.37025, -0.48225], [34.37025, -0.4825], [34.371, -0.4825], [34.371, -0.48225], [34.37125, -0.48225], [34.37125, -0.48125], [34.3715, -0.48125], [34.3715, -0.481], [34.372, -0.481], [34.372, -0.48075], [34.37225, -0.48075], [34.37225, -0.48025], [34.372, -0.48025], [34.372, -0.48], [34.37225, -0.48], [34.37225, -0.47950000000000004], [34.372, -0.47950000000000004], [34.372, -0.47925], [34.37125, -0.47925], [34.37125, -0.47900000000000004], [34.371, -0.47900000000000004], [34.371, -0.47825], [34.37075, -0.47825], [34.37075, -0.47775], [34.371, -0.47775], [34.371, -0.47750000000000004], [34.37075, -0.47750000000000004], [34.37075, -0.47650000000000003], [34.3705, -0.47650000000000003], [34.3705, -0.47600000000000003], [34.37025, -0.47600000000000003], [34.37025, -0.47425], [34.37, -0.47425], [34.37, -0.47375], [34.36975, -0.47375], [34.36975, -0.47250000000000003], [34.3695, -0.47250000000000003], [34.3695, -0.47200000000000003], [34.36925, -0.47200000000000003], [34.36925, -0.47075], [34.369, -0.47075], [34.369, -0.47000000000000003], [34.36925, -0.47000000000000003], [34.36925, -0.46975], [34.3695, -0.46975], [34.3695, -0.46875], [34.36975, -0.46875], [34.36975, -0.46625], [34.37, -0.46625], [34.37, -0.46325], [34.36975, -0.46325], [34.36975, -0.463], [34.3695, -0.463], [34.3695, -0.4625], [34.36925, -0.4625], [34.36925, -0.46225], [34.369, -0.46225], [34.369, -0.462], [34.36875, -0.462], [34.36875, -0.46175], [34.36825, -0.46175], [34.36825, -0.46125], [34.36775, -0.46125], [34.36775, -0.461], [34.367, -0.461], [34.367, -0.46075], [34.36625, -0.46075], [34.36625, -0.45975], [34.36525, -0.45975], [34.36525, -0.4595], [34.3655, -0.4595], [34.3655, -0.45925], [34.36525, -0.45925], [34.36525, -0.459], [34.3645, -0.459], [34.3645, -0.4585], [34.36475, -0.4585], [34.36475, -0.45825], [34.3645, -0.45825], [34.3645, -0.45775], [34.36475, -0.45775], [34.36475, -0.4575], [34.3655, -0.4575], [34.3655, -0.45725], [34.36575, -0.45725], [34.36575, -0.457], [34.366, -0.457], [34.366, -0.45675], [34.36625, -0.45675], [34.36625, -0.45625], [34.3665, -0.45625], [34.3665, -0.456], [34.36625, -0.456], [34.36625, -0.45525], [34.366, -0.45525], [34.366, -0.45475], [34.36625, -0.45475], [34.36625, -0.45425], [34.367, -0.45425], [34.367, -0.454], [34.3675, -0.454], [34.3675, -0.45425], [34.36775, -0.45425], [34.36775, -0.454], [34.368, -0.454], [34.368, -0.45425], [34.36825, -0.45425], [34.36825, -0.454], [34.371, -0.454], [34.371, -0.45375], [34.37125, -0.45375], [34.37125, -0.4535], [34.3715, -0.4535], [34.3715, -0.453], [34.372, -0.453], [34.372, -0.45225], [34.3715, -0.45225], [34.3715, -0.45025], [34.3725, -0.45025], [34.3725, -0.4505], [34.37275, -0.4505], [34.37275, -0.45125], [34.373, -0.45125], [34.373, -0.45175], [34.37325, -0.45175], [34.37325, -0.45225], [34.3735, -0.45225], [34.3735, -0.45275], [34.37375, -0.45275], [34.37375, -0.453], [34.37425, -0.453], [34.37425, -0.45325], [34.3755, -0.45325], [34.3755, -0.4535], [34.37575, -0.4535], [34.37575, -0.45375], [34.376, -0.45375], [34.376, -0.454], [34.37625, -0.454], [34.37625, -0.45475], [34.3765, -0.45475], [34.3765, -0.45525], [34.37675, -0.45525], [34.37675, -0.45575], [34.37725, -0.45575], [34.37725, -0.45625], [34.37775, -0.45625], [34.37775, -0.4565], [34.3785, -0.4565], [34.3785, -0.45675], [34.38075, -0.45675], [34.38075, -0.4565], [34.38275, -0.4565], [34.38275, -0.45675], [34.38375, -0.45675], [34.38375, -0.457], [34.386, -0.457], [34.386, -0.45675], [34.38675, -0.45675], [34.38675, -0.4565], [34.387, -0.4565], [34.387, -0.45675], [34.38725, -0.45675], [34.38725, -0.457], [34.3875, -0.457], [34.3875, -0.45725], [34.388, -0.45725], [34.388, -0.4575], [34.38825, -0.4575], [34.38825, -0.45775], [34.3885, -0.45775], [34.3885, -0.45825], [34.38875, -0.45825], [34.38875, -0.4585], [34.38925, -0.4585], [34.38925, -0.45875], [34.3895, -0.45875], [34.3895, -0.459], [34.38975, -0.459], [34.38975, -0.45925], [34.39025, -0.45925], [34.39025, -0.4595], [34.39075, -0.4595], [34.39075, -0.45975], [34.39125, -0.45975], [34.39125, -0.46], [34.3915, -0.46], [34.3915, -0.45975], [34.39225, -0.45975], [34.39225, -0.4595], [34.393, -0.4595], [34.393, -0.459], [34.39325, -0.459], [34.39325, -0.45825], [34.3935, -0.45825], [34.3935, -0.4585], [34.39475, -0.4585], [34.39475, -0.45825], [34.39675, -0.45825], [34.39675, -0.45775], [34.3985, -0.45775], [34.3985, -0.4575], [34.39875, -0.4575], [34.39875, -0.45725], [34.399, -0.45725], [34.399, -0.457], [34.39925, -0.457], [34.39925, -0.45675], [34.39975, -0.45675], [34.39975, -0.4565], [34.4, -0.4565], [34.4, -0.45625], [34.4025, -0.45625], [34.4025, -0.456], [34.40375, -0.456], [34.40375, -0.45625], [34.404, -0.45625], [34.404, -0.4565], [34.40425, -0.4565], [34.40425, -0.457], [34.404, -0.457], [34.404, -0.462], [34.40425, -0.462], [34.40425, -0.46275], [34.404, -0.46275], [34.404, -0.46525], [34.40425, -0.46525], [34.40425, -0.466], [34.4045, -0.466], [34.4045, -0.46675], [34.40475, -0.46675], [34.40475, -0.467], [34.405, -0.467], [34.405, -0.46725], [34.40525, -0.46725], [34.40525, -0.4675], [34.4055, -0.4675], [34.4055, -0.46775], [34.4075, -0.46775], [34.4075, -0.468], [34.40875, -0.468], [34.40875, -0.4685], [34.41025, -0.4685], [34.41025, -0.46875], [34.4105, -0.46875], [34.4105, -0.46925], [34.41075, -0.46925], [34.41075, -0.46975], [34.4105, -0.46975], [34.4105, -0.47050000000000003], [34.41025, -0.47050000000000003], [34.41025, -0.47075], [34.41, -0.47075], [34.41, -0.47100000000000003], [34.4095, -0.47100000000000003], [34.4095, -0.47125], [34.409, -0.47125], [34.409, -0.47150000000000003], [34.408, -0.47150000000000003], [34.408, -0.47125], [34.4075, -0.47125], [34.4075, -0.47100000000000003], [34.407, -0.47100000000000003], [34.407, -0.47075], [34.40625, -0.47075], [34.40625, -0.47050000000000003], [34.40525, -0.47050000000000003], [34.40525, -0.47075], [34.40475, -0.47075], [34.40475, -0.47125], [34.4045, -0.47125], [34.4045, -0.47225], [34.40425, -0.47225], [34.40425, -0.47375], [34.4045, -0.47375], [34.4045, -0.47425], [34.40475, -0.47425], [34.40475, -0.47475], [34.405, -0.47475], [34.405, -0.47500000000000003], [34.40525, -0.47500000000000003], [34.40525, -0.47550000000000003], [34.4055, -0.47550000000000003], [34.4055, -0.47575], [34.40575, -0.47575], [34.40575, -0.47600000000000003], [34.406, -0.47600000000000003], [34.406, -0.47650000000000003], [34.40675, -0.47650000000000003], [34.40675, -0.47700000000000004], [34.407, -0.47700000000000004], [34.407, -0.47750000000000004], [34.40725, -0.47750000000000004], [34.40725, -0.47775], [34.4075, -0.47775], [34.4075, -0.47825], [34.40775, -0.47825], [34.40775, -0.47900000000000004], [34.408, -0.47900000000000004], [34.408, -0.47925], [34.40825, -0.47925], [34.40825, -0.47975], [34.4085, -0.47975], [34.4085, -0.48], [34.40875, -0.48], [34.40875, -0.48025], [34.409, -0.48025], [34.409, -0.4805], [34.40925, -0.4805], [34.40925, -0.48075], [34.41025, -0.48075], [34.41025, -0.481], [34.41075, -0.481], [34.41075, -0.48125], [34.411, -0.48125], [34.411, -0.4815], [34.41125, -0.4815], [34.41125, -0.48175], [34.4115, -0.48175], [34.4115, -0.48225], [34.412, -0.48225], [34.412, -0.4825], [34.41225, -0.4825], [34.41225, -0.48275], [34.4125, -0.48275], [34.4125, -0.483], [34.41275, -0.483], [34.41275, -0.48325], [34.413, -0.48325], [34.413, -0.4835], [34.41375, -0.4835], [34.41375, -0.48375], [34.4145, -0.48375], [34.4145, -0.484], [34.415, -0.484], [34.415, -0.48425], [34.4155, -0.48425], [34.4155, -0.4845], [34.418, -0.4845], [34.418, -0.48475], [34.4185, -0.48475], [34.4185, -0.485], [34.41875, -0.485], [34.41875, -0.486], [34.419, -0.486], [34.419, -0.48625], [34.41925, -0.48625], [34.41925, -0.487], [34.419, -0.487], [34.419, -0.4875], [34.41875, -0.4875], [34.41875, -0.488], [34.4185, -0.488], [34.4185, -0.48825], [34.41825, -0.48825], [34.41825, -0.48875], [34.41775, -0.48875], [34.41775, -0.48925], [34.4175, -0.48925], [34.4175, -0.48975], [34.41725, -0.48975], [34.41725, -0.4905], [34.417, -0.4905], [34.417, -0.491], [34.4165, -0.491], [34.4165, -0.493], [34.417, -0.493], [34.417, -0.49375], [34.41725, -0.49375], [34.41725, -0.494], [34.417, -0.494], [34.417, -0.4945], [34.41725, -0.4945], [34.41725, -0.4955], [34.4175, -0.4955], [34.4175, -0.49725], [34.41775, -0.49725], [34.41775, -0.49775], [34.418, -0.49775], [34.418, -0.4985], [34.41825, -0.4985], [34.41825, -0.49875], [34.4185, -0.49875], [34.4185, -0.499], [34.419, -0.499], [34.419, -0.49925], [34.41925, -0.49925], [34.41925, -0.49975], [34.41975, -0.49975], [34.41975, -0.5], [34.4205, -0.5], [34.4205, -0.50025], [34.4215, -0.50025], [34.4215, -0.5], [34.42175, -0.5], [34.42175, -0.49925], [34.422, -0.49925], [34.422, -0.499], [34.42225, -0.499], [34.42225, -0.4985], [34.4225, -0.4985], [34.4225, -0.49825], [34.42275, -0.49825], [34.42275, -0.498], [34.423, -0.498], [34.423, -0.49775], [34.4235, -0.49775], [34.4235, -0.4975], [34.424, -0.4975], [34.424, -0.49725], [34.4245, -0.49725], [34.4245, -0.497], [34.42475, -0.497], [34.42475, -0.49675], [34.42525, -0.49675], [34.42525, -0.4965], [34.426, -0.4965], [34.426, -0.49625], [34.4265, -0.49625], [34.4265, -0.49575], [34.427, -0.49575], [34.427, -0.4955], [34.42775, -0.4955], [34.42775, -0.49525], [34.42825, -0.49525], [34.42825, -0.495], [34.4285, -0.495], [34.4285, -0.49475], [34.429, -0.49475], [34.429, -0.4945], [34.42925, -0.4945], [34.42925, -0.49425], [34.4295, -0.49425], [34.4295, -0.494], [34.42975, -0.494], [34.42975, -0.49375], [34.43, -0.49375], [34.43, -0.49325], [34.43075, -0.49325], [34.43075, -0.493], [34.43125, -0.493], [34.43125, -0.49325], [34.43175, -0.49325], [34.43175, -0.4935], [34.4325, -0.4935], [34.4325, -0.49375], [34.433, -0.49375], [34.433, -0.494], [34.43525, -0.494], [34.43525, -0.49425], [34.43575, -0.49425], [34.43575, -0.4955], [34.436, -0.4955], [34.436, -0.4965], [34.43625, -0.4965], [34.43625, -0.49675], [34.4365, -0.49675], [34.4365, -0.497], [34.43675, -0.497], [34.43675, -0.49725], [34.437, -0.49725], [34.437, -0.49775], [34.43725, -0.49775], [34.43725, -0.4985], [34.43775, -0.4985], [34.43775, -0.499], [34.438, -0.499], [34.438, -0.49975], [34.43825, -0.49975], [34.43825, -0.5], [34.4385, -0.5], [34.4385, -0.50025], [34.43875, -0.50025], [34.43875, -0.50075], [34.439, -0.50075], [34.439, -0.5015000000000001], [34.43875, -0.5015000000000001], [34.43875, -0.502], [34.4385, -0.502], [34.4385, -0.50225], [34.43825, -0.50225], [34.43825, -0.5025000000000001], [34.438, -0.5025000000000001], [34.438, -0.504], [34.43775, -0.504], [34.43775, -0.5045000000000001], [34.43725, -0.5045000000000001], [34.43725, -0.505], [34.437, -0.505], [34.437, -0.50525], [34.43675, -0.50525], [34.43675, -0.50575], [34.4365, -0.50575], [34.4365, -0.506], [34.43625, -0.506], [34.43625, -0.50675], [34.436, -0.50675], [34.436, -0.507], [34.43575, -0.507], [34.43575, -0.50725], [34.43475, -0.50725], [34.43475, -0.5075000000000001], [34.43425, -0.5075000000000001], [34.43425, -0.50725], [34.4335, -0.50725], [34.4335, -0.507], [34.4295, -0.507], [34.4295, -0.50675], [34.429, -0.50675], [34.429, -0.5065000000000001], [34.42875, -0.5065000000000001], [34.42875, -0.506], [34.42825, -0.506], [34.42825, -0.50575], [34.428, -0.50575], [34.428, -0.5055000000000001], [34.42775, -0.5055000000000001], [34.42775, -0.50525], [34.4275, -0.50525], [34.4275, -0.505], [34.427, -0.505], [34.427, -0.50475], [34.4265, -0.50475], [34.4265, -0.5045000000000001], [34.42525, -0.5045000000000001], [34.42525, -0.505], [34.425, -0.505], [34.425, -0.5065000000000001], [34.42475, -0.5065000000000001], [34.42475, -0.50675], [34.4245, -0.50675], [34.4245, -0.5075000000000001], [34.42425, -0.5075000000000001], [34.42425, -0.50775], [34.424, -0.50775], [34.424, -0.508], [34.42325, -0.508], [34.42325, -0.50825], [34.423, -0.50825], [34.423, -0.5085000000000001], [34.422, -0.5085000000000001], [34.422, -0.50875], [34.42175, -0.50875], [34.42175, -0.509], [34.4215, -0.509], [34.4215, -0.5095000000000001], [34.42125, -0.5095000000000001], [34.42125, -0.51], [34.421, -0.51], [34.421, -0.5115000000000001], [34.42125, -0.5115000000000001], [34.42125, -0.512], [34.421, -0.512], [34.421, -0.513], [34.42075, -0.513], [34.42075, -0.51375], [34.4205, -0.51375], [34.4205, -0.514], [34.42, -0.514], [34.42, -0.51425], [34.4195, -0.51425], [34.4195, -0.51475], [34.41925, -0.51475], [34.41925, -0.515], [34.419, -0.515], [34.419, -0.51525], [34.4185, -0.51525], [34.4185, -0.515], [34.417, -0.515], [34.417, -0.51525], [34.4165, -0.51525], [34.4165, -0.5155], [34.41625, -0.5155], [34.41625, -0.51825], [34.416, -0.51825], [34.416, -0.5185], [34.4155, -0.5185], [34.4155, -0.51875], [34.41525, -0.51875], [34.41525, -0.51925], [34.4155, -0.51925], [34.4155, -0.51975], [34.41525, -0.51975], [34.41525, -0.52], [34.415, -0.52], [34.415, -0.5205], [34.41475, -0.5205], [34.41475, -0.521], [34.4145, -0.521], [34.4145, -0.5215], [34.41425, -0.5215], [34.41425, -0.52225], [34.414, -0.52225], [34.414, -0.5225], [34.41375, -0.5225], [34.41375, -0.52325], [34.4135, -0.52325], [34.4135, -0.5255], [34.413, -0.5255], [34.413, -0.52575], [34.41275, -0.52575], [34.41275, -0.52675], [34.413, -0.52675], [34.413, -0.5275], [34.4135, -0.5275], [34.4135, -0.52775], [34.414, -0.52775], [34.414, -0.5285], [34.41425, -0.5285], [34.41425, -0.529], [34.4145, -0.529], [34.4145, -0.53], [34.41525, -0.53], [34.41525, -0.53025], [34.4155, -0.53025], [34.4155, -0.53075], [34.416, -0.53075], [34.416, -0.531], [34.417, -0.531], [34.417, -0.53125], [34.41725, -0.53125], [34.41725, -0.5317500000000001], [34.4175, -0.5317500000000001], [34.4175, -0.532], [34.41775, -0.532], [34.41775, -0.5325], [34.41825, -0.5325], [34.41825, -0.5327500000000001], [34.4185, -0.5327500000000001], [34.4185, -0.533], [34.419, -0.533], [34.419, -0.5335], [34.41925, -0.5335], [34.41925, -0.5345], [34.4195, -0.5345], [34.4195, -0.535], [34.41975, -0.535], [34.41975, -0.5355], [34.42, -0.5355], [34.42, -0.536], [34.4205, -0.536], [34.4205, -0.53625], [34.421, -0.53625], [34.421, -0.5365], [34.42125, -0.5365], [34.42125, -0.537], [34.4215, -0.537], [34.4215, -0.53825], [34.42125, -0.53825], [34.42125, -0.5387500000000001], [34.424, -0.5387500000000001], [34.424, -0.538], [34.42425, -0.538], [34.42425, -0.5377500000000001], [34.4245, -0.5377500000000001], [34.4245, -0.53725], [34.425, -0.53725], [34.425, -0.537], [34.426, -0.537], [34.426, -0.5367500000000001], [34.4275, -0.5367500000000001], [34.4275, -0.5365], [34.42775, -0.5365], [34.42775, -0.53625], [34.428, -0.53625], [34.428, -0.536], [34.42825, -0.536], [34.42825, -0.5357500000000001], [34.42925, -0.5357500000000001], [34.42925, -0.5355], [34.4295, -0.5355], [34.4295, -0.53525], [34.42975, -0.53525], [34.42975, -0.535], [34.43, -0.535], [34.43, -0.5347500000000001], [34.43075, -0.5347500000000001], [34.43075, -0.5345], [34.43125, -0.5345], [34.43125, -0.53425], [34.4315, -0.53425], [34.4315, -0.5337500000000001], [34.432, -0.5337500000000001], [34.432, -0.53325], [34.43225, -0.53325], [34.43225, -0.5327500000000001], [34.4325, -0.5327500000000001], [34.4325, -0.53225], [34.43275, -0.53225], [34.43275, -0.532], [34.433, -0.532], [34.433, -0.5315], [34.43325, -0.5315], [34.43325, -0.53125], [34.4335, -0.53125], [34.4335, -0.531], [34.43375, -0.531], [34.43375, -0.53075], [34.4345, -0.53075], [34.4345, -0.53], [34.43475, -0.53], [34.43475, -0.52975], [34.435, -0.52975], [34.435, -0.5295], [34.4355, -0.5295], [34.4355, -0.52925], [34.43575, -0.52925], [34.43575, -0.529], [34.436, -0.529], [34.436, -0.52875], [34.43625, -0.52875], [34.43625, -0.5285], [34.43675, -0.5285], [34.43675, -0.52825], [34.43725, -0.52825], [34.43725, -0.528], [34.43775, -0.528], [34.43775, -0.52775], [34.43825, -0.52775], [34.43825, -0.528], [34.4385, -0.528], [34.4385, -0.52775], [34.43875, -0.52775], [34.43875, -0.528], [34.44, -0.528], [34.44, -0.52775], [34.4415, -0.52775], [34.4415, -0.5275], [34.4425, -0.5275], [34.4425, -0.52725], [34.44325, -0.52725], [34.44325, -0.52675], [34.444, -0.52675], [34.444, -0.5265], [34.44475, -0.5265], [34.44475, -0.52625], [34.445, -0.52625], [34.445, -0.526], [34.44525, -0.526], [34.44525, -0.52575], [34.4455, -0.52575], [34.4455, -0.5255], [34.446, -0.5255], [34.446, -0.52525], [34.44625, -0.52525], [34.44625, -0.525], [34.4465, -0.525], [34.4465, -0.52475], [34.447, -0.52475], [34.447, -0.5245], [34.4475, -0.5245], [34.4475, -0.52425], [34.44825, -0.52425], [34.44825, -0.524], [34.44925, -0.524], [34.44925, -0.52375], [34.4505, -0.52375], [34.4505, -0.524], [34.45225, -0.524], [34.45225, -0.52375], [34.453, -0.52375], [34.453, -0.52325], [34.45325, -0.52325], [34.45325, -0.523], [34.45425, -0.523], [34.45425, -0.52275], [34.455, -0.52275], [34.455, -0.523], [34.45625, -0.523], [34.45625, -0.52275], [34.45675, -0.52275], [34.45675, -0.5225], [34.4575, -0.5225], [34.4575, -0.52225], [34.4585, -0.52225], [34.4585, -0.522], [34.459, -0.522], [34.459, -0.52175], [34.4595, -0.52175], [34.4595, -0.5215], [34.46, -0.5215], [34.46, -0.52125], [34.4605, -0.52125], [34.4605, -0.521], [34.46075, -0.521], [34.46075, -0.52075], [34.461, -0.52075], [34.461, -0.5205], [34.46125, -0.5205], [34.46125, -0.52], [34.462, -0.52], [34.462, -0.51975], [34.4625, -0.51975], [34.4625, -0.5195], [34.4635, -0.5195], [34.4635, -0.51925], [34.464, -0.51925], [34.464, -0.519], [34.4645, -0.519], [34.4645, -0.51875], [34.465, -0.51875], [34.465, -0.5185], [34.4655, -0.5185], [34.4655, -0.51825], [34.466, -0.51825], [34.466, -0.51775], [34.4665, -0.51775], [34.4665, -0.5175], [34.467, -0.5175], [34.467, -0.51725], [34.4675, -0.51725], [34.4675, -0.517], [34.468, -0.517], [34.468, -0.5165], [34.46875, -0.5165], [34.46875, -0.51625], [34.469, -0.51625], [34.469, -0.516], [34.4695, -0.516], [34.4695, -0.51575], [34.47, -0.51575], [34.47, -0.5155], [34.47025, -0.5155], [34.47025, -0.51525], [34.47075, -0.51525], [34.47075, -0.515], [34.47125, -0.515], [34.47125, -0.51475], [34.4715, -0.51475], [34.4715, -0.5145], [34.47225, -0.5145], [34.47225, -0.51425], [34.47275, -0.51425], [34.47275, -0.514], [34.4735, -0.514], [34.4735, -0.51375], [34.4745, -0.51375], [34.4745, -0.5135], [34.475, -0.5135], [34.475, -0.513], [34.47525, -0.513], [34.47525, -0.51275], [34.47575, -0.51275], [34.47575, -0.5125], [34.47625, -0.5125], [34.47625, -0.51225], [34.4765, -0.51225], [34.4765, -0.512], [34.47675, -0.512], [34.47675, -0.51175], [34.477, -0.51175], [34.477, -0.5115000000000001], [34.47725, -0.5115000000000001], [34.47725, -0.51125], [34.4775, -0.51125], [34.4775, -0.511], [34.47775, -0.511], [34.47775, -0.51075], [34.478, -0.51075], [34.478, -0.5105000000000001], [34.47825, -0.5105000000000001], [34.47825, -0.51025], [34.4785, -0.51025], [34.4785, -0.51], [34.47875, -0.51], [34.47875, -0.50925], [34.47925, -0.50925], [34.47925, -0.50875], [34.4795, -0.50875], [34.4795, -0.5085000000000001], [34.47975, -0.5085000000000001], [34.47975, -0.50825], [34.48025, -0.50825], [34.48025, -0.50775], [34.4805, -0.50775], [34.4805, -0.50825], [34.48075, -0.50825], [34.48075, -0.508], [34.481, -0.508], [34.481, -0.5075000000000001], [34.48125, -0.5075000000000001], [34.48125, -0.50725], [34.4815, -0.50725], [34.4815, -0.5075000000000001], [34.48175, -0.5075000000000001], [34.48175, -0.508], [34.482, -0.508], [34.482, -0.5085000000000001], [34.48275, -0.5085000000000001], [34.48275, -0.509], [34.483, -0.509], [34.483, -0.50925], [34.484, -0.50925], [34.484, -0.509], [34.4845, -0.509], [34.4845, -0.50875], [34.48475, -0.50875], [34.48475, -0.50825], [34.485, -0.50825], [34.485, -0.508], [34.48525, -0.508], [34.48525, -0.50825], [34.4855, -0.50825], [34.4855, -0.508], [34.48575, -0.508], [34.48575, -0.50775], [34.48625, -0.50775], [34.48625, -0.5075000000000001], [34.4865, -0.5075000000000001], [34.4865, -0.50725], [34.48675, -0.50725], [34.48675, -0.507], [34.487, -0.507], [34.487, -0.50675], [34.48725, -0.50675], [34.48725, -0.5065000000000001], [34.4875, -0.5065000000000001], [34.4875, -0.506], [34.48775, -0.506], [34.48775, -0.50575], [34.488, -0.50575], [34.488, -0.5055000000000001], [34.48825, -0.5055000000000001], [34.48825, -0.50525], [34.4885, -0.50525], [34.4885, -0.505], [34.48875, -0.505], [34.48875, -0.5045000000000001], [34.489, -0.5045000000000001], [34.489, -0.50425], [34.4895, -0.50425], [34.4895, -0.504], [34.48975, -0.504], [34.48975, -0.50375], [34.49, -0.50375], [34.49, -0.503], [34.49025, -0.503], [34.49025, -0.5025000000000001], [34.4905, -0.5025000000000001], [34.4905, -0.502], [34.49075, -0.502], [34.49075, -0.50175], [34.491, -0.50175], [34.491, -0.5015000000000001], [34.49125, -0.5015000000000001], [34.49125, -0.50125], [34.4915, -0.50125], [34.4915, -0.50075], [34.49175, -0.50075], [34.49175, -0.5005000000000001], [34.492, -0.5005000000000001], [34.492, -0.49925], [34.49225, -0.49925], [34.49225, -0.49825], [34.4925, -0.49825], [34.4925, -0.4975], [34.493, -0.4975], [34.493, -0.49725], [34.49325, -0.49725], [34.49325, -0.497], [34.4935, -0.497], [34.4935, -0.49625], [34.49375, -0.49625], [34.49375, -0.49425], [34.4935, -0.49425], [34.4935, -0.494], [34.49325, -0.494], [34.49325, -0.4935], [34.49225, -0.4935], [34.49225, -0.49325], [34.491, -0.49325], [34.491, -0.493], [34.49075, -0.493], [34.49075, -0.4915], [34.491, -0.4915], [34.491, -0.49125], [34.4915, -0.49125], [34.4915, -0.4915], [34.492, -0.4915], [34.492, -0.49175], [34.49325, -0.49175], [34.49325, -0.4915], [34.49375, -0.4915], [34.49375, -0.49125], [34.4945, -0.49125], [34.4945, -0.4915], [34.49475, -0.4915], [34.49475, -0.492], [34.495, -0.492], [34.495, -0.49275], [34.49525, -0.49275], [34.49525, -0.493], [34.497, -0.493], [34.497, -0.49275], [34.49725, -0.49275], [34.49725, -0.49225], [34.4975, -0.49225], [34.4975, -0.492], [34.49775, -0.492], [34.49775, -0.49175], [34.498, -0.49175], [34.498, -0.4915], [34.49825, -0.4915], [34.49825, -0.49075], [34.498, -0.49075], [34.498, -0.4905], [34.49775, -0.4905], [34.49775, -0.49], [34.4975, -0.49], [34.4975, -0.4895], [34.4985, -0.4895], [34.4985, -0.48925], [34.5, -0.48925], [34.5, -0.4895], [34.50025, -0.4895], [34.50025, -0.48975], [34.50075, -0.48975], [34.50075, -0.49], [34.501, -0.49], [34.501, -0.49025], [34.50125, -0.49025], [34.50125, -0.4905], [34.5015, -0.4905], [34.5015, -0.49075], [34.50175, -0.49075], [34.50175, -0.491], [34.50225, -0.491], [34.50225, -0.49125], [34.503, -0.49125], [34.503, -0.491], [34.50375, -0.491], [34.50375, -0.49075], [34.504, -0.49075], [34.504, -0.4905], [34.50425, -0.4905], [34.50425, -0.49025], [34.5045, -0.49025], [34.5045, -0.4905], [34.50475, -0.4905], [34.50475, -0.49075], [34.5055, -0.49075], [34.5055, -0.4905], [34.50575, -0.4905], [34.50575, -0.49], [34.506, -0.49], [34.506, -0.48975], [34.50625, -0.48975], [34.50625, -0.48925], [34.50675, -0.48925], [34.50675, -0.48875], [34.507, -0.48875], [34.507, -0.48825], [34.50725, -0.48825], [34.50725, -0.48775], [34.5075, -0.48775], [34.5075, -0.4875], [34.50775, -0.4875], [34.50775, -0.487], [34.508, -0.487], [34.508, -0.4865], [34.50825, -0.4865], [34.50825, -0.486], [34.5085, -0.486], [34.5085, -0.48475], [34.50875, -0.48475], [34.50875, -0.484], [34.509, -0.484], [34.509, -0.48325], [34.50925, -0.48325], [34.50925, -0.48275], [34.5095, -0.48275], [34.5095, -0.48225], [34.50975, -0.48225], [34.50975, -0.481], [34.51025, -0.481], [34.51025, -0.48025], [34.5105, -0.48025], [34.5105, -0.47975], [34.51075, -0.47975], [34.51075, -0.47925], [34.511, -0.47925], [34.511, -0.47900000000000004], [34.51125, -0.47900000000000004], [34.51125, -0.47825], [34.5115, -0.47825], [34.5115, -0.47775], [34.51175, -0.47775], [34.51175, -0.47725], [34.512, -0.47725], [34.512, -0.47700000000000004], [34.51225, -0.47700000000000004], [34.51225, -0.47650000000000003], [34.5125, -0.47650000000000003], [34.5125, -0.47575], [34.51275, -0.47575], [34.51275, -0.47450000000000003], [34.513, -0.47450000000000003], [34.513, -0.47375], [34.51325, -0.47375], [34.51325, -0.47325], [34.51375, -0.47325], [34.51375, -0.47100000000000003], [34.514, -0.47100000000000003], [34.514, -0.47050000000000003], [34.51375, -0.47050000000000003], [34.51375, -0.47025], [34.514, -0.47025], [34.514, -0.46975], [34.51375, -0.46975], [34.51375, -0.46900000000000003], [34.51325, -0.46900000000000003], [34.51325, -0.46875], [34.513, -0.46875], [34.513, -0.4685], [34.51275, -0.4685], [34.51275, -0.468], [34.5125, -0.468], [34.5125, -0.46775], [34.51225, -0.46775], [34.51225, -0.4675], [34.512, -0.4675], [34.512, -0.46725], [34.51175, -0.46725], [34.51175, -0.467], [34.5115, -0.467], [34.5115, -0.46675], [34.511, -0.46675], [34.511, -0.4665], [34.51075, -0.4665], [34.51075, -0.46625], [34.5105, -0.46625], [34.5105, -0.466], [34.51025, -0.466], [34.51025, -0.4655], [34.5095, -0.4655], [34.5095, -0.46525], [34.50925, -0.46525], [34.50925, -0.465], [34.509, -0.465], [34.509, -0.4645], [34.50875, -0.4645], [34.50875, -0.46425], [34.5085, -0.46425], [34.5085, -0.46375], [34.50825, -0.46375], [34.50825, -0.4635], [34.508, -0.4635], [34.508, -0.46325], [34.5075, -0.46325], [34.5075, -0.463], [34.50625, -0.463], [34.50625, -0.46275], [34.506, -0.46275], [34.506, -0.4625], [34.50575, -0.4625], [34.50575, -0.46225], [34.50525, -0.46225], [34.50525, -0.462], [34.50475, -0.462], [34.50475, -0.46175], [34.50425, -0.46175], [34.50425, -0.46125], [34.504, -0.46125], [34.504, -0.461], [34.502, -0.461], [34.502, -0.4605], [34.50175, -0.4605], [34.50175, -0.46025], [34.5015, -0.46025], [34.5015, -0.46], [34.50125, -0.46], [34.50125, -0.46025], [34.5005, -0.46025], [34.5005, -0.46], [34.50075, -0.46], [34.50075, -0.4595], [34.4995, -0.4595], [34.4995, -0.45925], [34.499, -0.45925], [34.499, -0.459], [34.49875, -0.459], [34.49875, -0.45875], [34.4985, -0.45875], [34.4985, -0.4585], [34.49825, -0.4585], [34.49825, -0.45825], [34.498, -0.45825], [34.498, -0.45775], [34.49775, -0.45775], [34.49775, -0.4575], [34.49725, -0.4575], [34.49725, -0.45725], [34.497, -0.45725], [34.497, -0.45675], [34.49675, -0.45675], [34.49675, -0.4565], [34.496, -0.4565], [34.496, -0.45625], [34.49575, -0.45625], [34.49575, -0.456], [34.4955, -0.456], [34.4955, -0.45575], [34.49525, -0.45575], [34.49525, -0.4555], [34.495, -0.4555], [34.495, -0.45525], [34.49475, -0.45525], [34.49475, -0.455], [34.4945, -0.455], [34.4945, -0.45425], [34.494, -0.45425], [34.494, -0.454], [34.49325, -0.454], [34.49325, -0.45375], [34.4925, -0.45375], [34.4925, -0.4535], [34.492, -0.4535], [34.492, -0.45325], [34.49175, -0.45325], [34.49175, -0.453], [34.4915, -0.453], [34.4915, -0.45225], [34.4905, -0.45225], [34.4905, -0.452], [34.49025, -0.452], [34.49025, -0.45175], [34.49, -0.45175], [34.49, -0.4515], [34.4895, -0.4515], [34.4895, -0.45075], [34.489, -0.45075], [34.489, -0.4505], [34.4895, -0.4505], [34.4895, -0.44975], [34.48875, -0.44975], [34.48875, -0.4495], [34.488, -0.4495], [34.488, -0.449], [34.48825, -0.449], [34.48825, -0.44825], [34.488, -0.44825], [34.488, -0.448], [34.4875, -0.448], [34.4875, -0.44775000000000004], [34.48725, -0.44775000000000004], [34.48725, -0.44725000000000004], [34.487, -0.44725000000000004], [34.487, -0.447], [34.4865, -0.447], [34.4865, -0.4465], [34.48625, -0.4465], [34.48625, -0.44625000000000004], [34.48525, -0.44625000000000004], [34.48525, -0.446], [34.4845, -0.446], [34.4845, -0.44575000000000004], [34.48425, -0.44575000000000004], [34.48425, -0.4455], [34.484, -0.4455], [34.484, -0.44525000000000003], [34.4835, -0.44525000000000003], [34.4835, -0.44475000000000003], [34.48325, -0.44475000000000003], [34.48325, -0.4445], [34.48275, -0.4445], [34.48275, -0.44425000000000003], [34.48225, -0.44425000000000003], [34.48225, -0.44375000000000003], [34.48175, -0.44375000000000003], [34.48175, -0.4435], [34.4815, -0.4435], [34.4815, -0.44325000000000003], [34.48125, -0.44325000000000003], [34.48125, -0.443], [34.481, -0.443], [34.481, -0.44275000000000003], [34.48075, -0.44275000000000003], [34.48075, -0.4425], [34.4805, -0.4425], [34.4805, -0.44225000000000003], [34.48, -0.44225000000000003], [34.48, -0.442], [34.4795, -0.442], [34.4795, -0.44175000000000003], [34.47825, -0.44175000000000003], [34.47825, -0.4415], [34.478, -0.4415], [34.478, -0.44125000000000003], [34.47775, -0.44125000000000003], [34.47775, -0.441], [34.4775, -0.441], [34.4775, -0.4405], [34.477, -0.4405], [34.477, -0.44], [34.47675, -0.44], [34.47675, -0.43925000000000003], [34.4765, -0.43925000000000003], [34.4765, -0.439], [34.47625, -0.439], [34.47625, -0.43875000000000003], [34.476, -0.43875000000000003], [34.476, -0.43825000000000003], [34.47475, -0.43825000000000003], [34.47475, -0.438], [34.4745, -0.438], [34.4745, -0.43775000000000003], [34.474, -0.43775000000000003], [34.474, -0.4375], [34.4735, -0.4375], [34.4735, -0.43675], [34.47325, -0.43675], [34.47325, -0.4345], [34.473, -0.4345], [34.473, -0.4335], [34.47275, -0.4335], [34.47275, -0.433], [34.47225, -0.433], [34.47225, -0.43275], [34.47175, -0.43275], [34.47175, -0.4325], [34.47075, -0.4325], [34.47075, -0.43225], [34.471, -0.43225], [34.471, -0.4315], [34.47075, -0.4315], [34.47075, -0.43075], [34.4705, -0.43075], [34.4705, -0.4305], [34.47025, -0.4305], [34.47025, -0.43], [34.47, -0.43], [34.47, -0.42975], [34.46975, -0.42975], [34.46975, -0.4295], [34.4695, -0.4295], [34.4695, -0.429], [34.46925, -0.429], [34.46925, -0.42875], [34.469, -0.42875], [34.469, -0.42825], [34.46875, -0.42825], [34.46875, -0.428], [34.46825, -0.428], [34.46825, -0.42775], [34.46775, -0.42775], [34.46775, -0.42725], [34.4675, -0.42725], [34.4675, -0.427], [34.46725, -0.427], [34.46725, -0.4265], [34.467, -0.4265], [34.467, -0.42625], [34.4665, -0.42625], [34.4665, -0.42575], [34.466, -0.42575], [34.466, -0.4255], [34.46575, -0.4255], [34.46575, -0.42525], [34.465, -0.42525], [34.465, -0.425], [34.46475, -0.425], [34.46475, -0.42475], [34.4645, -0.42475], [34.4645, -0.4245], [34.46425, -0.4245], [34.46425, -0.42425], [34.46375, -0.42425], [34.46375, -0.424], [34.463, -0.424], [34.463, -0.4235], [34.46275, -0.4235], [34.46275, -0.42275], [34.4625, -0.42275], [34.4625, -0.4225], [34.46225, -0.4225], [34.46225, -0.42225], [34.4615, -0.42225], [34.4615, -0.42025], [34.46125, -0.42025], [34.46125, -0.4195], [34.461, -0.4195], [34.461, -0.41975], [34.4605, -0.41975], [34.4605, -0.41925], [34.45975, -0.41925], [34.45975, -0.419], [34.45875, -0.419], [34.45875, -0.41875], [34.458, -0.41875], [34.458, -0.4185], [34.45725, -0.4185], [34.45725, -0.41825], [34.457, -0.41825], [34.457, -0.418], [34.45625, -0.418], [34.45625, -0.41775], [34.456, -0.41775], [34.456, -0.4175], [34.45575, -0.4175], [34.45575, -0.41725], [34.4555, -0.41725], [34.4555, -0.417], [34.45525, -0.417], [34.45525, -0.41675], [34.455, -0.41675], [34.455, -0.41625], [34.45425, -0.41625], [34.45425, -0.41500000000000004], [34.4545, -0.41500000000000004], [34.4545, -0.41275], [34.45425, -0.41275], [34.45425, -0.41225], [34.454, -0.41225], [34.454, -0.41200000000000003], [34.45375, -0.41200000000000003], [34.45375, -0.41175], [34.4535, -0.41175], [34.4535, -0.41150000000000003], [34.45325, -0.41150000000000003], [34.45325, -0.41125], [34.453, -0.41125], [34.453, -0.41075], [34.45275, -0.41075], [34.45275, -0.41050000000000003], [34.4525, -0.41050000000000003], [34.4525, -0.41025], [34.45225, -0.41025], [34.45225, -0.404], [34.452, -0.404], [34.452, -0.40325], [34.45175, -0.40325], [34.45175, -0.403], [34.4515, -0.403], [34.4515, -0.40075], [34.451, -0.40075], [34.451, -0.4], [34.45075, -0.4], [34.45075, -0.3995], [34.4505, -0.3995], [34.4505, -0.399], [34.45025, -0.399], [34.45025, -0.3985], [34.45, -0.3985], [34.45, -0.39825], [34.4485, -0.39825], [34.4485, -0.39775], [34.44825, -0.39775], [34.44825, -0.3975], [34.4475, -0.3975], [34.4475, -0.39725], [34.44725, -0.39725], [34.44725, -0.39675], [34.447, -0.39675], [34.447, -0.39525], [34.44725, -0.39525], [34.44725, -0.39475], [34.4475, -0.39475], [34.4475, -0.39425], [34.448, -0.39425], [34.448, -0.39375], [34.44825, -0.39375], [34.44825, -0.39325], [34.4485, -0.39325], [34.4485, -0.393], [34.44875, -0.393], [34.44875, -0.3925], [34.449, -0.3925], [34.449, -0.392], [34.44925, -0.392], [34.44925, -0.3915], [34.4495, -0.3915], [34.4495, -0.39075], [34.44975, -0.39075], [34.44975, -0.3895], [34.45, -0.3895], [34.45, -0.38375000000000004], [34.44975, -0.38375000000000004], [34.44975, -0.3835], [34.45025, -0.3835], [34.45025, -0.38325000000000004], [34.45075, -0.38325000000000004], [34.45075, -0.383], [34.451, -0.383], [34.451, -0.38275000000000003], [34.4515, -0.38275000000000003], [34.4515, -0.3825], [34.45175, -0.3825], [34.45175, -0.38175000000000003], [34.452, -0.38175000000000003], [34.452, -0.38125000000000003], [34.45225, -0.38125000000000003], [34.45225, -0.381], [34.4525, -0.381], [34.4525, -0.38075000000000003], [34.45275, -0.38075000000000003], [34.45275, -0.3805], [34.453, -0.3805], [34.453, -0.38025000000000003], [34.4535, -0.38025000000000003], [34.4535, -0.37975000000000003], [34.45375, -0.37975000000000003], [34.45375, -0.37625000000000003], [34.4535, -0.37625000000000003], [34.4535, -0.37575000000000003], [34.45375, -0.37575000000000003], [34.45375, -0.37475], [34.454, -0.37475], [34.454, -0.37425], [34.45425, -0.37425], [34.45425, -0.374], [34.4545, -0.374], [34.4545, -0.37375], [34.455, -0.37375], [34.455, -0.3735], [34.45575, -0.3735], [34.45575, -0.37325], [34.45625, -0.37325], [34.45625, -0.373], [34.4565, -0.373], [34.4565, -0.37275], [34.45675, -0.37275], [34.45675, -0.3725], [34.457, -0.3725], [34.457, -0.372], [34.45725, -0.372], [34.45725, -0.371], [34.4575, -0.371], [34.4575, -0.37025], [34.45725, -0.37025], [34.45725, -0.36975], [34.4575, -0.36975], [34.4575, -0.3695], [34.45725, -0.3695], [34.45725, -0.3685], [34.4575, -0.3685], [34.4575, -0.36825], [34.45775, -0.36825], [34.45775, -0.36775], [34.458, -0.36775], [34.458, -0.3675], [34.45875, -0.3675], [34.45875, -0.367], [34.459, -0.367], [34.459, -0.36625], [34.45925, -0.36625], [34.45925, -0.3655], [34.4595, -0.3655], [34.4595, -0.36425], [34.45975, -0.36425], [34.45975, -0.364], [34.46, -0.364], [34.46, -0.363], [34.461, -0.363], [34.461, -0.36275], [34.46125, -0.36275], [34.46125, -0.3625], [34.4615, -0.3625], [34.4615, -0.362], [34.462, -0.362], [34.462, -0.361], [34.46225, -0.361], [34.46225, -0.36], [34.462, -0.36], [34.462, -0.35875], [34.46225, -0.35875], [34.46225, -0.35725], [34.4625, -0.35725], [34.4625, -0.355], [34.46225, -0.355], [34.46225, -0.35375], [34.4625, -0.35375], [34.4625, -0.3535], [34.46325, -0.3535], [34.46325, -0.35325], [34.4635, -0.35325], [34.4635, -0.353], [34.46425, -0.353], [34.46425, -0.35275], [34.4645, -0.35275], [34.4645, -0.35225], [34.46475, -0.35225], [34.46475, -0.352], [34.46575, -0.352], [34.46575, -0.35175], [34.466, -0.35175], [34.466, -0.35150000000000003], [34.46775, -0.35150000000000003], [34.46775, -0.35125], [34.46925, -0.35125], [34.46925, -0.35100000000000003], [34.46975, -0.35100000000000003], [34.46975, -0.35050000000000003], [34.47025, -0.35050000000000003], [34.47025, -0.35100000000000003], [34.4705, -0.35100000000000003], [34.4705, -0.35050000000000003], [34.471, -0.35050000000000003], [34.471, -0.35025], [34.47125, -0.35025], [34.47125, -0.35000000000000003], [34.47175, -0.35000000000000003], [34.47175, -0.34975], [34.4725, -0.34975], [34.4725, -0.34950000000000003], [34.47275, -0.34950000000000003], [34.47275, -0.34925], [34.473, -0.34925], [34.473, -0.34900000000000003], [34.4735, -0.34900000000000003], [34.4735, -0.34875], [34.474, -0.34875], [34.474, -0.34850000000000003], [34.47425, -0.34850000000000003], [34.47425, -0.34825], [34.475, -0.34825], [34.475, -0.34800000000000003], [34.47525, -0.34800000000000003], [34.47525, -0.34775], [34.476, -0.34775], [34.476, -0.34750000000000003], [34.4765, -0.34750000000000003], [34.4765, -0.34700000000000003], [34.47725, -0.34700000000000003], [34.47725, -0.34775], [34.4775, -0.34775], [34.4775, -0.34750000000000003], [34.47775, -0.34750000000000003], [34.47775, -0.34800000000000003], [34.4805, -0.34800000000000003], [34.4805, -0.34775], [34.48075, -0.34775], [34.48075, -0.34800000000000003], [34.48125, -0.34800000000000003], [34.48125, -0.34825], [34.482, -0.34825], [34.482, -0.34800000000000003], [34.48275, -0.34800000000000003], [34.48275, -0.34825], [34.4835, -0.34825], [34.4835, -0.34800000000000003], [34.4855, -0.34800000000000003], [34.4855, -0.34775], [34.4875, -0.34775], [34.4875, -0.34750000000000003], [34.488, -0.34750000000000003], [34.488, -0.34700000000000003], [34.48825, -0.34700000000000003], [34.48825, -0.34750000000000003], [34.49075, -0.34750000000000003], [34.49075, -0.34700000000000003], [34.4905, -0.34700000000000003], [34.4905, -0.34675], [34.49025, -0.34675], [34.49025, -0.34650000000000003], [34.4905, -0.34650000000000003], [34.4905, -0.34625], [34.49175, -0.34625], [34.49175, -0.34600000000000003], [34.49225, -0.34600000000000003], [34.49225, -0.34575], [34.4935, -0.34575], [34.4935, -0.34550000000000003], [34.4945, -0.34550000000000003], [34.4945, -0.34525], [34.4955, -0.34525], [34.4955, -0.34500000000000003], [34.49575, -0.34500000000000003], [34.49575, -0.34475], [34.496, -0.34475], [34.496, -0.34450000000000003], [34.4965, -0.34450000000000003], [34.4965, -0.34400000000000003], [34.49675, -0.34400000000000003], [34.49675, -0.3425], [34.497, -0.3425], [34.497, -0.34225], [34.49725, -0.34225], [34.49725, -0.34075], [34.4975, -0.34075], [34.4975, -0.341], [34.499, -0.341], [34.499, -0.34075], [34.5, -0.34075], [34.5, -0.341], [34.501, -0.341], [34.501, -0.34125], [34.50125, -0.34125], [34.50125, -0.341], [34.5015, -0.341], [34.5015, -0.34125], [34.50175, -0.34125], [34.50175, -0.3415], [34.502, -0.3415], [34.502, -0.34125], [34.50225, -0.34125], [34.50225, -0.341], [34.5025, -0.341], [34.5025, -0.34075], [34.503, -0.34075], [34.503, -0.34025], [34.5035, -0.34025], [34.5035, -0.34], [34.5045, -0.34], [34.5045, -0.33975], [34.505, -0.33975], [34.505, -0.3395], [34.5055, -0.3395], [34.5055, -0.33875], [34.50575, -0.33875], [34.50575, -0.3385], [34.506, -0.3385], [34.506, -0.33775], [34.50675, -0.33775], [34.50675, -0.33725], [34.50625, -0.33725], [34.50625, -0.33675], [34.507, -0.33675], [34.507, -0.3365], [34.5075, -0.3365], [34.5075, -0.33625], [34.50775, -0.33625], [34.50775, -0.336], [34.5115, -0.336], [34.5115, -0.33575], [34.51275, -0.33575], [34.51275, -0.336], [34.514, -0.336], [34.514, -0.33625], [34.5155, -0.33625], [34.5155, -0.336], [34.516, -0.336], [34.516, -0.33575], [34.5165, -0.33575], [34.5165, -0.3355], [34.51675, -0.3355], [34.51675, -0.335], [34.51725, -0.335], [34.51725, -0.33475], [34.51775, -0.33475], [34.51775, -0.33375], [34.518, -0.33375], [34.518, -0.333], [34.51825, -0.333], [34.51825, -0.33225], [34.5185, -0.33225], [34.5185, -0.33175], [34.51875, -0.33175], [34.51875, -0.3315], [34.519, -0.3315], [34.519, -0.33125], [34.51925, -0.33125], [34.51925, -0.3315], [34.5195, -0.3315], [34.5195, -0.331], [34.51975, -0.331], [34.51975, -0.3315], [34.52, -0.3315], [34.52, -0.331], [34.5215, -0.331], [34.5215, -0.33125], [34.52175, -0.33125], [34.52175, -0.331], [34.52275, -0.331], [34.52275, -0.33075], [34.5245, -0.33075], [34.5245, -0.331], [34.525, -0.331], [34.525, -0.33125], [34.5255, -0.33125], [34.5255, -0.3315], [34.526, -0.3315], [34.526, -0.33175], [34.5265, -0.33175], [34.5265, -0.332], [34.52675, -0.332], [34.52675, -0.33225], [34.52775, -0.33225], [34.52775, -0.332], [34.52875, -0.332], [34.52875, -0.33175], [34.529, -0.33175], [34.529, -0.3315], [34.5295, -0.3315], [34.5295, -0.33125], [34.53025, -0.33125], [34.53025, -0.331], [34.531, -0.331], [34.531, -0.33075], [34.53125, -0.33075], [34.53125, -0.33125], [34.532, -0.33125], [34.532, -0.331], [34.53175, -0.331], [34.53175, -0.3305], [34.5325, -0.3305], [34.5325, -0.33075], [34.53225, -0.33075], [34.53225, -0.331], [34.5325, -0.331], [34.5325, -0.33125], [34.533, -0.33125], [34.533, -0.331], [34.53375, -0.331], [34.53375, -0.33125], [34.5345, -0.33125], [34.5345, -0.331], [34.5355, -0.331], [34.5355, -0.33075], [34.53575, -0.33075], [34.53575, -0.3305], [34.5365, -0.3305], [34.5365, -0.33025], [34.53675, -0.33025], [34.53675, -0.32975], [34.537, -0.32975], [34.537, -0.3295], [34.53725, -0.3295], [34.53725, -0.32975], [34.538, -0.32975], [34.538, -0.3295], [34.53825, -0.3295], [34.53825, -0.32975], [34.53875, -0.32975], [34.53875, -0.33025], [34.5395, -0.33025], [34.5395, -0.32975], [34.5405, -0.32975], [34.5405, -0.3295], [34.5415, -0.3295], [34.5415, -0.32925], [34.542, -0.32925], [34.542, -0.329], [34.5425, -0.329], [34.5425, -0.32875], [34.54275, -0.32875], [34.54275, -0.3285], [34.54375, -0.3285], [34.54375, -0.32825], [34.54525, -0.32825], [34.54525, -0.3275], [34.54325, -0.3275], [34.54325, -0.32725], [34.544, -0.32725], [34.544, -0.327], [34.54775, -0.327], [34.54775, -0.32725], [34.55075, -0.32725], [34.55075, -0.328], [34.551, -0.328], [34.551, -0.32825], [34.55125, -0.32825], [34.55125, -0.32875], [34.552, -0.32875], [34.552, -0.32725], [34.55275, -0.32725], [34.55275, -0.3275], [34.5535, -0.3275], [34.5535, -0.32725], [34.5545, -0.32725], [34.5545, -0.3275], [34.5555, -0.3275], [34.5555, -0.32775], [34.556, -0.32775], [34.556, -0.328], [34.55625, -0.328], [34.55625, -0.32825], [34.55675, -0.32825], [34.55675, -0.3285], [34.557, -0.3285], [34.557, -0.32875], [34.55725, -0.32875], [34.55725, -0.329], [34.5575, -0.329], [34.5575, -0.32875], [34.55875, -0.32875], [34.55875, -0.329], [34.56075, -0.329], [34.56075, -0.32925], [34.56225, -0.32925], [34.56225, -0.3295], [34.56275, -0.3295], [34.56275, -0.32975], [34.5635, -0.32975], [34.5635, -0.33025], [34.564, -0.33025], [34.564, -0.3305], [34.5645, -0.3305], [34.5645, -0.33075], [34.56475, -0.33075], [34.56475, -0.331], [34.565, -0.331], [34.565, -0.33125], [34.56575, -0.33125], [34.56575, -0.3315], [34.5665, -0.3315], [34.5665, -0.33175], [34.5675, -0.33175], [34.5675, -0.332], [34.568, -0.332], [34.568, -0.33225], [34.56825, -0.33225], [34.56825, -0.3325], [34.5685, -0.3325], [34.5685, -0.333], [34.569, -0.333], [34.569, -0.33325], [34.56925, -0.33325], [34.56925, -0.33375], [34.5695, -0.33375], [34.5695, -0.334], [34.56975, -0.334], [34.56975, -0.33425], [34.57, -0.33425], [34.57, -0.33475], [34.57075, -0.33475], [34.57075, -0.335], [34.571, -0.335], [34.571, -0.3355], [34.57175, -0.3355], [34.57175, -0.33575], [34.57275, -0.33575], [34.57275, -0.3355], [34.57325, -0.3355], [34.57325, -0.33575], [34.574, -0.33575], [34.574, -0.336], [34.57425, -0.336], [34.57425, -0.33625], [34.57475, -0.33625], [34.57475, -0.336], [34.57525, -0.336], [34.57525, -0.33625], [34.5755, -0.33625], [34.5755, -0.3365], [34.576, -0.3365], [34.576, -0.33675], [34.57625, -0.33675], [34.57625, -0.33725], [34.5765, -0.33725], [34.5765, -0.3375], [34.57675, -0.3375], [34.57675, -0.33775], [34.577, -0.33775], [34.577, -0.338], [34.57725, -0.338], [34.57725, -0.33825], [34.5775, -0.33825], [34.5775, -0.3385], [34.57775, -0.3385], [34.57775, -0.33875], [34.578, -0.33875], [34.578, -0.339], [34.57825, -0.339], [34.57825, -0.33925], [34.5785, -0.33925], [34.5785, -0.3395], [34.57875, -0.3395], [34.57875, -0.33975], [34.579, -0.33975], [34.579, -0.34075], [34.5795, -0.34075], [34.5795, -0.341], [34.57975, -0.341], [34.57975, -0.3415], [34.58, -0.3415], [34.58, -0.34175], [34.58025, -0.34175], [34.58025, -0.342], [34.5805, -0.342], [34.5805, -0.34225], [34.58075, -0.34225], [34.58075, -0.3425], [34.581, -0.3425], [34.581, -0.34275], [34.5815, -0.34275], [34.5815, -0.343], [34.58175, -0.343], [34.58175, -0.34325], [34.58225, -0.34325], [34.58225, -0.34400000000000003], [34.5825, -0.34400000000000003], [34.5825, -0.34425], [34.58325, -0.34425], [34.58325, -0.34450000000000003], [34.5835, -0.34450000000000003], [34.5835, -0.34475], [34.58375, -0.34475], [34.58375, -0.34500000000000003], [34.58425, -0.34500000000000003], [34.58425, -0.34525], [34.58475, -0.34525], [34.58475, -0.34550000000000003], [34.5855, -0.34550000000000003], [34.5855, -0.34575], [34.587, -0.34575], [34.587, -0.34600000000000003], [34.5875, -0.34600000000000003], [34.5875, -0.34575], [34.589, -0.34575], [34.589, -0.34600000000000003], [34.59075, -0.34600000000000003], [34.59075, -0.34625], [34.59425, -0.34625], [34.59425, -0.34650000000000003], [34.596, -0.34650000000000003], [34.596, -0.34675], [34.59725, -0.34675], [34.59725, -0.34650000000000003], [34.6055, -0.34650000000000003], [34.6055, -0.34675], [34.60625, -0.34675], [34.60625, -0.34700000000000003], [34.6075, -0.34700000000000003], [34.6075, -0.34750000000000003], [34.608, -0.34750000000000003], [34.608, -0.34775], [34.60875, -0.34775], [34.60875, -0.34800000000000003], [34.60975, -0.34800000000000003], [34.60975, -0.34825], [34.61, -0.34825], [34.61, -0.34800000000000003], [34.61075, -0.34800000000000003], [34.61075, -0.34775], [34.61125, -0.34775], [34.61125, -0.34750000000000003], [34.6115, -0.34750000000000003], [34.6115, -0.34700000000000003], [34.61175, -0.34700000000000003], [34.61175, -0.34650000000000003], [34.612, -0.34650000000000003], [34.612, -0.34625], [34.61225, -0.34625], [34.61225, -0.34600000000000003], [34.6125, -0.34600000000000003], [34.6125, -0.34575], [34.61275, -0.34575], [34.61275, -0.34550000000000003], [34.61325, -0.34550000000000003], [34.61325, -0.34525], [34.6135, -0.34525], [34.6135, -0.34475], [34.614, -0.34475], [34.614, -0.34425], [34.61425, -0.34425], [34.61425, -0.3435], [34.6145, -0.3435], [34.6145, -0.34325], [34.61475, -0.34325], [34.61475, -0.343], [34.615, -0.343], [34.615, -0.34275], [34.61525, -0.34275], [34.61525, -0.3425], [34.6155, -0.3425], [34.6155, -0.34225], [34.616, -0.34225], [34.616, -0.342], [34.61675, -0.342], [34.61675, -0.34175], [34.61775, -0.34175], [34.61775, -0.3415], [34.6185, -0.3415], [34.6185, -0.34125], [34.61925, -0.34125], [34.61925, -0.341], [34.62475, -0.341], [34.62475, -0.34125], [34.6255, -0.34125], [34.6255, -0.3415], [34.626, -0.3415], [34.626, -0.34125], [34.62625, -0.34125], [34.62625, -0.341], [34.62875, -0.341], [34.62875, -0.34125], [34.629, -0.34125], [34.629, -0.3415], [34.62925, -0.3415], [34.62925, -0.34275], [34.6295, -0.34275], [34.6295, -0.34325], [34.62975, -0.34325], [34.62975, -0.34400000000000003], [34.63, -0.34400000000000003], [34.63, -0.34425], [34.63025, -0.34425], [34.63025, -0.34475], [34.6305, -0.34475], [34.6305, -0.34500000000000003], [34.63075, -0.34500000000000003], [34.63075, -0.34525], [34.63125, -0.34525], [34.63125, -0.34575], [34.6315, -0.34575], [34.6315, -0.34625], [34.63175, -0.34625], [34.63175, -0.34650000000000003], [34.632, -0.34650000000000003], [34.632, -0.34675], [34.63225, -0.34675], [34.63225, -0.34700000000000003], [34.6325, -0.34700000000000003], [34.6325, -0.34750000000000003], [34.63275, -0.34750000000000003], [34.63275, -0.34800000000000003], [34.633, -0.34800000000000003], [34.633, -0.34850000000000003], [34.63325, -0.34850000000000003], [34.63325, -0.34875], [34.6335, -0.34875], [34.6335, -0.34925], [34.63375, -0.34925], [34.63375, -0.34950000000000003], [34.635, -0.34950000000000003], [34.635, -0.34975], [34.636, -0.34975], [34.636, -0.35000000000000003], [34.637, -0.35000000000000003], [34.637, -0.35025], [34.63825, -0.35025], [34.63825, -0.35000000000000003], [34.64025, -0.35000000000000003], [34.64025, -0.35025], [34.64125, -0.35025], [34.64125, -0.35000000000000003], [34.64375, -0.35000000000000003], [34.64375, -0.34975], [34.64575, -0.34975], [34.64575, -0.35000000000000003], [34.646, -0.35000000000000003], [34.646, -0.35025], [34.64625, -0.35025], [34.64625, -0.35050000000000003], [34.64675, -0.35050000000000003], [34.64675, -0.35100000000000003], [34.64725, -0.35100000000000003], [34.64725, -0.35050000000000003], [34.649, -0.35050000000000003], [34.649, -0.35100000000000003], [34.6495, -0.35100000000000003], [34.6495, -0.35150000000000003], [34.64975, -0.35150000000000003], [34.64975, -0.35175], [34.652, -0.35175], [34.652, -0.35150000000000003], [34.65225, -0.35150000000000003], [34.65225, -0.35125], [34.65425, -0.35125], [34.65425, -0.35100000000000003], [34.65475, -0.35100000000000003], [34.65475, -0.35175], [34.655, -0.35175], [34.655, -0.352], [34.6555, -0.352], [34.6555, -0.3525], [34.65575, -0.3525], [34.65575, -0.353], [34.65625, -0.353], [34.65625, -0.35325], [34.6565, -0.35325], [34.6565, -0.353], [34.657, -0.353], [34.657, -0.3535], [34.65775, -0.3535], [34.65775, -0.35375], [34.65825, -0.35375], [34.65825, -0.354], [34.659, -0.354], [34.659, -0.3545], [34.65925, -0.3545], [34.65925, -0.35475], [34.66025, -0.35475], [34.66025, -0.355], [34.661, -0.355], [34.661, -0.35475], [34.66125, -0.35475], [34.66125, -0.355], [34.66175, -0.355], [34.66175, -0.35475], [34.6625, -0.35475], [34.6625, -0.3545], [34.663, -0.3545], [34.663, -0.354], [34.66375, -0.354], [34.66375, -0.35375], [34.664, -0.35375], [34.664, -0.3535], [34.6645, -0.3535], [34.6645, -0.35325], [34.66475, -0.35325], [34.66475, -0.353], [34.66575, -0.353], [34.66575, -0.35275], [34.66675, -0.35275], [34.66675, -0.3525], [34.66775, -0.3525], [34.66775, -0.35225], [34.67, -0.35225], [34.67, -0.3525], [34.67075, -0.3525], [34.67075, -0.35275], [34.67125, -0.35275], [34.67125, -0.353], [34.67175, -0.353], [34.67175, -0.35325], [34.672, -0.35325], [34.672, -0.3535], [34.67275, -0.3535], [34.67275, -0.35375], [34.673, -0.35375], [34.673, -0.354], [34.67325, -0.354], [34.67325, -0.3545], [34.674, -0.3545], [34.674, -0.35475], [34.6745, -0.35475], [34.6745, -0.355], [34.675, -0.355], [34.675, -0.35525], [34.67875, -0.35525], [34.67875, -0.3555], [34.68, -0.3555], [34.68, -0.35525], [34.68125, -0.35525], [34.68125, -0.3555], [34.68225, -0.3555], [34.68225, -0.35525], [34.683, -0.35525], [34.683, -0.355], [34.68325, -0.355], [34.68325, -0.35475], [34.6835, -0.35475], [34.6835, -0.3545], [34.68375, -0.3545], [34.68375, -0.354], [34.684, -0.354], [34.684, -0.3535], [34.68425, -0.3535], [34.68425, -0.353], [34.6845, -0.353], [34.6845, -0.3525], [34.68475, -0.3525], [34.68475, -0.352], [34.685, -0.352], [34.685, -0.35175], [34.68525, -0.35175], [34.68525, -0.35150000000000003], [34.6855, -0.35150000000000003], [34.6855, -0.35125], [34.68575, -0.35125], [34.68575, -0.35100000000000003], [34.6865, -0.35100000000000003], [34.6865, -0.35050000000000003], [34.68675, -0.35050000000000003], [34.68675, -0.35025], [34.687, -0.35025], [34.687, -0.35000000000000003], [34.6875, -0.35000000000000003], [34.6875, -0.34975], [34.68775, -0.34975], [34.68775, -0.34950000000000003], [34.68825, -0.34950000000000003], [34.68825, -0.34925], [34.6885, -0.34925], [34.6885, -0.34950000000000003], [34.689, -0.34950000000000003], [34.689, -0.34975], [34.69025, -0.34975], [34.69025, -0.35000000000000003], [34.69125, -0.35000000000000003], [34.69125, -0.35025], [34.69225, -0.35025], [34.69225, -0.35050000000000003], [34.69275, -0.35050000000000003], [34.69275, -0.35100000000000003], [34.69375, -0.35100000000000003], [34.69375, -0.35125], [34.6945, -0.35125], [34.6945, -0.35150000000000003], [34.695, -0.35150000000000003], [34.695, -0.35175], [34.69575, -0.35175], [34.69575, -0.352], [34.69625, -0.352], [34.69625, -0.35225], [34.6975, -0.35225], [34.6975, -0.3525], [34.698, -0.3525], [34.698, -0.35275], [34.69975, -0.35275], [34.69975, -0.3525], [34.70075, -0.3525], [34.70075, -0.35225], [34.701, -0.35225], [34.701, -0.352], [34.7015, -0.352], [34.7015, -0.35175], [34.702, -0.35175], [34.702, -0.35150000000000003], [34.7025, -0.35150000000000003], [34.7025, -0.35125], [34.703, -0.35125], [34.703, -0.35100000000000003], [34.70325, -0.35100000000000003], [34.70325, -0.35050000000000003], [34.70375, -0.35050000000000003], [34.70375, -0.35025], [34.70425, -0.35025], [34.70425, -0.35000000000000003], [34.70475, -0.35000000000000003], [34.70475, -0.34975], [34.70575, -0.34975], [34.70575, -0.34950000000000003], [34.70625, -0.34950000000000003], [34.70625, -0.34925], [34.7065, -0.34925], [34.7065, -0.34900000000000003], [34.70725, -0.34900000000000003], [34.70725, -0.34875], [34.7075, -0.34875], [34.7075, -0.34850000000000003], [34.708, -0.34850000000000003], [34.708, -0.34825], [34.7095, -0.34825], [34.7095, -0.34850000000000003], [34.70975, -0.34850000000000003], [34.70975, -0.34875], [34.71, -0.34875], [34.71, -0.34900000000000003], [34.71025, -0.34900000000000003], [34.71025, -0.35000000000000003], [34.71075, -0.35000000000000003], [34.71075, -0.35050000000000003], [34.711, -0.35050000000000003], [34.711, -0.35100000000000003], [34.7115, -0.35100000000000003], [34.7115, -0.35125], [34.71175, -0.35125], [34.71175, -0.35150000000000003], [34.712, -0.35150000000000003], [34.712, -0.35175], [34.71225, -0.35175], [34.71225, -0.352], [34.71275, -0.352], [34.71275, -0.35225], [34.713, -0.35225], [34.713, -0.3525], [34.7135, -0.3525], [34.7135, -0.35275], [34.7145, -0.35275], [34.7145, -0.353], [34.71475, -0.353], [34.71475, -0.35275], [34.715, -0.35275], [34.715, -0.353], [34.71725, -0.353], [34.71725, -0.35275], [34.7185, -0.35275], [34.7185, -0.3525], [34.7195, -0.3525], [34.7195, -0.35225], [34.72, -0.35225], [34.72, -0.352], [34.72225, -0.352], [34.72225, -0.35225], [34.72275, -0.35225], [34.72275, -0.3525], [34.72325, -0.3525], [34.72325, -0.35275], [34.7235, -0.35275], [34.7235, -0.353], [34.7245, -0.353], [34.7245, -0.35325], [34.72525, -0.35325], [34.72525, -0.3535], [34.72675, -0.3535], [34.72675, -0.35325], [34.72725, -0.35325], [34.72725, -0.353], [34.7275, -0.353], [34.7275, -0.35275], [34.72875, -0.35275], [34.72875, -0.353], [34.7305, -0.353], [34.7305, -0.35325], [34.7325, -0.35325], [34.7325, -0.3535], [34.735, -0.3535], [34.735, -0.35325], [34.7355, -0.35325], [34.7355, -0.353], [34.736, -0.353], [34.736, -0.35275], [34.73625, -0.35275], [34.73625, -0.3525], [34.7365, -0.3525], [34.7365, -0.35225], [34.737, -0.35225], [34.737, -0.352], [34.73725, -0.352], [34.73725, -0.35175], [34.7375, -0.35175], [34.7375, -0.35125], [34.73775, -0.35125], [34.73775, -0.35100000000000003], [34.738, -0.35100000000000003], [34.738, -0.35050000000000003], [34.7385, -0.35050000000000003], [34.7385, -0.35025], [34.739, -0.35025], [34.739, -0.35000000000000003], [34.73925, -0.35000000000000003], [34.73925, -0.34975], [34.7395, -0.34975], [34.7395, -0.34950000000000003], [34.73975, -0.34950000000000003], [34.73975, -0.34925], [34.74, -0.34925], [34.74, -0.34900000000000003], [34.74125, -0.34900000000000003], [34.74125, -0.34950000000000003], [34.7415, -0.34950000000000003], [34.7415, -0.35000000000000003], [34.742, -0.35000000000000003], [34.742, -0.35025], [34.7425, -0.35025], [34.7425, -0.35050000000000003], [34.743, -0.35050000000000003], [34.743, -0.35025], [34.74325, -0.35025], [34.74325, -0.35000000000000003], [34.74375, -0.35000000000000003], [34.74375, -0.34975], [34.74725, -0.34975], [34.74725, -0.35000000000000003], [34.74925, -0.35000000000000003], [34.74925, -0.34975], [34.75, -0.34975], [34.75, -0.35000000000000003], [34.751, -0.35000000000000003], [34.751, -0.34975], [34.75125, -0.34975], [34.75125, -0.35000000000000003], [34.75225, -0.35000000000000003], [34.75225, -0.35025], [34.75275, -0.35025], [34.75275, -0.35050000000000003], [34.753, -0.35050000000000003], [34.753, -0.35100000000000003], [34.75325, -0.35100000000000003], [34.75325, -0.35125], [34.75375, -0.35125], [34.75375, -0.35150000000000003], [34.75425, -0.35150000000000003], [34.75425, -0.35175], [34.75475, -0.35175], [34.75475, -0.352], [34.75575, -0.352], [34.75575, -0.35225], [34.756, -0.35225], [34.756, -0.3525], [34.7565, -0.3525], [34.7565, -0.35225], [34.75675, -0.35225], [34.75675, -0.352], [34.75725, -0.352], [34.75725, -0.35175], [34.758, -0.35175], [34.758, -0.35150000000000003], [34.75875, -0.35150000000000003], [34.75875, -0.35125], [34.75925, -0.35125], [34.75925, -0.35100000000000003], [34.7595, -0.35100000000000003], [34.7595, -0.35050000000000003], [34.76, -0.35050000000000003], [34.76, -0.35025], [34.76025, -0.35025], [34.76025, -0.35000000000000003], [34.7605, -0.35000000000000003], [34.7605, -0.34975], [34.76075, -0.34975], [34.76075, -0.34950000000000003], [34.761, -0.34950000000000003], [34.761, -0.34900000000000003], [34.76125, -0.34900000000000003], [34.76125, -0.34850000000000003], [34.7615, -0.34850000000000003], [34.7615, -0.34825], [34.76175, -0.34825], [34.76175, -0.34775], [34.762, -0.34775], [34.762, -0.34675], [34.7625, -0.34675], [34.7625, -0.34600000000000003], [34.76275, -0.34600000000000003], [34.76275, -0.34550000000000003], [34.763, -0.34550000000000003], [34.763, -0.34475], [34.76325, -0.34475], [34.76325, -0.34425], [34.7635, -0.34425], [34.7635, -0.34325], [34.76375, -0.34325], [34.76375, -0.3425], [34.764, -0.3425], [34.764, -0.34175], [34.76425, -0.34175], [34.76425, -0.341], [34.7645, -0.341], [34.7645, -0.33975], [34.76475, -0.33975], [34.76475, -0.339], [34.765, -0.339], [34.765, -0.338], [34.76525, -0.338], [34.76525, -0.33675], [34.7655, -0.33675], [34.7655, -0.33625], [34.766, -0.33625], [34.766, -0.33475], [34.76625, -0.33475], [34.76625, -0.33425], [34.7665, -0.33425], [34.7665, -0.33275], [34.76675, -0.33275], [34.76675, -0.3325], [34.7665, -0.3325], [34.7665, -0.332], [34.76675, -0.332], [34.76675, -0.33125], [34.767, -0.33125], [34.767, -0.32775], [34.76725, -0.32775], [34.76725, -0.326], [34.767, -0.326], [34.767, -0.32525], [34.76675, -0.32525], [34.76675, -0.325], [34.7665, -0.325], [34.7665, -0.32475], [34.76625, -0.32475], [34.76625, -0.3245], [34.766, -0.3245], [34.766, -0.32425], [34.7655, -0.32425], [34.7655, -0.32375], [34.76525, -0.32375], [34.76525, -0.323], [34.765, -0.323], [34.765, -0.32275], [34.76475, -0.32275], [34.76475, -0.3225], [34.7645, -0.3225], [34.7645, -0.32225], [34.76425, -0.32225], [34.76425, -0.322], [34.76375, -0.322], [34.76375, -0.32175], [34.7635, -0.32175], [34.7635, -0.3215], [34.76275, -0.3215], [34.76275, -0.32125], [34.762, -0.32125], [34.762, -0.321], [34.7615, -0.321], [34.7615, -0.32075], [34.76125, -0.32075], [34.76125, -0.3205], [34.761, -0.3205], [34.761, -0.32025], [34.76075, -0.32025], [34.76075, -0.32], [34.7605, -0.32], [34.7605, -0.3195], [34.76025, -0.3195], [34.76025, -0.31925000000000003], [34.76, -0.31925000000000003], [34.76, -0.319], [34.75975, -0.319], [34.75975, -0.31875000000000003], [34.75925, -0.31875000000000003], [34.75925, -0.3185], [34.75875, -0.3185], [34.75875, -0.31825000000000003], [34.7585, -0.31825000000000003], [34.7585, -0.31775000000000003], [34.75825, -0.31775000000000003], [34.75825, -0.31725000000000003], [34.758, -0.31725000000000003], [34.758, -0.317], [34.75775, -0.317], [34.75775, -0.31675000000000003], [34.7575, -0.31675000000000003], [34.7575, -0.3165], [34.75725, -0.3165], [34.75725, -0.316], [34.757, -0.316], [34.757, -0.31575000000000003], [34.75675, -0.31575000000000003], [34.75675, -0.31525000000000003], [34.7565, -0.31525000000000003], [34.7565, -0.31475000000000003], [34.75625, -0.31475000000000003], [34.75625, -0.31425000000000003], [34.756, -0.31425000000000003], [34.756, -0.31375000000000003], [34.75575, -0.31375000000000003], [34.75575, -0.3135], [34.75525, -0.3135], [34.75525, -0.313], [34.755, -0.313], [34.755, -0.3115], [34.75475, -0.3115], [34.75475, -0.30875], [34.755, -0.30875], [34.755, -0.3075], [34.75525, -0.3075], [34.75525, -0.3065], [34.75575, -0.3065], [34.75575, -0.30475], [34.756, -0.30475], [34.756, -0.3035], [34.75625, -0.3035], [34.75625, -0.30225], [34.7565, -0.30225], [34.7565, -0.30125], [34.75675, -0.30125], [34.75675, -0.3], [34.757, -0.3], [34.757, -0.2995], [34.7575, -0.2995], [34.7575, -0.29925], [34.758, -0.29925], [34.758, -0.29875], [34.7585, -0.29875], [34.7585, -0.2985], [34.75875, -0.2985], [34.75875, -0.29825], [34.7595, -0.29825], [34.7595, -0.298], [34.76025, -0.298], [34.76025, -0.29775], [34.7605, -0.29775], [34.7605, -0.2975], [34.76075, -0.2975], [34.76075, -0.29725], [34.761, -0.29725], [34.761, -0.29675], [34.76125, -0.29675], [34.76125, -0.2965], [34.7615, -0.2965], [34.7615, -0.29625], [34.76175, -0.29625], [34.76175, -0.296], [34.7625, -0.296], [34.7625, -0.29575], [34.76325, -0.29575], [34.76325, -0.29525], [34.76775, -0.29525], [34.76775, -0.295], [34.76825, -0.295], [34.76825, -0.29525], [34.769, -0.29525], [34.769, -0.295], [34.77, -0.295], [34.77, -0.29525], [34.771, -0.29525], [34.771, -0.29575], [34.77175, -0.29575], [34.77175, -0.29625], [34.77225, -0.29625], [34.77225, -0.2965], [34.7725, -0.2965], [34.7725, -0.29675], [34.773, -0.29675], [34.773, -0.297], [34.77325, -0.297], [34.77325, -0.2975], [34.7735, -0.2975], [34.7735, -0.30025], [34.77375, -0.30025], [34.77375, -0.3005], [34.7735, -0.3005], [34.7735, -0.301], [34.77325, -0.301], [34.77325, -0.30125], [34.774, -0.30125], [34.774, -0.301], [34.77425, -0.301], [34.77425, -0.30075], [34.7745, -0.30075], [34.7745, -0.3005], [34.77475, -0.3005], [34.77475, -0.30075], [34.775, -0.30075], [34.775, -0.3005], [34.77525, -0.3005], [34.77525, -0.3], [34.77575, -0.3], [34.77575, -0.29975], [34.7765, -0.29975], [34.7765, -0.2995], [34.777, -0.2995], [34.777, -0.29975], [34.77725, -0.29975], [34.77725, -0.30025], [34.7775, -0.30025], [34.7775, -0.301], [34.77775, -0.301], [34.77775, -0.30075], [34.778, -0.30075], [34.778, -0.3005], [34.77825, -0.3005], [34.77825, -0.29975], [34.7785, -0.29975], [34.7785, -0.29925], [34.77875, -0.29925], [34.77875, -0.2985], [34.779, -0.2985], [34.779, -0.298], [34.77925, -0.298], [34.77925, -0.29775], [34.7795, -0.29775], [34.7795, -0.2975], [34.78, -0.2975], [34.78, -0.297], [34.78025, -0.297], [34.78025, -0.2965], [34.7805, -0.2965], [34.7805, -0.29625], [34.78075, -0.29625], [34.78075, -0.296], [34.781, -0.296], [34.781, -0.29525], [34.78125, -0.29525], [34.78125, -0.295], [34.7815, -0.295], [34.7815, -0.29475], [34.78175, -0.29475], [34.78175, -0.2945], [34.782, -0.2945], [34.782, -0.294], [34.78225, -0.294], [34.78225, -0.29375], [34.78275, -0.29375], [34.78275, -0.2935], [34.78325, -0.2935], [34.78325, -0.293], [34.78375, -0.293], [34.78375, -0.29275], [34.784, -0.29275], [34.784, -0.2925], [34.78425, -0.2925], [34.78425, -0.29225], [34.7845, -0.29225], [34.7845, -0.29175], [34.78475, -0.29175], [34.78475, -0.2915], [34.785, -0.2915], [34.785, -0.29125], [34.7855, -0.29125], [34.7855, -0.291], [34.78575, -0.291], [34.78575, -0.29075], [34.786, -0.29075], [34.786, -0.2905], [34.78625, -0.2905], [34.78625, -0.29025], [34.78675, -0.29025], [34.78675, -0.29], [34.787, -0.29], [34.787, -0.28975], [34.78725, -0.28975], [34.78725, -0.2895], [34.78825, -0.2895], [34.78825, -0.29], [34.7885, -0.29], [34.7885, -0.2905], [34.78875, -0.2905], [34.78875, -0.291], [34.789, -0.291], [34.789, -0.29125], [34.78925, -0.29125], [34.78925, -0.2915], [34.7895, -0.2915], [34.7895, -0.29175], [34.78975, -0.29175], [34.78975, -0.2925], [34.79025, -0.2925], [34.79025, -0.29275], [34.7905, -0.29275], [34.7905, -0.293], [34.79075, -0.293], [34.79075, -0.2935], [34.791, -0.2935], [34.791, -0.29375], [34.79125, -0.29375], [34.79125, -0.29425], [34.7915, -0.29425], [34.7915, -0.2945], [34.79175, -0.2945], [34.79175, -0.29525], [34.792, -0.29525], [34.792, -0.296], [34.79225, -0.296], [34.79225, -0.29675], [34.7925, -0.29675], [34.7925, -0.29725], [34.79275, -0.29725], [34.79275, -0.29775], [34.793, -0.29775], [34.793, -0.29825], [34.79325, -0.29825], [34.79325, -0.29875], [34.79375, -0.29875], [34.79375, -0.2995], [34.794, -0.2995], [34.794, -0.3], [34.79425, -0.3], [34.79425, -0.30025], [34.7945, -0.30025], [34.7945, -0.30075], [34.79475, -0.30075], [34.79475, -0.30125], [34.795, -0.30125], [34.795, -0.30175], [34.79525, -0.30175], [34.79525, -0.302], [34.7955, -0.302], [34.7955, -0.30275], [34.79575, -0.30275], [34.79575, -0.303], [34.796, -0.303], [34.796, -0.3035], [34.79625, -0.3035], [34.79625, -0.304], [34.7965, -0.304], [34.7965, -0.30425], [34.79675, -0.30425], [34.79675, -0.30475], [34.79725, -0.30475], [34.79725, -0.30525], [34.7975, -0.30525], [34.7975, -0.306], [34.79775, -0.306], [34.79775, -0.3065], [34.798, -0.3065], [34.798, -0.307], [34.79825, -0.307], [34.79825, -0.3075], [34.7985, -0.3075], [34.7985, -0.30775], [34.79875, -0.30775], [34.79875, -0.30825], [34.799, -0.30825], [34.799, -0.30875], [34.79925, -0.30875], [34.79925, -0.309], [34.7995, -0.309], [34.7995, -0.3095], [34.79975, -0.3095], [34.79975, -0.31], [34.8, -0.31], [34.8, -0.31025], [34.80025, -0.31025], [34.80025, -0.3105], [34.80075, -0.3105], [34.80075, -0.311], [34.801, -0.311], [34.801, -0.31125], [34.80125, -0.31125], [34.80125, -0.3115], [34.8015, -0.3115], [34.8015, -0.31175], [34.80175, -0.31175], [34.80175, -0.312], [34.802, -0.312], [34.802, -0.31225], [34.80225, -0.31225], [34.80225, -0.3125], [34.8025, -0.3125], [34.8025, -0.313], [34.80275, -0.313], [34.80275, -0.31325000000000003], [34.803, -0.31325000000000003], [34.803, -0.3135], [34.80325, -0.3135], [34.80325, -0.314], [34.8035, -0.314], [34.8035, -0.31425000000000003], [34.804, -0.31425000000000003], [34.804, -0.3145], [34.8045, -0.3145], [34.8045, -0.31475000000000003], [34.80475, -0.31475000000000003], [34.80475, -0.315], [34.805, -0.315], [34.805, -0.31525000000000003], [34.80525, -0.31525000000000003], [34.80525, -0.3155], [34.8055, -0.3155], [34.8055, -0.31575000000000003], [34.80575, -0.31575000000000003], [34.80575, -0.316], [34.806, -0.316], [34.806, -0.3165], [34.80625, -0.3165], [34.80625, -0.31675000000000003], [34.8065, -0.31675000000000003], [34.8065, -0.317], [34.80675, -0.317], [34.80675, -0.31725000000000003], [34.807, -0.31725000000000003], [34.807, -0.3175], [34.8075, -0.3175], [34.8075, -0.31775000000000003], [34.80775, -0.31775000000000003], [34.80775, -0.31825000000000003], [34.808, -0.31825000000000003], [34.808, -0.3185], [34.80825, -0.3185], [34.80825, -0.31875000000000003], [34.8085, -0.31875000000000003], [34.8085, -0.319], [34.80875, -0.319], [34.80875, -0.31925000000000003], [34.809, -0.31925000000000003], [34.809, -0.3195], [34.80925, -0.3195], [34.80925, -0.32], [34.8095, -0.32], [34.8095, -0.32025], [34.80975, -0.32025], [34.80975, -0.3205], [34.81, -0.3205], [34.81, -0.32075], [34.81025, -0.32075], [34.81025, -0.321], [34.8105, -0.321], [34.8105, -0.3215], [34.811, -0.3215], [34.811, -0.32175], [34.81125, -0.32175], [34.81125, -0.322], [34.8115, -0.322], [34.8115, -0.32225], [34.81175, -0.32225], [34.81175, -0.3225], [34.812, -0.3225], [34.812, -0.32275], [34.81225, -0.32275], [34.81225, -0.3235], [34.8125, -0.3235], [34.8125, -0.32375], [34.81275, -0.32375], [34.81275, -0.324], [34.813, -0.324], [34.813, -0.32425], [34.81325, -0.32425], [34.81325, -0.3245], [34.8135, -0.3245], [34.8135, -0.325], [34.81375, -0.325], [34.81375, -0.32525], [34.814, -0.32525], [34.814, -0.3255], [34.8145, -0.3255], [34.8145, -0.32575], [34.81475, -0.32575], [34.81475, -0.326], [34.815, -0.326], [34.815, -0.32625], [34.81525, -0.32625], [34.81525, -0.32675], [34.8155, -0.32675], [34.8155, -0.327], [34.81575, -0.327], [34.81575, -0.3275], [34.816, -0.3275], [34.816, -0.32775], [34.81625, -0.32775], [34.81625, -0.328], [34.8165, -0.328], [34.8165, -0.32825], [34.81675, -0.32825], [34.81675, -0.3285], [34.817, -0.3285], [34.817, -0.32875], [34.81725, -0.32875], [34.81725, -0.329], [34.8175, -0.329], [34.8175, -0.32925], [34.818, -0.32925], [34.818, -0.3295], [34.8185, -0.3295], [34.8185, -0.32975], [34.81875, -0.32975], [34.81875, -0.3305], [34.81925, -0.3305], [34.81925, -0.33075], [34.8195, -0.33075], [34.8195, -0.3305], [34.81975, -0.3305], [34.81975, -0.33075], [34.82175, -0.33075], [34.82175, -0.3305], [34.82275, -0.3305], [34.82275, -0.33025], [34.82325, -0.33025], [34.82325, -0.32975], [34.82375, -0.32975], [34.82375, -0.3295], [34.82425, -0.3295], [34.82425, -0.32925], [34.82475, -0.32925], [34.82475, -0.329], [34.8255, -0.329], [34.8255, -0.32875], [34.826, -0.32875], [34.826, -0.3285], [34.8265, -0.3285], [34.8265, -0.32825], [34.8275, -0.32825], [34.8275, -0.328], [34.82775, -0.328], [34.82775, -0.32775], [34.82875, -0.32775], [34.82875, -0.32725], [34.8295, -0.32725], [34.8295, -0.327], [34.8305, -0.327], [34.8305, -0.32675], [34.83125, -0.32675], [34.83125, -0.32625], [34.83175, -0.32625], [34.83175, -0.326], [34.83225, -0.326], [34.83225, -0.32575], [34.8325, -0.32575], [34.8325, -0.3255], [34.833, -0.3255], [34.833, -0.32525], [34.83325, -0.32525], [34.83325, -0.325], [34.83375, -0.325], [34.83375, -0.32475], [34.834, -0.32475], [34.834, -0.3245], [34.83425, -0.3245], [34.83425, -0.32425], [34.8345, -0.32425], [34.8345, -0.324], [34.83475, -0.324], [34.83475, -0.32375], [34.83525, -0.32375], [34.83525, -0.3235], [34.8355, -0.3235], [34.8355, -0.323], [34.83575, -0.323], [34.83575, -0.32275], [34.836, -0.32275], [34.836, -0.3225], [34.83625, -0.3225], [34.83625, -0.3215], [34.8365, -0.3215], [34.8365, -0.32125], [34.83675, -0.32125], [34.83675, -0.321], [34.83725, -0.321], [34.83725, -0.32075], [34.8375, -0.32075], [34.8375, -0.3205], [34.838, -0.3205], [34.838, -0.32025], [34.83825, -0.32025], [34.83825, -0.32], [34.83875, -0.32], [34.83875, -0.3195], [34.83925, -0.3195], [34.83925, -0.31925000000000003], [34.8395, -0.31925000000000003], [34.8395, -0.319], [34.84, -0.319], [34.84, -0.31875000000000003], [34.84025, -0.31875000000000003], [34.84025, -0.3185], [34.8405, -0.3185], [34.8405, -0.31825000000000003], [34.84075, -0.31825000000000003], [34.84075, -0.318], [34.841, -0.318], [34.841, -0.31775000000000003], [34.8415, -0.31775000000000003], [34.8415, -0.3175], [34.842, -0.3175], [34.842, -0.31725000000000003], [34.8425, -0.31725000000000003], [34.8425, -0.317], [34.84275, -0.317], [34.84275, -0.31675000000000003], [34.843, -0.31675000000000003], [34.843, -0.316], [34.84325, -0.316], [34.84325, -0.31575000000000003], [34.84375, -0.31575000000000003], [34.84375, -0.3155], [34.844, -0.3155], [34.844, -0.31525000000000003], [34.84425, -0.31525000000000003], [34.84425, -0.315], [34.84475, -0.315], [34.84475, -0.31475000000000003], [34.845, -0.31475000000000003], [34.845, -0.3145], [34.8455, -0.3145], [34.8455, -0.31425000000000003], [34.84575, -0.31425000000000003], [34.84575, -0.314], [34.846, -0.314], [34.846, -0.31375000000000003], [34.8465, -0.31375000000000003], [34.8465, -0.3135], [34.84675, -0.3135], [34.84675, -0.313], [34.847, -0.313], [34.847, -0.3125], [34.84725, -0.3125], [34.84725, -0.31225], [34.8475, -0.31225], [34.8475, -0.312], [34.84775, -0.312], [34.84775, -0.3115], [34.848, -0.3115], [34.848, -0.31125], [34.84825, -0.31125], [34.84825, -0.31075], [34.8485, -0.31075], [34.8485, -0.3105], [34.849, -0.3105], [34.849, -0.31025], [34.8495, -0.31025], [34.8495, -0.31], [34.85025, -0.31], [34.85025, -0.30975], [34.8505, -0.30975], [34.8505, -0.309], [34.85075, -0.309], [34.85075, -0.30875], [34.851, -0.30875], [34.851, -0.3085], [34.8515, -0.3085], [34.8515, -0.30825], [34.85175, -0.30825], [34.85175, -0.308], [34.852, -0.308], [34.852, -0.307], [34.8525, -0.307], [34.8525, -0.30675], [34.85275, -0.30675], [34.85275, -0.3065], [34.853, -0.3065], [34.853, -0.30625], [34.85325, -0.30625], [34.85325, -0.306], [34.855, -0.306], [34.855, -0.3055], [34.85525, -0.3055], [34.85525, -0.30525], [34.8555, -0.30525], [34.8555, -0.3045], [34.856, -0.3045], [34.856, -0.30425], [34.85625, -0.30425], [34.85625, -0.304], [34.8565, -0.304], [34.8565, -0.30375], [34.85775, -0.30375], [34.85775, -0.3035], [34.85825, -0.3035], [34.85825, -0.30325], [34.8585, -0.30325], [34.8585, -0.303], [34.859, -0.303], [34.859, -0.30225], [34.8595, -0.30225], [34.8595, -0.302], [34.86, -0.302], [34.86, -0.30175], [34.861, -0.30175], [34.861, -0.3015], [34.86325, -0.3015], [34.86325, -0.30125], [34.864, -0.30125], [34.864, -0.3015], [34.8645, -0.3015], [34.8645, -0.302], [34.86475, -0.302], [34.86475, -0.30275], [34.865, -0.30275], [34.865, -0.303], [34.86525, -0.303], [34.86525, -0.30325], [34.8675, -0.30325], [34.8675, -0.303], [34.869, -0.303], [34.869, -0.30275], [34.87025, -0.30275], [34.87025, -0.303], [34.87075, -0.303], [34.87075, -0.30225], [34.871, -0.30225], [34.871, -0.302], [34.87075, -0.302], [34.87075, -0.30075], [34.87025, -0.30075], [34.87025, -0.3005], [34.87, -0.3005], [34.87, -0.301], [34.869, -0.301], [34.869, -0.30125], [34.86875, -0.30125], [34.86875, -0.3015], [34.868, -0.3015], [34.868, -0.30125], [34.86725, -0.30125], [34.86725, -0.301], [34.8665, -0.301], [34.8665, -0.30075], [34.86625, -0.30075], [34.86625, -0.3005], [34.86575, -0.3005], [34.86575, -0.30025], [34.865, -0.30025], [34.865, -0.3], [34.864, -0.3], [34.864, -0.29975], [34.863, -0.29975], [34.863, -0.2995], [34.86225, -0.2995], [34.86225, -0.29925], [34.8615, -0.29925], [34.8615, -0.29875], [34.8605, -0.29875], [34.8605, -0.2985], [34.8595, -0.2985], [34.8595, -0.29825], [34.85875, -0.29825], [34.85875, -0.298], [34.858, -0.298], [34.858, -0.29775], [34.85775, -0.29775], [34.85775, -0.2975], [34.8575, -0.2975], [34.8575, -0.29725], [34.85675, -0.29725], [34.85675, -0.297], [34.856, -0.297], [34.856, -0.29675], [34.8555, -0.29675], [34.8555, -0.297], [34.855, -0.297], [34.855, -0.29725], [34.85425, -0.29725], [34.85425, -0.297], [34.854, -0.297], [34.854, -0.2965], [34.85425, -0.2965], [34.85425, -0.29275], [34.8545, -0.29275], [34.8545, -0.2905], [34.85475, -0.2905], [34.85475, -0.28925], [34.855, -0.28925], [34.855, -0.28825], [34.8555, -0.28825], [34.8555, -0.28800000000000003], [34.856, -0.28800000000000003], [34.856, -0.28825], [34.8565, -0.28825], [34.8565, -0.28875], [34.857, -0.28875], [34.857, -0.28825], [34.85675, -0.28825], [34.85675, -0.28800000000000003], [34.8565, -0.28800000000000003], [34.8565, -0.28775], [34.856, -0.28775], [34.856, -0.28750000000000003], [34.8555, -0.28750000000000003], [34.8555, -0.28650000000000003], [34.85725, -0.28650000000000003], [34.85725, -0.28575], [34.857, -0.28575], [34.857, -0.28425], [34.8575, -0.28425], [34.8575, -0.28450000000000003], [34.85725, -0.28450000000000003], [34.85725, -0.28475], [34.858, -0.28475], [34.858, -0.28450000000000003], [34.85825, -0.28450000000000003], [34.85825, -0.28425], [34.8585, -0.28425], [34.8585, -0.28400000000000003], [34.85875, -0.28400000000000003], [34.85875, -0.28375], [34.859, -0.28375], [34.859, -0.28325], [34.85975, -0.28325], [34.85975, -0.28300000000000003], [34.86, -0.28300000000000003], [34.86, -0.28275], [34.86025, -0.28275], [34.86025, -0.28225], [34.86075, -0.28225], [34.86075, -0.28250000000000003], [34.86125, -0.28250000000000003], [34.86125, -0.28225], [34.86175, -0.28225], [34.86175, -0.28200000000000003], [34.86225, -0.28200000000000003], [34.86225, -0.28150000000000003], [34.86275, -0.28150000000000003], [34.86275, -0.28200000000000003], [34.863, -0.28200000000000003], [34.863, -0.28225], [34.86325, -0.28225], [34.86325, -0.28150000000000003], [34.865, -0.28150000000000003], [34.865, -0.28200000000000003], [34.8655, -0.28200000000000003], [34.8655, -0.28250000000000003], [34.86575, -0.28250000000000003], [34.86575, -0.28200000000000003], [34.8665, -0.28200000000000003], [34.8665, -0.28225], [34.867, -0.28225], [34.867, -0.28125], [34.86575, -0.28125], [34.86575, -0.28150000000000003], [34.8655, -0.28150000000000003], [34.8655, -0.281], [34.86525, -0.281], [34.86525, -0.28075], [34.865, -0.28075], [34.865, -0.281], [34.86475, -0.281], [34.86475, -0.28075], [34.8645, -0.28075], [34.8645, -0.28025], [34.86425, -0.28025], [34.86425, -0.27975], [34.864, -0.27975], [34.864, -0.2795], [34.86375, -0.2795], [34.86375, -0.27925], [34.864, -0.27925], [34.864, -0.279], [34.86425, -0.279], [34.86425, -0.2795], [34.8645, -0.2795], [34.8645, -0.27975], [34.86475, -0.27975], [34.86475, -0.27925], [34.8645, -0.27925], [34.8645, -0.27875], [34.86425, -0.27875], [34.86425, -0.2785], [34.864, -0.2785], [34.864, -0.27875], [34.86375, -0.27875], [34.86375, -0.27775], [34.86325, -0.27775], [34.86325, -0.2775], [34.86225, -0.2775], [34.86225, -0.27725], [34.86175, -0.27725], [34.86175, -0.277], [34.8615, -0.277], [34.8615, -0.27675], [34.86125, -0.27675], [34.86125, -0.2765], [34.861, -0.2765], [34.861, -0.27625], [34.86, -0.27625], [34.86, -0.276], [34.859, -0.276], [34.859, -0.27575], [34.85875, -0.27575], [34.85875, -0.2755], [34.8585, -0.2755], [34.8585, -0.27525], [34.85825, -0.27525], [34.85825, -0.275], [34.858, -0.275], [34.858, -0.27525], [34.85775, -0.27525], [34.85775, -0.2755], [34.85725, -0.2755], [34.85725, -0.27575], [34.857, -0.27575], [34.857, -0.276], [34.85675, -0.276], [34.85675, -0.27625], [34.85625, -0.27625], [34.85625, -0.2765], [34.85525, -0.2765], [34.85525, -0.27625], [34.855, -0.27625], [34.855, -0.276], [34.85475, -0.276], [34.85475, -0.27575], [34.8545, -0.27575], [34.8545, -0.27525], [34.85425, -0.27525], [34.85425, -0.27425], [34.854, -0.27425], [34.854, -0.274], [34.85375, -0.274], [34.85375, -0.27375], [34.8545, -0.27375], [34.8545, -0.274], [34.85475, -0.274], [34.85475, -0.27425], [34.855, -0.27425], [34.855, -0.2745], [34.85525, -0.2745], [34.85525, -0.275], [34.857, -0.275], [34.857, -0.2745], [34.856, -0.2745], [34.856, -0.27425], [34.85525, -0.27425], [34.85525, -0.274], [34.855, -0.274], [34.855, -0.27375], [34.85475, -0.27375], [34.85475, -0.2735], [34.85425, -0.2735], [34.85425, -0.27325], [34.854, -0.27325], [34.854, -0.273], [34.85325, -0.273], [34.85325, -0.27275], [34.853, -0.27275], [34.853, -0.27175], [34.85275, -0.27175], [34.85275, -0.2715], [34.853, -0.2715], [34.853, -0.27075], [34.85275, -0.27075], [34.85275, -0.2705], [34.8525, -0.2705], [34.8525, -0.26975], [34.852, -0.26975], [34.852, -0.26925], [34.85175, -0.26925], [34.85175, -0.2685], [34.8515, -0.2685], [34.8515, -0.26825], [34.85125, -0.26825], [34.85125, -0.268], [34.851, -0.268], [34.851, -0.2675], [34.85075, -0.2675], [34.85075, -0.26725], [34.8505, -0.26725], [34.8505, -0.267], [34.85025, -0.267], [34.85025, -0.26675], [34.84975, -0.26675], [34.84975, -0.2665], [34.8495, -0.2665], [34.8495, -0.26625], [34.84925, -0.26625], [34.84925, -0.266], [34.849, -0.266], [34.849, -0.26575], [34.84825, -0.26575], [34.84825, -0.2655], [34.84775, -0.2655], [34.84775, -0.26525], [34.8475, -0.26525], [34.8475, -0.265], [34.84725, -0.265], [34.84725, -0.26425], [34.847, -0.26425], [34.847, -0.26375], [34.84675, -0.26375], [34.84675, -0.26325], [34.8465, -0.26325], [34.8465, -0.26275], [34.84625, -0.26275], [34.84625, -0.2625], [34.846, -0.2625], [34.846, -0.26225], [34.8455, -0.26225], [34.8455, -0.262], [34.845, -0.262], [34.845, -0.26175], [34.84475, -0.26175], [34.84475, -0.2615], [34.8445, -0.2615], [34.8445, -0.26075], [34.84425, -0.26075], [34.84425, -0.2605], [34.844, -0.2605], [34.844, -0.26025], [34.84375, -0.26025], [34.84375, -0.26], [34.8435, -0.26], [34.8435, -0.25975], [34.84325, -0.25975], [34.84325, -0.2595], [34.843, -0.2595], [34.843, -0.25925], [34.84275, -0.25925], [34.84275, -0.259], [34.8425, -0.259], [34.8425, -0.25875], [34.84225, -0.25875], [34.84225, -0.259], [34.842, -0.259], [34.842, -0.2585], [34.8415, -0.2585], [34.8415, -0.25825], [34.84125, -0.25825], [34.84125, -0.2585], [34.84075, -0.2585], [34.84075, -0.25825], [34.84025, -0.25825], [34.84025, -0.258], [34.83825, -0.258], [34.83825, -0.25825], [34.83775, -0.25825], [34.83775, -0.258], [34.83725, -0.258], [34.83725, -0.25825], [34.837, -0.25825], [34.837, -0.258], [34.8365, -0.258], [34.8365, -0.25825], [34.836, -0.25825], [34.836, -0.2585], [34.83575, -0.2585], [34.83575, -0.25925], [34.83525, -0.25925], [34.83525, -0.25975], [34.8355, -0.25975], [34.8355, -0.26075], [34.83525, -0.26075], [34.83525, -0.2615], [34.8345, -0.2615], [34.8345, -0.26175], [34.83475, -0.26175], [34.83475, -0.26275], [34.8345, -0.26275], [34.8345, -0.2625], [34.834, -0.2625], [34.834, -0.26225], [34.83375, -0.26225], [34.83375, -0.26125], [34.834, -0.26125], [34.834, -0.2605], [34.83375, -0.2605], [34.83375, -0.25975], [34.834, -0.25975], [34.834, -0.25875], [34.83375, -0.25875], [34.83375, -0.2585], [34.8335, -0.2585], [34.8335, -0.25825], [34.83325, -0.25825], [34.83325, -0.257], [34.8335, -0.257], [34.8335, -0.256], [34.83375, -0.256], [34.83375, -0.2545], [34.8335, -0.2545], [34.8335, -0.25425000000000003], [34.83375, -0.25425000000000003], [34.83375, -0.25275000000000003], [34.834, -0.25275000000000003], [34.834, -0.2515], [34.83375, -0.2515], [34.83375, -0.25075000000000003], [34.8335, -0.25075000000000003], [34.8335, -0.25025000000000003], [34.83325, -0.25025000000000003], [34.83325, -0.25], [34.833, -0.25], [34.833, -0.25025000000000003], [34.83275, -0.25025000000000003], [34.83275, -0.25], [34.83225, -0.25], [34.83225, -0.24975], [34.832, -0.24975], [34.832, -0.2495], [34.8305, -0.2495], [34.8305, -0.24925], [34.83, -0.24925], [34.83, -0.24875], [34.82975, -0.24875], [34.82975, -0.2485], [34.8295, -0.2485], [34.8295, -0.24825], [34.829, -0.24825], [34.829, -0.24775], [34.82875, -0.24775], [34.82875, -0.2475], [34.8285, -0.2475], [34.8285, -0.24725], [34.82775, -0.24725], [34.82775, -0.2475], [34.8275, -0.2475], [34.8275, -0.24775], [34.82675, -0.24775], [34.82675, -0.2475], [34.8265, -0.2475], [34.8265, -0.24725], [34.82625, -0.24725], [34.82625, -0.24675], [34.82575, -0.24675], [34.82575, -0.24725], [34.8255, -0.24725], [34.8255, -0.24675], [34.825, -0.24675], [34.825, -0.2475], [34.82525, -0.2475], [34.82525, -0.24825], [34.8255, -0.24825], [34.8255, -0.24925], [34.825, -0.24925], [34.825, -0.249], [34.82425, -0.249], [34.82425, -0.24925], [34.82375, -0.24925], [34.82375, -0.25025000000000003], [34.8235, -0.25025000000000003], [34.8235, -0.251], [34.82325, -0.251], [34.82325, -0.25125000000000003], [34.823, -0.25125000000000003], [34.823, -0.252], [34.82275, -0.252], [34.82275, -0.25375000000000003], [34.823, -0.25375000000000003], [34.823, -0.25425000000000003], [34.82325, -0.25425000000000003], [34.82325, -0.25475000000000003], [34.8235, -0.25475000000000003], [34.8235, -0.25575000000000003], [34.82325, -0.25575000000000003], [34.82325, -0.25675], [34.823, -0.25675], [34.823, -0.257], [34.82225, -0.257], [34.82225, -0.25675], [34.822, -0.25675], [34.822, -0.2565], [34.82175, -0.2565], [34.82175, -0.25625], [34.8215, -0.25625], [34.8215, -0.25575000000000003], [34.82125, -0.25575000000000003], [34.82125, -0.2555], [34.82075, -0.2555], [34.82075, -0.25525000000000003], [34.81975, -0.25525000000000003], [34.81975, -0.2555], [34.8195, -0.2555], [34.8195, -0.25475000000000003], [34.81925, -0.25475000000000003], [34.81925, -0.25375000000000003], [34.819, -0.25375000000000003], [34.819, -0.25325000000000003], [34.81875, -0.25325000000000003], [34.81875, -0.25275000000000003], [34.8185, -0.25275000000000003], [34.8185, -0.2525], [34.81825, -0.2525], [34.81825, -0.25175000000000003], [34.8185, -0.25175000000000003], [34.8185, -0.2515], [34.818, -0.2515], [34.818, -0.25075000000000003], [34.8175, -0.25075000000000003], [34.8175, -0.24975], [34.817, -0.24975], [34.817, -0.24925], [34.81675, -0.24925], [34.81675, -0.2475], [34.8165, -0.2475], [34.8165, -0.24675], [34.81625, -0.24675], [34.81625, -0.2465], [34.816, -0.2465], [34.816, -0.24525], [34.81575, -0.24525], [34.81575, -0.245], [34.8155, -0.245], [34.8155, -0.24425], [34.81525, -0.24425], [34.81525, -0.24325], [34.815, -0.24325], [34.815, -0.24225], [34.81475, -0.24225], [34.81475, -0.2415], [34.8145, -0.2415], [34.8145, -0.2405], [34.814, -0.2405], [34.814, -0.23950000000000002], [34.81375, -0.23950000000000002], [34.81375, -0.23875000000000002], [34.8135, -0.23875000000000002], [34.8135, -0.23800000000000002], [34.81325, -0.23800000000000002], [34.81325, -0.23750000000000002], [34.813, -0.23750000000000002], [34.813, -0.23725000000000002], [34.81275, -0.23725000000000002], [34.81275, -0.23625000000000002], [34.8125, -0.23625000000000002], [34.8125, -0.23575000000000002], [34.81225, -0.23575000000000002], [34.81225, -0.23475000000000001], [34.812, -0.23475000000000001], [34.812, -0.234], [34.81175, -0.234], [34.81175, -0.2335], [34.8115, -0.2335], [34.8115, -0.23225], [34.81125, -0.23225], [34.81125, -0.2315], [34.811, -0.2315], [34.811, -0.231], [34.8105, -0.231], [34.8105, -0.23025], [34.81025, -0.23025], [34.81025, -0.2295], [34.81, -0.2295], [34.81, -0.2285], [34.80975, -0.2285], [34.80975, -0.228], [34.8095, -0.228], [34.8095, -0.2275], [34.80975, -0.2275], [34.80975, -0.22675], [34.80925, -0.22675], [34.80925, -0.2265], [34.809, -0.2265], [34.809, -0.226], [34.80875, -0.226], [34.80875, -0.22575], [34.80825, -0.22575], [34.80825, -0.2255], [34.808, -0.2255], [34.808, -0.22525], [34.80825, -0.22525], [34.80825, -0.225], [34.808, -0.225], [34.808, -0.22475], [34.80775, -0.22475], [34.80775, -0.2245], [34.8075, -0.2245], [34.8075, -0.2235], [34.807, -0.2235], [34.807, -0.222], [34.80675, -0.222], [34.80675, -0.22075], [34.8065, -0.22075], [34.8065, -0.22], [34.80625, -0.22], [34.80625, -0.21875], [34.806, -0.21875], [34.806, -0.218], [34.80575, -0.218], [34.80575, -0.21725], [34.8055, -0.21725], [34.8055, -0.2165], [34.80525, -0.2165], [34.80525, -0.2155], [34.805, -0.2155], [34.805, -0.21375], [34.80475, -0.21375], [34.80475, -0.2135], [34.8045, -0.2135], [34.8045, -0.21325], [34.80425, -0.21325], [34.80425, -0.21275], [34.804, -0.21275], [34.804, -0.21175], [34.8035, -0.21175], [34.8035, -0.211], [34.80325, -0.211], [34.80325, -0.21025], [34.803, -0.21025], [34.803, -0.20975], [34.8025, -0.20975], [34.8025, -0.20925], [34.80225, -0.20925], [34.80225, -0.20875], [34.802, -0.20875], [34.802, -0.20725000000000002], [34.80175, -0.20725000000000002], [34.80175, -0.20650000000000002], [34.8015, -0.20650000000000002], [34.8015, -0.20625000000000002], [34.80125, -0.20625000000000002], [34.80125, -0.20550000000000002], [34.801, -0.20550000000000002], [34.801, -0.20475000000000002], [34.80075, -0.20475000000000002], [34.80075, -0.20450000000000002], [34.80025, -0.20450000000000002], [34.80025, -0.20375000000000001], [34.8, -0.20375000000000001], [34.8, -0.20350000000000001], [34.79975, -0.20350000000000001], [34.79975, -0.203], [34.7995, -0.203], [34.7995, -0.20275], [34.79925, -0.20275], [34.79925, -0.2025], [34.799, -0.2025], [34.799, -0.20175], [34.79875, -0.20175], [34.79875, -0.2015], [34.7985, -0.2015], [34.7985, -0.201], [34.79825, -0.201], [34.79825, -0.20075], [34.798, -0.20075], [34.798, -0.2005], [34.79775, -0.2005], [34.79775, -0.20025], [34.7975, -0.20025], [34.7975, -0.2], [34.79725, -0.2], [34.79725, -0.1995], [34.79675, -0.1995], [34.79675, -0.19925], [34.7965, -0.19925], [34.7965, -0.1985], [34.796, -0.1985], [34.796, -0.198], [34.79575, -0.198], [34.79575, -0.19775], [34.7955, -0.19775], [34.7955, -0.1975], [34.795, -0.1975], [34.795, -0.19725], [34.79475, -0.19725], [34.79475, -0.197], [34.7945, -0.197], [34.7945, -0.1965], [34.794, -0.1965], [34.794, -0.19625], [34.79325, -0.19625], [34.79325, -0.196], [34.793, -0.196], [34.793, -0.19475], [34.79275, -0.19475], [34.79275, -0.1945], [34.792, -0.1945], [34.792, -0.19475], [34.7915, -0.19475], [34.7915, -0.195], [34.791, -0.195], [34.791, -0.1955], [34.7905, -0.1955], [34.7905, -0.195], [34.789, -0.195], [34.789, -0.19475], [34.78825, -0.19475], [34.78825, -0.195], [34.788, -0.195], [34.788, -0.19475], [34.78725, -0.19475], [34.78725, -0.1945], [34.787, -0.1945], [34.787, -0.19425], [34.78675, -0.19425], [34.78675, -0.194], [34.78625, -0.194], [34.78625, -0.19375], [34.78575, -0.19375], [34.78575, -0.1935], [34.78525, -0.1935], [34.78525, -0.19325], [34.785, -0.19325], [34.785, -0.193], [34.78475, -0.193], [34.78475, -0.19275], [34.7845, -0.19275], [34.7845, -0.1925], [34.784, -0.1925], [34.784, -0.192], [34.78375, -0.192], [34.78375, -0.19125], [34.7835, -0.19125], [34.7835, -0.191], [34.78325, -0.191], [34.78325, -0.19075], [34.7825, -0.19075], [34.7825, -0.1905], [34.78225, -0.1905], [34.78225, -0.19025], [34.782, -0.19025], [34.782, -0.19], [34.78175, -0.19], [34.78175, -0.18975], [34.7815, -0.18975], [34.7815, -0.1895], [34.78125, -0.1895], [34.78125, -0.18925], [34.781, -0.18925], [34.781, -0.1885], [34.78075, -0.1885], [34.78075, -0.18775], [34.7805, -0.18775], [34.7805, -0.18725], [34.78, -0.18725], [34.78, -0.1865], [34.7795, -0.1865], [34.7795, -0.186], [34.77925, -0.186], [34.77925, -0.1855], [34.779, -0.1855], [34.779, -0.18475], [34.77875, -0.18475], [34.77875, -0.1845], [34.7785, -0.1845], [34.7785, -0.18425], [34.77825, -0.18425], [34.77825, -0.184], [34.778, -0.184], [34.778, -0.1835], [34.77775, -0.1835], [34.77775, -0.18325], [34.7775, -0.18325], [34.7775, -0.18275], [34.77725, -0.18275], [34.77725, -0.1825], [34.777, -0.1825], [34.777, -0.182], [34.77675, -0.182], [34.77675, -0.18175], [34.7765, -0.18175], [34.7765, -0.181], [34.776, -0.181], [34.776, -0.18025], [34.77575, -0.18025], [34.77575, -0.18], [34.7755, -0.18], [34.7755, -0.1795], [34.77525, -0.1795], [34.77525, -0.17825], [34.7755, -0.17825], [34.7755, -0.17550000000000002], [34.77525, -0.17550000000000002], [34.77525, -0.17525000000000002], [34.775, -0.17525000000000002], [34.775, -0.17475000000000002], [34.77475, -0.17475000000000002], [34.77475, -0.17425000000000002], [34.77325, -0.17425000000000002], [34.77325, -0.17400000000000002], [34.7725, -0.17400000000000002], [34.7725, -0.17375000000000002], [34.7715, -0.17375000000000002], [34.7715, -0.17350000000000002], [34.77125, -0.17350000000000002], [34.77125, -0.17325000000000002], [34.771, -0.17325000000000002], [34.771, -0.17275000000000001], [34.77075, -0.17275000000000001], [34.77075, -0.17250000000000001], [34.77025, -0.17250000000000001], [34.77025, -0.17225000000000001], [34.77, -0.17225000000000001], [34.77, -0.17200000000000001], [34.76975, -0.17200000000000001], [34.76975, -0.17175], [34.7695, -0.17175], [34.7695, -0.17125], [34.769, -0.17125], [34.769, -0.17025], [34.76875, -0.17025], [34.76875, -0.17], [34.7685, -0.17], [34.7685, -0.16975], [34.76825, -0.16975], [34.76825, -0.1695], [34.768, -0.1695], [34.768, -0.16925], [34.7675, -0.16925], [34.7675, -0.169], [34.767, -0.169], [34.767, -0.16875], [34.7665, -0.16875], [34.7665, -0.1685], [34.76625, -0.1685], [34.76625, -0.16825], [34.766, -0.16825], [34.766, -0.168], [34.7655, -0.168], [34.7655, -0.16775], [34.76525, -0.16775], [34.76525, -0.16675], [34.76475, -0.16675], [34.76475, -0.16625], [34.76375, -0.16625], [34.76375, -0.166], [34.7635, -0.166], [34.7635, -0.16525], [34.76375, -0.16525], [34.76375, -0.165], [34.763, -0.165], [34.763, -0.1645], [34.76275, -0.1645], [34.76275, -0.16375], [34.7625, -0.16375], [34.7625, -0.1635], [34.7615, -0.1635], [34.7615, -0.16325], [34.76125, -0.16325], [34.76125, -0.163], [34.76075, -0.163], [34.76075, -0.1625], [34.76025, -0.1625], [34.76025, -0.162], [34.76, -0.162], [34.76, -0.16175], [34.75975, -0.16175], [34.75975, -0.1615], [34.7595, -0.1615], [34.7595, -0.16125], [34.75925, -0.16125], [34.75925, -0.161], [34.7585, -0.161], [34.7585, -0.1605], [34.75825, -0.1605], [34.75825, -0.16025], [34.758, -0.16025], [34.758, -0.16], [34.75775, -0.16], [34.75775, -0.15975], [34.7575, -0.15975], [34.7575, -0.15925], [34.756, -0.15925], [34.756, -0.159], [34.755, -0.159], [34.755, -0.15875], [34.7545, -0.15875], [34.7545, -0.1585], [34.75425, -0.1585], [34.75425, -0.15825], [34.754, -0.15825], [34.754, -0.158], [34.7535, -0.158], [34.7535, -0.15775], [34.753, -0.15775], [34.753, -0.1575], [34.7505, -0.1575], [34.7505, -0.15775], [34.74975, -0.15775], [34.74975, -0.158], [34.74925, -0.158], [34.74925, -0.15825], [34.749, -0.15825], [34.749, -0.1585], [34.74775, -0.1585], [34.74775, -0.15825], [34.7475, -0.15825], [34.7475, -0.15775], [34.74725, -0.15775], [34.74725, -0.1575], [34.747, -0.1575], [34.747, -0.15675], [34.74675, -0.15675], [34.74675, -0.1565], [34.74525, -0.1565], [34.74525, -0.15625], [34.74475, -0.15625], [34.74475, -0.15575], [34.7445, -0.15575], [34.7445, -0.15475], [34.74475, -0.15475], [34.74475, -0.1545], [34.74525, -0.1545], [34.74525, -0.15425], [34.74475, -0.15425], [34.74475, -0.154], [34.74525, -0.154], [34.74525, -0.1525], [34.74375, -0.1525], [34.74375, -0.15225], [34.7435, -0.15225], [34.7435, -0.15175], [34.74325, -0.15175], [34.74325, -0.15125], [34.74275, -0.15125], [34.74275, -0.15075], [34.74225, -0.15075], [34.74225, -0.151], [34.74125, -0.151], [34.74125, -0.15075], [34.7405, -0.15075], [34.7405, -0.14975], [34.74025, -0.14975], [34.74025, -0.14875], [34.74, -0.14875], [34.74, -0.1475], [34.73975, -0.1475], [34.73975, -0.14675], [34.73925, -0.14675], [34.73925, -0.14625], [34.739, -0.14625], [34.739, -0.146], [34.73875, -0.146], [34.73875, -0.14575], [34.7385, -0.14575], [34.7385, -0.1455], [34.7375, -0.1455], [34.7375, -0.14525], [34.7365, -0.14525], [34.7365, -0.1455], [34.736, -0.1455], [34.736, -0.14575], [34.735, -0.14575], [34.735, -0.14525], [34.7345, -0.14525], [34.7345, -0.145], [34.734, -0.145], [34.734, -0.14475], [34.7335, -0.14475], [34.7335, -0.145], [34.73275, -0.145], [34.73275, -0.14475], [34.7325, -0.14475], [34.7325, -0.1445], [34.73225, -0.1445], [34.73225, -0.14400000000000002], [34.732, -0.14400000000000002], [34.732, -0.14300000000000002], [34.73225, -0.14300000000000002], [34.73225, -0.14200000000000002], [34.7325, -0.14200000000000002], [34.7325, -0.14175000000000001], [34.73275, -0.14175000000000001], [34.73275, -0.14125000000000001], [34.733, -0.14125000000000001], [34.733, -0.14100000000000001], [34.73325, -0.14100000000000001], [34.73325, -0.14075000000000001], [34.7335, -0.14075000000000001], [34.7335, -0.1405], [34.73375, -0.1405], [34.73375, -0.14025], [34.73425, -0.14025], [34.73425, -0.13975], [34.7345, -0.13975], [34.7345, -0.1395], [34.735, -0.1395], [34.735, -0.13925], [34.7355, -0.13925], [34.7355, -0.139], [34.73625, -0.139], [34.73625, -0.13925], [34.737, -0.13925], [34.737, -0.1395], [34.73875, -0.1395], [34.73875, -0.138], [34.7385, -0.138], [34.7385, -0.13725], [34.73925, -0.13725], [34.73925, -0.13675], [34.73975, -0.13675], [34.73975, -0.137], [34.74025, -0.137], [34.74025, -0.13675], [34.7405, -0.13675], [34.7405, -0.13575], [34.741, -0.13575], [34.741, -0.13525], [34.74125, -0.13525], [34.74125, -0.135], [34.7415, -0.135], [34.7415, -0.134], [34.74125, -0.134], [34.74125, -0.13375], [34.741, -0.13375], [34.741, -0.1335], [34.74025, -0.1335], [34.74025, -0.13325], [34.73975, -0.13325], [34.73975, -0.132], [34.74, -0.132], [34.74, -0.13175], [34.74025, -0.13175], [34.74025, -0.13075], [34.7405, -0.13075], [34.7405, -0.1305], [34.74075, -0.1305], [34.74075, -0.13], [34.7405, -0.13], [34.7405, -0.12975], [34.74075, -0.12975], [34.74075, -0.12925], [34.741, -0.12925], [34.741, -0.12875], [34.74125, -0.12875], [34.74125, -0.1285], [34.74225, -0.1285], [34.74225, -0.12875], [34.74275, -0.12875], [34.74275, -0.128], [34.7425, -0.128], [34.7425, -0.12775], [34.74225, -0.12775], [34.74225, -0.127], [34.7415, -0.127], [34.7415, -0.12675], [34.74125, -0.12675], [34.74125, -0.126], [34.7415, -0.126], [34.7415, -0.12525], [34.742, -0.12525], [34.742, -0.125], [34.743, -0.125], [34.743, -0.12525], [34.74375, -0.12525], [34.74375, -0.125], [34.744, -0.125], [34.744, -0.1245], [34.74425, -0.1245], [34.74425, -0.12225], [34.7445, -0.12225], [34.7445, -0.12075], [34.74425, -0.12075], [34.74425, -0.12025], [34.744, -0.12025], [34.744, -0.11825000000000001], [34.74375, -0.11825000000000001], [34.74375, -0.11750000000000001], [34.7435, -0.11750000000000001], [34.7435, -0.11325], [34.74375, -0.11325], [34.74375, -0.1125], [34.744, -0.1125], [34.744, -0.11175], [34.74425, -0.11175], [34.74425, -0.111], [34.7445, -0.111], [34.7445, -0.11025], [34.74475, -0.11025], [34.74475, -0.109], [34.7445, -0.109], [34.7445, -0.10825], [34.74475, -0.10825], [34.74475, -0.10725], [34.74525, -0.10725], [34.74525, -0.107], [34.74475, -0.107], [34.74475, -0.1065], [34.7445, -0.1065], [34.7445, -0.10625], [34.74425, -0.10625], [34.74425, -0.106], [34.74475, -0.106], [34.74475, -0.10575], [34.74525, -0.10575], [34.74525, -0.1045], [34.74475, -0.1045], [34.74475, -0.10425], [34.744, -0.10425], [34.744, -0.10400000000000001], [34.74475, -0.10400000000000001], [34.74475, -0.10375000000000001], [34.74525, -0.10375000000000001], [34.74525, -0.10300000000000001], [34.7455, -0.10300000000000001], [34.7455, -0.10175000000000001], [34.74575, -0.10175000000000001], [34.74575, -0.1015], [34.746, -0.1015], [34.746, -0.10125], [34.74625, -0.10125], [34.74625, -0.1005], [34.7465, -0.1005], [34.7465, -0.10025], [34.74675, -0.10025], [34.74675, -0.09975], [34.74725, -0.09975], [34.74725, -0.099], [34.7475, -0.099], [34.7475, -0.098], [34.74775, -0.098], [34.74775, -0.0975], [34.748, -0.0975], [34.748, -0.09725], [34.74825, -0.09725], [34.74825, -0.09675], [34.74875, -0.09675], [34.74875, -0.0965], [34.749, -0.0965], [34.749, -0.09625], [34.7495, -0.09625], [34.7495, -0.096], [34.74975, -0.096], [34.74975, -0.09575], [34.75, -0.09575], [34.75, -0.0955], [34.75025, -0.0955], [34.75025, -0.09525], [34.7505, -0.09525], [34.7505, -0.09475], [34.75075, -0.09475], [34.75075, -0.0945], [34.751, -0.0945], [34.751, -0.09425], [34.75125, -0.09425], [34.75125, -0.094], [34.75175, -0.094], [34.75175, -0.09375], [34.75225, -0.09375], [34.75225, -0.0935], [34.75275, -0.0935], [34.75275, -0.09325], [34.753, -0.09325], [34.753, -0.093], [34.75325, -0.093], [34.75325, -0.09275], [34.7535, -0.09275], [34.7535, -0.09175], [34.75375, -0.09175], [34.75375, -0.0905], [34.7535, -0.0905], [34.7535, -0.08975], [34.75375, -0.08975], [34.75375, -0.0895], [34.7535, -0.0895], [34.7535, -0.08925], [34.753, -0.08925], [34.753, -0.089], [34.75275, -0.089], [34.75275, -0.08875], [34.75225, -0.08875], [34.75225, -0.0885], [34.7515, -0.0885], [34.7515, -0.088], [34.75125, -0.088], [34.75125, -0.08775000000000001], [34.75025, -0.08775000000000001], [34.75025, -0.08750000000000001], [34.74975, -0.08750000000000001], [34.74975, -0.08725000000000001], [34.749, -0.08725000000000001], [34.749, -0.08700000000000001], [34.748, -0.08700000000000001], [34.748, -0.08675000000000001], [34.7475, -0.08675000000000001], [34.7475, -0.08650000000000001], [34.74575, -0.08650000000000001], [34.74575, -0.08675000000000001], [34.74525, -0.08675000000000001], [34.74525, -0.08700000000000001], [34.7445, -0.08700000000000001], [34.7445, -0.08725000000000001], [34.744, -0.08725000000000001], [34.744, -0.08750000000000001], [34.7435, -0.08750000000000001], [34.7435, -0.08775000000000001], [34.74275, -0.08775000000000001], [34.74275, -0.088], [34.74225, -0.088], [34.74225, -0.0885], [34.7415, -0.0885], [34.7415, -0.08875], [34.741, -0.08875], [34.741, -0.089], [34.7405, -0.089], [34.7405, -0.0895], [34.74025, -0.0895], [34.74025, -0.09025], [34.74, -0.09025], [34.74, -0.09], [34.7395, -0.09], [34.7395, -0.09025], [34.73975, -0.09025], [34.73975, -0.0905], [34.739, -0.0905], [34.739, -0.09075], [34.7385, -0.09075], [34.7385, -0.091], [34.738, -0.091], [34.738, -0.09175], [34.7375, -0.09175], [34.7375, -0.092], [34.73725, -0.092], [34.73725, -0.0925], [34.737, -0.0925], [34.737, -0.09275], [34.73675, -0.09275], [34.73675, -0.093], [34.7365, -0.093], [34.7365, -0.0935], [34.73625, -0.0935], [34.73625, -0.09375], [34.736, -0.09375], [34.736, -0.094], [34.73575, -0.094], [34.73575, -0.0945], [34.7355, -0.0945], [34.7355, -0.09475], [34.73525, -0.09475], [34.73525, -0.0955], [34.735, -0.0955], [34.735, -0.09575], [34.7345, -0.09575], [34.7345, -0.09675], [34.73425, -0.09675], [34.73425, -0.09725], [34.734, -0.09725], [34.734, -0.0975], [34.7335, -0.0975], [34.7335, -0.09775], [34.73325, -0.09775], [34.73325, -0.098], [34.733, -0.098], [34.733, -0.09825], [34.7325, -0.09825], [34.7325, -0.09875], [34.73225, -0.09875], [34.73225, -0.099], [34.732, -0.099], [34.732, -0.09925], [34.7315, -0.09925], [34.7315, -0.0995], [34.731, -0.0995], [34.731, -0.09975], [34.73075, -0.09975], [34.73075, -0.1], [34.7305, -0.1], [34.7305, -0.10025], [34.73025, -0.10025], [34.73025, -0.1005], [34.73, -0.1005], [34.73, -0.10075], [34.72975, -0.10075], [34.72975, -0.101], [34.7295, -0.101], [34.7295, -0.10125], [34.72925, -0.10125], [34.72925, -0.1015], [34.72875, -0.1015], [34.72875, -0.10175000000000001], [34.7285, -0.10175000000000001], [34.7285, -0.10225000000000001], [34.72825, -0.10225000000000001], [34.72825, -0.10250000000000001], [34.728, -0.10250000000000001], [34.728, -0.10275000000000001], [34.7275, -0.10275000000000001], [34.7275, -0.10300000000000001], [34.72725, -0.10300000000000001], [34.72725, -0.10325000000000001], [34.727, -0.10325000000000001], [34.727, -0.10350000000000001], [34.72675, -0.10350000000000001], [34.72675, -0.10375000000000001], [34.7265, -0.10375000000000001], [34.7265, -0.10400000000000001], [34.72625, -0.10400000000000001], [34.72625, -0.10425], [34.726, -0.10425], [34.726, -0.10475], [34.72575, -0.10475], [34.72575, -0.105], [34.72525, -0.105], [34.72525, -0.10525], [34.7245, -0.10525], [34.7245, -0.10575], [34.7235, -0.10575], [34.7235, -0.106], [34.72275, -0.106], [34.72275, -0.10625], [34.722, -0.10625], [34.722, -0.1065], [34.71975, -0.1065], [34.71975, -0.10625], [34.71925, -0.10625], [34.71925, -0.106], [34.71875, -0.106], [34.71875, -0.10525], [34.7185, -0.10525], [34.7185, -0.105], [34.71825, -0.105], [34.71825, -0.10475], [34.718, -0.10475], [34.718, -0.1045], [34.71725, -0.1045], [34.71725, -0.10425], [34.717, -0.10425], [34.717, -0.10375000000000001], [34.71675, -0.10375000000000001], [34.71675, -0.10350000000000001], [34.7165, -0.10350000000000001], [34.7165, -0.10325000000000001], [34.71625, -0.10325000000000001], [34.71625, -0.10300000000000001], [34.716, -0.10300000000000001], [34.716, -0.10250000000000001], [34.71575, -0.10250000000000001], [34.71575, -0.10225000000000001], [34.7155, -0.10225000000000001], [34.7155, -0.10175000000000001], [34.71525, -0.10175000000000001], [34.71525, -0.1015], [34.715, -0.1015], [34.715, -0.10125], [34.71475, -0.10125], [34.71475, -0.101], [34.71425, -0.101], [34.71425, -0.1005], [34.71375, -0.1005], [34.71375, -0.10025], [34.71325, -0.10025], [34.71325, -0.1], [34.7125, -0.1], [34.7125, -0.09975], [34.71225, -0.09975], [34.71225, -0.0995], [34.712, -0.0995], [34.712, -0.09925], [34.71175, -0.09925], [34.71175, -0.099], [34.7115, -0.099], [34.7115, -0.09875], [34.711, -0.09875], [34.711, -0.09825], [34.71075, -0.09825], [34.71075, -0.098], [34.71025, -0.098], [34.71025, -0.09775], [34.70975, -0.09775], [34.70975, -0.0975], [34.7095, -0.0975], [34.7095, -0.09725], [34.70925, -0.09725], [34.70925, -0.097], [34.709, -0.097], [34.709, -0.09675], [34.70875, -0.09675], [34.70875, -0.0965], [34.7085, -0.0965], [34.7085, -0.09625], [34.708, -0.09625], [34.708, -0.096], [34.70775, -0.096], [34.70775, -0.09575], [34.70725, -0.09575], [34.70725, -0.0955], [34.70675, -0.0955], [34.70675, -0.09475], [34.70575, -0.09475], [34.70575, -0.0945], [34.70525, -0.0945], [34.70525, -0.09425], [34.705, -0.09425], [34.705, -0.094], [34.70425, -0.094], [34.70425, -0.09375], [34.704, -0.09375], [34.704, -0.0935], [34.70325, -0.0935], [34.70325, -0.09325], [34.703, -0.09325], [34.703, -0.093], [34.7025, -0.093], [34.7025, -0.09275], [34.70175, -0.09275], [34.70175, -0.0925], [34.7005, -0.0925], [34.7005, -0.09225], [34.69925, -0.09225], [34.69925, -0.092], [34.699, -0.092], [34.699, -0.09225], [34.6975, -0.09225], [34.6975, -0.092], [34.6955, -0.092], [34.6955, -0.09175], [34.6915, -0.09175], [34.6915, -0.092], [34.69075, -0.092], [34.69075, -0.09225], [34.6895, -0.09225], [34.6895, -0.09275], [34.68925, -0.09275], [34.68925, -0.093], [34.689, -0.093], [34.689, -0.09325], [34.68875, -0.09325], [34.68875, -0.0935], [34.6885, -0.0935], [34.6885, -0.094], [34.68825, -0.094], [34.68825, -0.0945], [34.688, -0.0945], [34.688, -0.09475], [34.68775, -0.09475], [34.68775, -0.09525], [34.6875, -0.09525], [34.6875, -0.0955], [34.68725, -0.0955], [34.68725, -0.09575], [34.687, -0.09575], [34.687, -0.096], [34.6855, -0.096], [34.6855, -0.09575], [34.68425, -0.09575], [34.68425, -0.096], [34.68375, -0.096], [34.68375, -0.09625], [34.682, -0.09625], [34.682, -0.0965], [34.68175, -0.0965], [34.68175, -0.09675], [34.6815, -0.09675], [34.6815, -0.097], [34.6805, -0.097], [34.6805, -0.09725], [34.68025, -0.09725], [34.68025, -0.0975], [34.679, -0.0975], [34.679, -0.098], [34.67875, -0.098], [34.67875, -0.09825], [34.67825, -0.09825], [34.67825, -0.09875], [34.678, -0.09875], [34.678, -0.099], [34.67775, -0.099], [34.67775, -0.10025], [34.6775, -0.10025], [34.6775, -0.1005], [34.67725, -0.1005], [34.67725, -0.10075], [34.677, -0.10075], [34.677, -0.101], [34.6765, -0.101], [34.6765, -0.10125], [34.67625, -0.10125], [34.67625, -0.1015], [34.67575, -0.1015], [34.67575, -0.10175000000000001], [34.6755, -0.10175000000000001], [34.6755, -0.10250000000000001], [34.67525, -0.10250000000000001], [34.67525, -0.10275000000000001], [34.675, -0.10275000000000001], [34.675, -0.10300000000000001], [34.67475, -0.10300000000000001], [34.67475, -0.10325000000000001], [34.67425, -0.10325000000000001], [34.67425, -0.10375000000000001], [34.674, -0.10375000000000001], [34.674, -0.10425], [34.67375, -0.10425], [34.67375, -0.10475], [34.6735, -0.10475], [34.6735, -0.105], [34.67375, -0.105], [34.67375, -0.10525], [34.674, -0.10525], [34.674, -0.107], [34.67375, -0.107], [34.67375, -0.10725], [34.6735, -0.10725], [34.6735, -0.1075], [34.673, -0.1075], [34.673, -0.10775], [34.67075, -0.10775], [34.67075, -0.108], [34.6705, -0.108], [34.6705, -0.10825], [34.67075, -0.10825], [34.67075, -0.1085], [34.6705, -0.1085], [34.6705, -0.1095], [34.67025, -0.1095], [34.67025, -0.10975], [34.67, -0.10975], [34.67, -0.11], [34.66975, -0.11], [34.66975, -0.11025], [34.6695, -0.11025], [34.6695, -0.1105], [34.66875, -0.1105], [34.66875, -0.11075], [34.6685, -0.11075], [34.6685, -0.111], [34.668, -0.111], [34.668, -0.11125], [34.6675, -0.11125], [34.6675, -0.1115], [34.667, -0.1115], [34.667, -0.11175], [34.66675, -0.11175], [34.66675, -0.112], [34.6665, -0.112], [34.6665, -0.1125], [34.66575, -0.1125], [34.66575, -0.11275], [34.66475, -0.11275], [34.66475, -0.113], [34.66425, -0.113], [34.66425, -0.11325], [34.66325, -0.11325], [34.66325, -0.1135], [34.6625, -0.1135], [34.6625, -0.11375], [34.6615, -0.11375], [34.6615, -0.1135], [34.66125, -0.1135], [34.66125, -0.11375], [34.6605, -0.11375], [34.6605, -0.114], [34.66, -0.114], [34.66, -0.11425], [34.65925, -0.11425], [34.65925, -0.114], [34.65775, -0.114], [34.65775, -0.11375], [34.65725, -0.11375], [34.65725, -0.114], [34.6565, -0.114], [34.6565, -0.11425], [34.65325, -0.11425], [34.65325, -0.114], [34.653, -0.114], [34.653, -0.11375], [34.65275, -0.11375], [34.65275, -0.1135], [34.6515, -0.1135], [34.6515, -0.11375], [34.6505, -0.11375], [34.6505, -0.114], [34.6495, -0.114], [34.6495, -0.11425], [34.64925, -0.11425], [34.64925, -0.1145], [34.64875, -0.1145], [34.64875, -0.11475], [34.6485, -0.11475], [34.6485, -0.115], [34.64775, -0.115], [34.64775, -0.11525], [34.64725, -0.11525], [34.64725, -0.1155], [34.647, -0.1155], [34.647, -0.116], [34.64675, -0.116], [34.64675, -0.11625], [34.6465, -0.11625], [34.6465, -0.1165], [34.64625, -0.1165], [34.64625, -0.11675], [34.646, -0.11675], [34.646, -0.117], [34.64575, -0.117], [34.64575, -0.11725000000000001], [34.6455, -0.11725000000000001], [34.6455, -0.11750000000000001], [34.64525, -0.11750000000000001], [34.64525, -0.11800000000000001], [34.645, -0.11800000000000001], [34.645, -0.11825000000000001], [34.6445, -0.11825000000000001], [34.6445, -0.11850000000000001], [34.64425, -0.11850000000000001], [34.64425, -0.11875000000000001], [34.644, -0.11875000000000001], [34.644, -0.11900000000000001], [34.64375, -0.11900000000000001], [34.64375, -0.11950000000000001], [34.6435, -0.11950000000000001], [34.6435, -0.11975000000000001], [34.64325, -0.11975000000000001], [34.64325, -0.12], [34.643, -0.12], [34.643, -0.12025], [34.6425, -0.12025], [34.6425, -0.1205], [34.64225, -0.1205], [34.64225, -0.12075], [34.64175, -0.12075], [34.64175, -0.12125], [34.641, -0.12125], [34.641, -0.1215], [34.6405, -0.1215], [34.6405, -0.12175], [34.64, -0.12175], [34.64, -0.122], [34.63975, -0.122], [34.63975, -0.12225], [34.6395, -0.12225], [34.6395, -0.1225], [34.63925, -0.1225], [34.63925, -0.123], [34.63875, -0.123], [34.63875, -0.12325], [34.6385, -0.12325], [34.6385, -0.12375], [34.63825, -0.12375], [34.63825, -0.124], [34.63775, -0.124], [34.63775, -0.12425], [34.6375, -0.12425], [34.6375, -0.1245], [34.63725, -0.1245], [34.63725, -0.125], [34.637, -0.125], [34.637, -0.1255], [34.63675, -0.1255], [34.63675, -0.12725], [34.6365, -0.12725], [34.6365, -0.128], [34.63625, -0.128], [34.63625, -0.12825], [34.636, -0.12825], [34.636, -0.1285], [34.63575, -0.1285], [34.63575, -0.12875], [34.6355, -0.12875], [34.6355, -0.12925], [34.63525, -0.12925], [34.63525, -0.12975], [34.63475, -0.12975], [34.63475, -0.13], [34.634, -0.13], [34.634, -0.13025], [34.63375, -0.13025], [34.63375, -0.1305], [34.6335, -0.1305], [34.6335, -0.13075], [34.633, -0.13075], [34.633, -0.131], [34.63275, -0.131], [34.63275, -0.13125], [34.6325, -0.13125], [34.6325, -0.1315], [34.63225, -0.1315], [34.63225, -0.13175], [34.632, -0.13175], [34.632, -0.132], [34.63175, -0.132], [34.63175, -0.1325], [34.6315, -0.1325], [34.6315, -0.13325], [34.63125, -0.13325], [34.63125, -0.13375], [34.63075, -0.13375], [34.63075, -0.13425], [34.6305, -0.13425], [34.6305, -0.1345], [34.63025, -0.1345], [34.63025, -0.135], [34.63, -0.135], [34.63, -0.13525], [34.62975, -0.13525], [34.62975, -0.13575], [34.6295, -0.13575], [34.6295, -0.136], [34.62925, -0.136], [34.62925, -0.13625], [34.629, -0.13625], [34.629, -0.13675], [34.6285, -0.13675], [34.6285, -0.137], [34.62825, -0.137], [34.62825, -0.13725], [34.628, -0.13725], [34.628, -0.1375], [34.62725, -0.1375], [34.62725, -0.13775], [34.627, -0.13775], [34.627, -0.138], [34.62675, -0.138], [34.62675, -0.13825], [34.62625, -0.13825], [34.62625, -0.1385], [34.626, -0.1385], [34.626, -0.13875], [34.6255, -0.13875], [34.6255, -0.139], [34.62525, -0.139], [34.62525, -0.13925], [34.625, -0.13925], [34.625, -0.1395], [34.62475, -0.1395], [34.62475, -0.13975], [34.6245, -0.13975], [34.6245, -0.14025], [34.62425, -0.14025], [34.62425, -0.1405], [34.62375, -0.1405], [34.62375, -0.14075000000000001], [34.6235, -0.14075000000000001], [34.6235, -0.14125000000000001], [34.62325, -0.14125000000000001], [34.62325, -0.14150000000000001], [34.623, -0.14150000000000001], [34.623, -0.14175000000000001], [34.62275, -0.14175000000000001], [34.62275, -0.14325000000000002], [34.6225, -0.14325000000000002], [34.6225, -0.1445], [34.62275, -0.1445], [34.62275, -0.14475], [34.6225, -0.14475], [34.6225, -0.1455], [34.623, -0.1455], [34.623, -0.146], [34.62325, -0.146], [34.62325, -0.14625], [34.6235, -0.14625], [34.6235, -0.14725], [34.62425, -0.14725], [34.62425, -0.1475], [34.62475, -0.1475], [34.62475, -0.14775], [34.62525, -0.14775], [34.62525, -0.1475], [34.626, -0.1475], [34.626, -0.14725], [34.628, -0.14725], [34.628, -0.148], [34.62775, -0.148], [34.62775, -0.1495], [34.62725, -0.1495], [34.62725, -0.1505], [34.627, -0.1505], [34.627, -0.15075], [34.62675, -0.15075], [34.62675, -0.15125], [34.62625, -0.15125], [34.62625, -0.1515], [34.626, -0.1515], [34.626, -0.152], [34.6255, -0.152], [34.6255, -0.15225], [34.625, -0.15225], [34.625, -0.152], [34.62375, -0.152], [34.62375, -0.15175], [34.62325, -0.15175], [34.62325, -0.1515], [34.62175, -0.1515], [34.62175, -0.15125], [34.6215, -0.15125], [34.6215, -0.151], [34.62125, -0.151], [34.62125, -0.1505], [34.621, -0.1505], [34.621, -0.1495], [34.6215, -0.1495], [34.6215, -0.149], [34.62125, -0.149], [34.62125, -0.14875], [34.6215, -0.14875], [34.6215, -0.1485], [34.62125, -0.1485], [34.62125, -0.14825], [34.621, -0.14825], [34.621, -0.148], [34.6205, -0.148], [34.6205, -0.1475], [34.62, -0.1475], [34.62, -0.14725], [34.61975, -0.14725], [34.61975, -0.14675], [34.6195, -0.14675], [34.6195, -0.1465], [34.61925, -0.1465], [34.61925, -0.14625], [34.61575, -0.14625], [34.61575, -0.1465], [34.61525, -0.1465], [34.61525, -0.14675], [34.61475, -0.14675], [34.61475, -0.14725], [34.6135, -0.14725], [34.6135, -0.1475], [34.613, -0.1475], [34.613, -0.14775], [34.61225, -0.14775], [34.61225, -0.148], [34.61175, -0.148], [34.61175, -0.14825], [34.61125, -0.14825], [34.61125, -0.1485], [34.61075, -0.1485], [34.61075, -0.14875], [34.61, -0.14875], [34.61, -0.149], [34.6095, -0.149], [34.6095, -0.14925], [34.609, -0.14925], [34.609, -0.1495], [34.6085, -0.1495], [34.6085, -0.14975], [34.60825, -0.14975], [34.60825, -0.15], [34.60775, -0.15], [34.60775, -0.1505], [34.60725, -0.1505], [34.60725, -0.15075], [34.6065, -0.15075], [34.6065, -0.151], [34.60625, -0.151], [34.60625, -0.15125], [34.606, -0.15125], [34.606, -0.1515], [34.6055, -0.1515], [34.6055, -0.15175], [34.60525, -0.15175], [34.60525, -0.152], [34.60475, -0.152], [34.60475, -0.15225], [34.6045, -0.15225], [34.6045, -0.1525], [34.60425, -0.1525], [34.60425, -0.15225], [34.60275, -0.15225], [34.60275, -0.152], [34.6025, -0.152], [34.6025, -0.15175], [34.60225, -0.15175], [34.60225, -0.15125], [34.602, -0.15125], [34.602, -0.1505], [34.60225, -0.1505], [34.60225, -0.14975], [34.6025, -0.14975], [34.6025, -0.1495], [34.60275, -0.1495], [34.60275, -0.14925], [34.603, -0.14925], [34.603, -0.14875], [34.60325, -0.14875], [34.60325, -0.1485], [34.60375, -0.1485], [34.60375, -0.14825], [34.604, -0.14825], [34.604, -0.148], [34.60425, -0.148], [34.60425, -0.14775], [34.6045, -0.14775], [34.6045, -0.1475], [34.60475, -0.1475], [34.60475, -0.14725], [34.605, -0.14725], [34.605, -0.1465], [34.60525, -0.1465], [34.60525, -0.146], [34.6055, -0.146], [34.6055, -0.1455], [34.60525, -0.1455], [34.60525, -0.145], [34.605, -0.145], [34.605, -0.14475], [34.60475, -0.14475], [34.60475, -0.14400000000000002], [34.6045, -0.14400000000000002], [34.6045, -0.14375000000000002], [34.60425, -0.14375000000000002], [34.60425, -0.14325000000000002], [34.604, -0.14325000000000002], [34.604, -0.14300000000000002], [34.60325, -0.14300000000000002], [34.60325, -0.14275000000000002], [34.60275, -0.14275000000000002], [34.60275, -0.14250000000000002], [34.6025, -0.14250000000000002], [34.6025, -0.14225000000000002], [34.602, -0.14225000000000002], [34.602, -0.14200000000000002], [34.6015, -0.14200000000000002], [34.6015, -0.14175000000000001], [34.601, -0.14175000000000001], [34.601, -0.14150000000000001], [34.59975, -0.14150000000000001], [34.59975, -0.14125000000000001], [34.59925, -0.14125000000000001], [34.59925, -0.14150000000000001], [34.59875, -0.14150000000000001], [34.59875, -0.14125000000000001], [34.598, -0.14125000000000001], [34.598, -0.14100000000000001], [34.59625, -0.14100000000000001], [34.59625, -0.14125000000000001], [34.595, -0.14125000000000001], [34.595, -0.14150000000000001], [34.59425, -0.14150000000000001], [34.59425, -0.14175000000000001], [34.59375, -0.14175000000000001], [34.59375, -0.14200000000000002], [34.5925, -0.14200000000000002], [34.5925, -0.14225000000000002], [34.59225, -0.14225000000000002], [34.59225, -0.14250000000000002], [34.59175, -0.14250000000000002], [34.59175, -0.14275000000000002], [34.5915, -0.14275000000000002], [34.5915, -0.14300000000000002], [34.59125, -0.14300000000000002], [34.59125, -0.14325000000000002], [34.591, -0.14325000000000002], [34.591, -0.14375000000000002], [34.59075, -0.14375000000000002], [34.59075, -0.14400000000000002], [34.5905, -0.14400000000000002], [34.5905, -0.14425], [34.59, -0.14425], [34.59, -0.1445], [34.58925, -0.1445], [34.58925, -0.14475], [34.589, -0.14475], [34.589, -0.145], [34.58875, -0.145], [34.58875, -0.14525], [34.58825, -0.14525], [34.58825, -0.1455], [34.588, -0.1455], [34.588, -0.14525], [34.584, -0.14525], [34.584, -0.1455], [34.58225, -0.1455], [34.58225, -0.14525], [34.582, -0.14525], [34.582, -0.145], [34.58175, -0.145], [34.58175, -0.1445], [34.5815, -0.1445], [34.5815, -0.14375000000000002], [34.581, -0.14375000000000002], [34.581, -0.14325000000000002], [34.57975, -0.14325000000000002], [34.57975, -0.14375000000000002], [34.57875, -0.14375000000000002], [34.57875, -0.14400000000000002], [34.578, -0.14400000000000002], [34.578, -0.14425], [34.5775, -0.14425], [34.5775, -0.1445], [34.577, -0.1445], [34.577, -0.14475], [34.57625, -0.14475], [34.57625, -0.145], [34.576, -0.145], [34.576, -0.14525], [34.5755, -0.14525], [34.5755, -0.1455], [34.57525, -0.1455], [34.57525, -0.146], [34.575, -0.146], [34.575, -0.14625], [34.57475, -0.14625], [34.57475, -0.1465], [34.5745, -0.1465], [34.5745, -0.14675], [34.574, -0.14675], [34.574, -0.14725], [34.57375, -0.14725], [34.57375, -0.1475], [34.5715, -0.1475], [34.5715, -0.14775], [34.57025, -0.14775], [34.57025, -0.1475], [34.57, -0.1475], [34.57, -0.14725], [34.56975, -0.14725], [34.56975, -0.14675], [34.56925, -0.14675], [34.56925, -0.1465], [34.569, -0.1465], [34.569, -0.14625], [34.568, -0.14625], [34.568, -0.146], [34.5675, -0.146], [34.5675, -0.14575], [34.56725, -0.14575], [34.56725, -0.1455], [34.567, -0.1455], [34.567, -0.14525], [34.56675, -0.14525], [34.56675, -0.14300000000000002], [34.567, -0.14300000000000002], [34.567, -0.14250000000000002], [34.56425, -0.14250000000000002], [34.56425, -0.14225000000000002], [34.5635, -0.14225000000000002], [34.5635, -0.14200000000000002], [34.5625, -0.14200000000000002], [34.5625, -0.14175000000000001], [34.56125, -0.14175000000000001], [34.56125, -0.14200000000000002], [34.561, -0.14200000000000002], [34.561, -0.14175000000000001], [34.56075, -0.14175000000000001], [34.56075, -0.14200000000000002], [34.56, -0.14200000000000002], [34.56, -0.14175000000000001], [34.55975, -0.14175000000000001], [34.55975, -0.14150000000000001], [34.5595, -0.14150000000000001], [34.5595, -0.14075000000000001], [34.55925, -0.14075000000000001], [34.55925, -0.1405], [34.559, -0.1405], [34.559, -0.14075000000000001], [34.55825, -0.14075000000000001], [34.55825, -0.14100000000000001], [34.558, -0.14100000000000001], [34.558, -0.14125000000000001], [34.55775, -0.14125000000000001], [34.55775, -0.14150000000000001], [34.5575, -0.14150000000000001], [34.5575, -0.14175000000000001], [34.55725, -0.14175000000000001], [34.55725, -0.14200000000000002], [34.557, -0.14200000000000002], [34.557, -0.14225000000000002], [34.55675, -0.14225000000000002], [34.55675, -0.14275000000000002], [34.55625, -0.14275000000000002], [34.55625, -0.14300000000000002], [34.556, -0.14300000000000002], [34.556, -0.14375000000000002], [34.55575, -0.14375000000000002], [34.55575, -0.14425], [34.5555, -0.14425], [34.5555, -0.14475], [34.55525, -0.14475], [34.55525, -0.1455], [34.55475, -0.1455], [34.55475, -0.14625], [34.5545, -0.14625], [34.5545, -0.14675], [34.55425, -0.14675], [34.55425, -0.14875], [34.5545, -0.14875], [34.5545, -0.14925], [34.55475, -0.14925], [34.55475, -0.1495], [34.55525, -0.1495], [34.55525, -0.15], [34.5555, -0.15], [34.5555, -0.1505], [34.556, -0.1505], [34.556, -0.15075], [34.5565, -0.15075], [34.5565, -0.151], [34.55675, -0.151], [34.55675, -0.1515], [34.557, -0.1515], [34.557, -0.15175], [34.55725, -0.15175], [34.55725, -0.152], [34.5575, -0.152], [34.5575, -0.1525], [34.55775, -0.1525], [34.55775, -0.15275], [34.55825, -0.15275], [34.55825, -0.153], [34.55875, -0.153], [34.55875, -0.1535], [34.559, -0.1535], [34.559, -0.154], [34.55925, -0.154], [34.55925, -0.15525], [34.559, -0.15525], [34.559, -0.15575], [34.55875, -0.15575], [34.55875, -0.15625], [34.55825, -0.15625], [34.55825, -0.157], [34.558, -0.157], [34.558, -0.1585], [34.55775, -0.1585], [34.55775, -0.15875], [34.55725, -0.15875], [34.55725, -0.159], [34.5565, -0.159], [34.5565, -0.15925], [34.55425, -0.15925], [34.55425, -0.1595], [34.55375, -0.1595], [34.55375, -0.15925], [34.55275, -0.15925], [34.55275, -0.159], [34.55125, -0.159], [34.55125, -0.15875], [34.54925, -0.15875], [34.54925, -0.1585], [34.549, -0.1585], [34.549, -0.15875], [34.54825, -0.15875], [34.54825, -0.159], [34.54725, -0.159], [34.54725, -0.15925], [34.547, -0.15925], [34.547, -0.1595], [34.5465, -0.1595], [34.5465, -0.15975], [34.546, -0.15975], [34.546, -0.16], [34.5455, -0.16], [34.5455, -0.1605], [34.545, -0.1605], [34.545, -0.161], [34.5445, -0.161], [34.5445, -0.16125], [34.54425, -0.16125], [34.54425, -0.1615], [34.544, -0.1615], [34.544, -0.16175], [34.54375, -0.16175], [34.54375, -0.162], [34.5435, -0.162], [34.5435, -0.16225], [34.54275, -0.16225], [34.54275, -0.1625], [34.54225, -0.1625], [34.54225, -0.16275], [34.54175, -0.16275], [34.54175, -0.163], [34.541, -0.163], [34.541, -0.16325], [34.54075, -0.16325], [34.54075, -0.1635], [34.5405, -0.1635], [34.5405, -0.16375], [34.54025, -0.16375], [34.54025, -0.164], [34.54, -0.164], [34.54, -0.1645], [34.53975, -0.1645], [34.53975, -0.1655], [34.5395, -0.1655], [34.5395, -0.16625], [34.53925, -0.16625], [34.53925, -0.1665], [34.539, -0.1665], [34.539, -0.16675], [34.53875, -0.16675], [34.53875, -0.16725], [34.53825, -0.16725], [34.53825, -0.16775], [34.538, -0.16775], [34.538, -0.168], [34.53725, -0.168], [34.53725, -0.16825], [34.53475, -0.16825], [34.53475, -0.1685], [34.53375, -0.1685], [34.53375, -0.16875], [34.533, -0.16875], [34.533, -0.169], [34.5325, -0.169], [34.5325, -0.16925], [34.53225, -0.16925], [34.53225, -0.1695], [34.532, -0.1695], [34.532, -0.17025], [34.53175, -0.17025], [34.53175, -0.1705], [34.5315, -0.1705], [34.5315, -0.17250000000000001], [34.53125, -0.17250000000000001], [34.53125, -0.17275000000000001], [34.5315, -0.17275000000000001], [34.5315, -0.17300000000000001], [34.53175, -0.17300000000000001], [34.53175, -0.17400000000000002], [34.5315, -0.17400000000000002], [34.5315, -0.17425000000000002], [34.5305, -0.17425000000000002], [34.5305, -0.17475000000000002], [34.53025, -0.17475000000000002], [34.53025, -0.17500000000000002], [34.53, -0.17500000000000002], [34.53, -0.17525000000000002], [34.52975, -0.17525000000000002], [34.52975, -0.17625], [34.5295, -0.17625], [34.5295, -0.177], [34.52925, -0.177], [34.52925, -0.1805], [34.529, -0.1805], [34.529, -0.18125], [34.52875, -0.18125], [34.52875, -0.18175], [34.5285, -0.18175], [34.5285, -0.182], [34.52825, -0.182], [34.52825, -0.18225], [34.52775, -0.18225], [34.52775, -0.1825], [34.5275, -0.1825], [34.5275, -0.18275], [34.527, -0.18275], [34.527, -0.183], [34.52625, -0.183], [34.52625, -0.18325], [34.52525, -0.18325], [34.52525, -0.1835], [34.5245, -0.1835], [34.5245, -0.18375], [34.522, -0.18375], [34.522, -0.184], [34.52025, -0.184], [34.52025, -0.18375], [34.51925, -0.18375], [34.51925, -0.1835], [34.5185, -0.1835], [34.5185, -0.18325], [34.51825, -0.18325], [34.51825, -0.18375], [34.518, -0.18375], [34.518, -0.184], [34.5175, -0.184], [34.5175, -0.18425], [34.51725, -0.18425], [34.51725, -0.1845], [34.51675, -0.1845], [34.51675, -0.18475], [34.5165, -0.18475], [34.5165, -0.18525], [34.51625, -0.18525], [34.51625, -0.1855], [34.516, -0.1855], [34.516, -0.18625], [34.51575, -0.18625], [34.51575, -0.187], [34.5155, -0.187], [34.5155, -0.1885], [34.51575, -0.1885], [34.51575, -0.18925], [34.51625, -0.18925], [34.51625, -0.1895], [34.5165, -0.1895], [34.5165, -0.1905], [34.515, -0.1905], [34.515, -0.19075], [34.5145, -0.19075], [34.5145, -0.191], [34.514, -0.191], [34.514, -0.19125], [34.51375, -0.19125], [34.51375, -0.1915], [34.51325, -0.1915], [34.51325, -0.192], [34.513, -0.192], [34.513, -0.1925], [34.51275, -0.1925], [34.51275, -0.19275], [34.51225, -0.19275], [34.51225, -0.193], [34.512, -0.193], [34.512, -0.19325], [34.51175, -0.19325], [34.51175, -0.1935], [34.51125, -0.1935], [34.51125, -0.19375], [34.5105, -0.19375], [34.5105, -0.194], [34.51025, -0.194], [34.51025, -0.19425], [34.50975, -0.19425], [34.50975, -0.194], [34.509, -0.194], [34.509, -0.19375], [34.50825, -0.19375], [34.50825, -0.1935], [34.507, -0.1935], [34.507, -0.19375], [34.50575, -0.19375], [34.50575, -0.1935], [34.5055, -0.1935], [34.5055, -0.19325], [34.50525, -0.19325], [34.50525, -0.193], [34.505, -0.193], [34.505, -0.19275], [34.50475, -0.19275], [34.50475, -0.1925], [34.5045, -0.1925], [34.5045, -0.192], [34.504, -0.192], [34.504, -0.1915], [34.50375, -0.1915], [34.50375, -0.19125], [34.5035, -0.19125], [34.5035, -0.191], [34.503, -0.191], [34.503, -0.19075], [34.50275, -0.19075], [34.50275, -0.19025], [34.5025, -0.19025], [34.5025, -0.19], [34.50225, -0.19], [34.50225, -0.18975], [34.502, -0.18975], [34.502, -0.1895], [34.50175, -0.1895], [34.50175, -0.189], [34.5015, -0.189], [34.5015, -0.18875], [34.50125, -0.18875], [34.50125, -0.1885], [34.50025, -0.1885], [34.50025, -0.188], [34.498, -0.188], [34.498, -0.18775], [34.496, -0.18775], [34.496, -0.1875], [34.49575, -0.1875], [34.49575, -0.18725], [34.4955, -0.18725], [34.4955, -0.187], [34.49525, -0.187], [34.49525, -0.1865], [34.495, -0.1865], [34.495, -0.186], [34.49475, -0.186], [34.49475, -0.18525], [34.4945, -0.18525], [34.4945, -0.18425], [34.49425, -0.18425], [34.49425, -0.18375], [34.494, -0.18375], [34.494, -0.18325], [34.49375, -0.18325], [34.49375, -0.18275], [34.4935, -0.18275], [34.4935, -0.1825], [34.49375, -0.1825], [34.49375, -0.18175], [34.4935, -0.18175], [34.4935, -0.18075], [34.49325, -0.18075], [34.49325, -0.1805], [34.4935, -0.1805], [34.4935, -0.18], [34.49325, -0.18], [34.49325, -0.17875], [34.4935, -0.17875], [34.4935, -0.1775], [34.49375, -0.1775], [34.49375, -0.177], [34.494, -0.177], [34.494, -0.17625], [34.49375, -0.17625], [34.49375, -0.17575000000000002], [34.494, -0.17575000000000002], [34.494, -0.17550000000000002], [34.49375, -0.17550000000000002], [34.49375, -0.17475000000000002], [34.49325, -0.17475000000000002], [34.49325, -0.17500000000000002], [34.4925, -0.17500000000000002], [34.4925, -0.17475000000000002], [34.49225, -0.17475000000000002], [34.49225, -0.17425000000000002], [34.49175, -0.17425000000000002], [34.49175, -0.17400000000000002], [34.49125, -0.17400000000000002], [34.49125, -0.17375000000000002], [34.491, -0.17375000000000002], [34.491, -0.17475000000000002], [34.49125, -0.17475000000000002], [34.49125, -0.17500000000000002], [34.491, -0.17500000000000002], [34.491, -0.17550000000000002], [34.49075, -0.17550000000000002], [34.49075, -0.17500000000000002], [34.4905, -0.17500000000000002], [34.4905, -0.17475000000000002], [34.4895, -0.17475000000000002], [34.4895, -0.17425000000000002], [34.489, -0.17425000000000002], [34.489, -0.17400000000000002], [34.48875, -0.17400000000000002], [34.48875, -0.17375000000000002], [34.4885, -0.17375000000000002], [34.4885, -0.17225000000000001], [34.48725, -0.17225000000000001], [34.48725, -0.17300000000000001], [34.487, -0.17300000000000001], [34.487, -0.17325000000000002], [34.48725, -0.17325000000000002], [34.48725, -0.17400000000000002], [34.4875, -0.17400000000000002], [34.4875, -0.17575000000000002], [34.48725, -0.17575000000000002], [34.48725, -0.17625], [34.487, -0.17625], [34.487, -0.17675], [34.48725, -0.17675], [34.48725, -0.17725], [34.48875, -0.17725], [34.48875, -0.1775], [34.489, -0.1775], [34.489, -0.17775], [34.48875, -0.17775], [34.48875, -0.1785], [34.48825, -0.1785], [34.48825, -0.17875], [34.48675, -0.17875], [34.48675, -0.179], [34.48625, -0.179], [34.48625, -0.17925], [34.48475, -0.17925], [34.48475, -0.18], [34.4845, -0.18], [34.4845, -0.18025], [34.484, -0.18025], [34.484, -0.1805], [34.482, -0.1805], [34.482, -0.18025], [34.481, -0.18025], [34.481, -0.18], [34.47875, -0.18], [34.47875, -0.17975], [34.4785, -0.17975], [34.4785, -0.179], [34.47825, -0.179], [34.47825, -0.17975], [34.478, -0.17975], [34.478, -0.18], [34.476, -0.18], [34.476, -0.18025], [34.475, -0.18025], [34.475, -0.18], [34.4745, -0.18], [34.4745, -0.17975], [34.474, -0.17975], [34.474, -0.18], [34.47325, -0.18], [34.47325, -0.17975], [34.473, -0.17975], [34.473, -0.18], [34.4725, -0.18], [34.4725, -0.17975], [34.47075, -0.17975], [34.47075, -0.1795], [34.47025, -0.1795], [34.47025, -0.17925], [34.46975, -0.17925], [34.46975, -0.179], [34.4695, -0.179], [34.4695, -0.17875], [34.46925, -0.17875], [34.46925, -0.17825], [34.46875, -0.17825], [34.46875, -0.17775], [34.46825, -0.17775], [34.46825, -0.177], [34.468, -0.177], [34.468, -0.17675], [34.46775, -0.17675], [34.46775, -0.1765], [34.4675, -0.1765], [34.4675, -0.17625], [34.46725, -0.17625], [34.46725, -0.17575000000000002], [34.467, -0.17575000000000002], [34.467, -0.17350000000000002], [34.46675, -0.17350000000000002], [34.46675, -0.17325000000000002], [34.46625, -0.17325000000000002], [34.46625, -0.17250000000000001], [34.466, -0.17250000000000001], [34.466, -0.17200000000000001], [34.46575, -0.17200000000000001], [34.46575, -0.17175], [34.466, -0.17175], [34.466, -0.1715], [34.4655, -0.1715], [34.4655, -0.17075], [34.465, -0.17075], [34.465, -0.17025], [34.46475, -0.17025], [34.46475, -0.16975], [34.4645, -0.16975], [34.4645, -0.16925], [34.46425, -0.16925], [34.46425, -0.16875], [34.464, -0.16875], [34.464, -0.16825], [34.46375, -0.16825], [34.46375, -0.16775], [34.4635, -0.16775], [34.4635, -0.167], [34.46325, -0.167], [34.46325, -0.16675], [34.463, -0.16675], [34.463, -0.1665], [34.46275, -0.1665], [34.46275, -0.16625], [34.4625, -0.16625], [34.4625, -0.166], [34.46225, -0.166], [34.46225, -0.16575], [34.4615, -0.16575], [34.4615, -0.1655], [34.46125, -0.1655], [34.46125, -0.16525], [34.461, -0.16525], [34.461, -0.165], [34.46075, -0.165], [34.46075, -0.16475], [34.4605, -0.16475], [34.4605, -0.1645], [34.46025, -0.1645], [34.46025, -0.16475], [34.45875, -0.16475], [34.45875, -0.1645], [34.45775, -0.1645], [34.45775, -0.164], [34.45725, -0.164], [34.45725, -0.16475], [34.457, -0.16475], [34.457, -0.165], [34.45675, -0.165], [34.45675, -0.16525], [34.4565, -0.16525], [34.4565, -0.1655], [34.45625, -0.1655], [34.45625, -0.16575], [34.45575, -0.16575], [34.45575, -0.166], [34.4555, -0.166], [34.4555, -0.16625], [34.45525, -0.16625], [34.45525, -0.1665], [34.455, -0.1665], [34.455, -0.16675], [34.4545, -0.16675], [34.4545, -0.167], [34.45425, -0.167], [34.45425, -0.16725], [34.454, -0.16725], [34.454, -0.16775], [34.45375, -0.16775], [34.45375, -0.168], [34.4535, -0.168], [34.4535, -0.16825], [34.45325, -0.16825], [34.45325, -0.1685], [34.453, -0.1685], [34.453, -0.16875], [34.45275, -0.16875], [34.45275, -0.16925], [34.4525, -0.16925], [34.4525, -0.1695], [34.45225, -0.1695], [34.45225, -0.16975], [34.452, -0.16975], [34.452, -0.17], [34.45175, -0.17], [34.45175, -0.17025], [34.451, -0.17025], [34.451, -0.1705], [34.45075, -0.1705], [34.45075, -0.17075], [34.45025, -0.17075], [34.45025, -0.17125], [34.44825, -0.17125], [34.44825, -0.17075], [34.44725, -0.17075], [34.44725, -0.17125], [34.447, -0.17125], [34.447, -0.1715], [34.44725, -0.1715], [34.44725, -0.17200000000000001], [34.447, -0.17200000000000001], [34.447, -0.17250000000000001], [34.44675, -0.17250000000000001], [34.44675, -0.17275000000000001], [34.44625, -0.17275000000000001], [34.44625, -0.17300000000000001], [34.44575, -0.17300000000000001], [34.44575, -0.17325000000000002], [34.4455, -0.17325000000000002], [34.4455, -0.17350000000000002], [34.44525, -0.17350000000000002], [34.44525, -0.17375000000000002], [34.44475, -0.17375000000000002], [34.44475, -0.17400000000000002], [34.44325, -0.17400000000000002], [34.44325, -0.17425000000000002], [34.442, -0.17425000000000002], [34.442, -0.17475000000000002], [34.4415, -0.17475000000000002], [34.4415, -0.17500000000000002], [34.44025, -0.17500000000000002], [34.44025, -0.17525000000000002], [34.43975, -0.17525000000000002], [34.43975, -0.17550000000000002], [34.4385, -0.17550000000000002], [34.4385, -0.17575000000000002], [34.43825, -0.17575000000000002], [34.43825, -0.176], [34.437, -0.176], [34.437, -0.17625], [34.43625, -0.17625], [34.43625, -0.1765], [34.43425, -0.1765], [34.43425, -0.17675], [34.4335, -0.17675], [34.4335, -0.1765], [34.43275, -0.1765], [34.43275, -0.17625], [34.43225, -0.17625], [34.43225, -0.176], [34.43175, -0.176], [34.43175, -0.17575000000000002], [34.431, -0.17575000000000002], [34.431, -0.17550000000000002], [34.43075, -0.17550000000000002], [34.43075, -0.17525000000000002], [34.42875, -0.17525000000000002], [34.42875, -0.17500000000000002], [34.428, -0.17500000000000002], [34.428, -0.17475000000000002], [34.4265, -0.17475000000000002], [34.4265, -0.17425000000000002], [34.42475, -0.17425000000000002], [34.42475, -0.17475000000000002], [34.4235, -0.17475000000000002], [34.4235, -0.17500000000000002], [34.42325, -0.17500000000000002], [34.42325, -0.17525000000000002], [34.423, -0.17525000000000002], [34.423, -0.17575000000000002], [34.42275, -0.17575000000000002], [34.42275, -0.176], [34.42225, -0.176], [34.42225, -0.17625], [34.4215, -0.17625], [34.4215, -0.1765], [34.42125, -0.1765], [34.42125, -0.17675], [34.42075, -0.17675], [34.42075, -0.177], [34.41975, -0.177], [34.41975, -0.17725], [34.4185, -0.17725], [34.4185, -0.1775], [34.41775, -0.1775], [34.41775, -0.17775], [34.41725, -0.17775], [34.41725, -0.179], [34.417, -0.179], [34.417, -0.1795], [34.41625, -0.1795], [34.41625, -0.18], [34.416, -0.18], [34.416, -0.1805], [34.41575, -0.1805], [34.41575, -0.181], [34.4155, -0.181], [34.4155, -0.18125], [34.41525, -0.18125], [34.41525, -0.18175], [34.415, -0.18175], [34.415, -0.182], [34.41475, -0.182], [34.41475, -0.18225], [34.4145, -0.18225], [34.4145, -0.1825], [34.41425, -0.1825], [34.41425, -0.18275], [34.414, -0.18275], [34.414, -0.183], [34.41375, -0.183], [34.41375, -0.1835], [34.4135, -0.1835], [34.4135, -0.184], [34.413, -0.184], [34.413, -0.18425], [34.41275, -0.18425], [34.41275, -0.1845], [34.4125, -0.1845], [34.4125, -0.18525], [34.41225, -0.18525], [34.41225, -0.1855], [34.412, -0.1855], [34.412, -0.18575], [34.41175, -0.18575], [34.41175, -0.1865], [34.4115, -0.1865], [34.4115, -0.18775], [34.41125, -0.18775], [34.41125, -0.18875], [34.411, -0.18875], [34.411, -0.189], [34.41075, -0.189], [34.41075, -0.19025], [34.4105, -0.19025], [34.4105, -0.19075], [34.41025, -0.19075], [34.41025, -0.19125], [34.41, -0.19125], [34.41, -0.1915], [34.41025, -0.1915], [34.41025, -0.193], [34.4105, -0.193], [34.4105, -0.19375], [34.41075, -0.19375], [34.41075, -0.194], [34.411, -0.194], [34.411, -0.19425], [34.4115, -0.19425], [34.4115, -0.19475], [34.41125, -0.19475], [34.41125, -0.195], [34.411, -0.195], [34.411, -0.1955], [34.41075, -0.1955], [34.41075, -0.19575], [34.4105, -0.19575], [34.4105, -0.196], [34.41025, -0.196], [34.41025, -0.19625], [34.4095, -0.19625], [34.4095, -0.1965], [34.40925, -0.1965], [34.40925, -0.19675], [34.409, -0.19675], [34.409, -0.197], [34.4085, -0.197], [34.4085, -0.19675], [34.40825, -0.19675], [34.40825, -0.19625], [34.408, -0.19625], [34.408, -0.195], [34.40775, -0.195], [34.40775, -0.1945], [34.4075, -0.1945], [34.4075, -0.194], [34.40725, -0.194], [34.40725, -0.1935], [34.407, -0.1935], [34.407, -0.1925], [34.40725, -0.1925], [34.40725, -0.19075], [34.4075, -0.19075], [34.4075, -0.1895], [34.40725, -0.1895], [34.40725, -0.18875], [34.407, -0.18875], [34.407, -0.18775], [34.40675, -0.18775], [34.40675, -0.1875], [34.40625, -0.1875], [34.40625, -0.187], [34.406, -0.187], [34.406, -0.18675], [34.40575, -0.18675], [34.40575, -0.18625], [34.4055, -0.18625], [34.4055, -0.186], [34.40525, -0.186], [34.40525, -0.18575], [34.405, -0.18575], [34.405, -0.1855], [34.40475, -0.1855], [34.40475, -0.18525], [34.4045, -0.18525], [34.4045, -0.18475], [34.40425, -0.18475], [34.40425, -0.1845], [34.4035, -0.1845], [34.4035, -0.18425], [34.40175, -0.18425], [34.40175, -0.184], [34.4015, -0.184], [34.4015, -0.18425], [34.40125, -0.18425], [34.40125, -0.1845], [34.401, -0.1845], [34.401, -0.18475], [34.40075, -0.18475], [34.40075, -0.18525], [34.40025, -0.18525], [34.40025, -0.1855], [34.39925, -0.1855], [34.39925, -0.18575], [34.399, -0.18575], [34.399, -0.186], [34.3985, -0.186], [34.3985, -0.18625], [34.3975, -0.18625], [34.3975, -0.1865], [34.39675, -0.1865], [34.39675, -0.18675], [34.39475, -0.18675], [34.39475, -0.1865], [34.39375, -0.1865], [34.39375, -0.18625], [34.39175, -0.18625], [34.39175, -0.1865], [34.39125, -0.1865], [34.39125, -0.18675], [34.39075, -0.18675], [34.39075, -0.187], [34.39, -0.187], [34.39, -0.18725], [34.38925, -0.18725], [34.38925, -0.1875], [34.3885, -0.1875], [34.3885, -0.18775], [34.388, -0.18775], [34.388, -0.188], [34.38775, -0.188], [34.38775, -0.1885], [34.387, -0.1885], [34.387, -0.188], [34.385, -0.188], [34.385, -0.18775], [34.3845, -0.18775], [34.3845, -0.188], [34.3825, -0.188], [34.3825, -0.1885], [34.38175, -0.1885], [34.38175, -0.188], [34.38125, -0.188], [34.38125, -0.1885], [34.381, -0.1885], [34.381, -0.18875], [34.38075, -0.18875], [34.38075, -0.189], [34.3805, -0.189], [34.3805, -0.18925], [34.38, -0.18925], [34.38, -0.1895], [34.37975, -0.1895], [34.37975, -0.18975], [34.3795, -0.18975], [34.3795, -0.19], [34.37925, -0.19], [34.37925, -0.1905], [34.379, -0.1905], [34.379, -0.19075], [34.3785, -0.19075], [34.3785, -0.191], [34.37825, -0.191], [34.37825, -0.19125], [34.378, -0.19125], [34.378, -0.1915], [34.3775, -0.1915], [34.3775, -0.192], [34.37725, -0.192], [34.37725, -0.19225], [34.377, -0.19225], [34.377, -0.1925], [34.37675, -0.1925], [34.37675, -0.19275], [34.3765, -0.19275], [34.3765, -0.193], [34.376, -0.193], [34.376, -0.19325], [34.375, -0.19325], [34.375, -0.1935], [34.37475, -0.1935], [34.37475, -0.19375], [34.37425, -0.19375], [34.37425, -0.194], [34.374, -0.194], [34.374, -0.19375], [34.37325, -0.19375], [34.37325, -0.1935], [34.373, -0.1935], [34.373, -0.19325], [34.372, -0.19325], [34.372, -0.193], [34.3705, -0.193], [34.3705, -0.19325], [34.36875, -0.19325], [34.36875, -0.193], [34.3675, -0.193], [34.3675, -0.19275], [34.36725, -0.19275], [34.36725, -0.1925], [34.367, -0.1925], [34.367, -0.19225], [34.36675, -0.19225], [34.36675, -0.192], [34.36575, -0.192], [34.36575, -0.1915], [34.36525, -0.1915], [34.36525, -0.192], [34.3645, -0.192], [34.3645, -0.19225], [34.36375, -0.19225], [34.36375, -0.1925], [34.36325, -0.1925], [34.36325, -0.19275], [34.3625, -0.19275], [34.3625, -0.193], [34.36225, -0.193], [34.36225, -0.19325], [34.36175, -0.19325], [34.36175, -0.1935], [34.361, -0.1935], [34.361, -0.19375], [34.3605, -0.19375], [34.3605, -0.194], [34.36, -0.194], [34.36, -0.19425], [34.3595, -0.19425], [34.3595, -0.1945], [34.3585, -0.1945], [34.3585, -0.19475], [34.35775, -0.19475], [34.35775, -0.195], [34.35725, -0.195], [34.35725, -0.1955], [34.357, -0.1955], [34.357, -0.196], [34.3565, -0.196], [34.3565, -0.19625], [34.3555, -0.19625], [34.3555, -0.196], [34.35525, -0.196], [34.35525, -0.19575], [34.355, -0.19575], [34.355, -0.19475], [34.35475, -0.19475], [34.35475, -0.1945], [34.35425, -0.1945], [34.35425, -0.19425], [34.354, -0.19425], [34.354, -0.194], [34.3525, -0.194], [34.3525, -0.19375], [34.35175, -0.19375], [34.35175, -0.194], [34.35025, -0.194], [34.35025, -0.19375], [34.3495, -0.19375], [34.3495, -0.194], [34.34875, -0.194], [34.34875, -0.19425], [34.34825, -0.19425], [34.34825, -0.19475], [34.3475, -0.19475], [34.3475, -0.1955], [34.34725, -0.1955], [34.34725, -0.196], [34.347, -0.196], [34.347, -0.19625], [34.34675, -0.19625], [34.34675, -0.1965], [34.34625, -0.1965], [34.34625, -0.19675], [34.346, -0.19675], [34.346, -0.19725], [34.34575, -0.19725], [34.34575, -0.1975], [34.3455, -0.1975], [34.3455, -0.198], [34.34525, -0.198], [34.34525, -0.19825], [34.345, -0.19825], [34.345, -0.1985], [34.34475, -0.1985], [34.34475, -0.19925], [34.3445, -0.19925], [34.3445, -0.1995], [34.344, -0.1995], [34.344, -0.19975], [34.34375, -0.19975], [34.34375, -0.2], [34.3435, -0.2], [34.3435, -0.20025], [34.34325, -0.20025], [34.34325, -0.2005], [34.343, -0.2005], [34.343, -0.20075], [34.34275, -0.20075], [34.34275, -0.20475000000000002], [34.343, -0.20475000000000002], [34.343, -0.20550000000000002], [34.34325, -0.20550000000000002], [34.34325, -0.20675000000000002], [34.343, -0.20675000000000002], [34.343, -0.20800000000000002], [34.34275, -0.20800000000000002], [34.34275, -0.20875], [34.3425, -0.20875], [34.3425, -0.20975], [34.342, -0.20975], [34.342, -0.21075], [34.34175, -0.21075], [34.34175, -0.2115], [34.3415, -0.2115], [34.3415, -0.21225], [34.34125, -0.21225], [34.34125, -0.2145], [34.3415, -0.2145], [34.3415, -0.2155], [34.34175, -0.2155], [34.34175, -0.21675], [34.342, -0.21675], [34.342, -0.217], [34.34225, -0.217], [34.34225, -0.2175], [34.342, -0.2175], [34.342, -0.218], [34.34225, -0.218], [34.34225, -0.21775], [34.3425, -0.21775], [34.3425, -0.2185], [34.34275, -0.2185], [34.34275, -0.21875], [34.34325, -0.21875], [34.34325, -0.219], [34.3435, -0.219], [34.3435, -0.21925], [34.3445, -0.21925], [34.3445, -0.21975], [34.345, -0.21975], [34.345, -0.22], [34.3455, -0.22], [34.3455, -0.22025], [34.34625, -0.22025], [34.34625, -0.2205], [34.34675, -0.2205], [34.34675, -0.22075], [34.34725, -0.22075], [34.34725, -0.221], [34.3475, -0.221], [34.3475, -0.22125], [34.348, -0.22125], [34.348, -0.2215], [34.34825, -0.2215], [34.34825, -0.22175], [34.3485, -0.22175], [34.3485, -0.2215], [34.34875, -0.2215], [34.34875, -0.22175], [34.349, -0.22175], [34.349, -0.222], [34.34925, -0.222], [34.34925, -0.22225], [34.34975, -0.22225], [34.34975, -0.2225], [34.35, -0.2225], [34.35, -0.22275], [34.35025, -0.22275], [34.35025, -0.22325], [34.3505, -0.22325], [34.3505, -0.2235], [34.35075, -0.2235], [34.35075, -0.224], [34.35125, -0.224], [34.35125, -0.22425], [34.3515, -0.22425], [34.3515, -0.2245], [34.35175, -0.2245], [34.35175, -0.22475], [34.352, -0.22475], [34.352, -0.225], [34.35225, -0.225], [34.35225, -0.22575], [34.3525, -0.22575], [34.3525, -0.2265], [34.35275, -0.2265], [34.35275, -0.22675], [34.353, -0.22675], [34.353, -0.227], [34.35325, -0.227], [34.35325, -0.22725], [34.3535, -0.22725], [34.3535, -0.22775], [34.35375, -0.22775], [34.35375, -0.228], [34.354, -0.228], [34.354, -0.2285], [34.35425, -0.2285], [34.35425, -0.22875], [34.35475, -0.22875], [34.35475, -0.229], [34.355, -0.229], [34.355, -0.22925], [34.35525, -0.22925], [34.35525, -0.2295], [34.3555, -0.2295], [34.3555, -0.23025], [34.35575, -0.23025], [34.35575, -0.2305], [34.356, -0.2305], [34.356, -0.23075], [34.35625, -0.23075], [34.35625, -0.231], [34.3565, -0.231], [34.3565, -0.23125], [34.357, -0.23125], [34.357, -0.2315], [34.35725, -0.2315], [34.35725, -0.232], [34.3575, -0.232], [34.3575, -0.23225], [34.35775, -0.23225], [34.35775, -0.23275], [34.35825, -0.23275], [34.35825, -0.233], [34.3585, -0.233], [34.3585, -0.2335], [34.35875, -0.2335], [34.35875, -0.23375], [34.359, -0.23375], [34.359, -0.234], [34.35925, -0.234], [34.35925, -0.23425], [34.3595, -0.23425], [34.3595, -0.23450000000000001], [34.36, -0.23450000000000001], [34.36, -0.23475000000000001], [34.3605, -0.23475000000000001], [34.3605, -0.23500000000000001], [34.361, -0.23500000000000001], [34.361, -0.23525000000000001], [34.362, -0.23525000000000001], [34.362, -0.23550000000000001], [34.3625, -0.23550000000000001], [34.3625, -0.23575000000000002], [34.363, -0.23575000000000002], [34.363, -0.23600000000000002], [34.36325, -0.23600000000000002], [34.36325, -0.23625000000000002], [34.36375, -0.23625000000000002], [34.36375, -0.23650000000000002], [34.364, -0.23650000000000002], [34.364, -0.23700000000000002], [34.36425, -0.23700000000000002], [34.36425, -0.23725000000000002], [34.3645, -0.23725000000000002], [34.3645, -0.23800000000000002], [34.36525, -0.23800000000000002], [34.36525, -0.23825000000000002], [34.3665, -0.23825000000000002], [34.3665, -0.23850000000000002], [34.3675, -0.23850000000000002], [34.3675, -0.23875000000000002], [34.36925, -0.23875000000000002], [34.36925, -0.23900000000000002], [34.3695, -0.23900000000000002], [34.3695, -0.23875000000000002], [34.36975, -0.23875000000000002], [34.36975, -0.23900000000000002], [34.37025, -0.23900000000000002], [34.37025, -0.23925000000000002], [34.3705, -0.23925000000000002], [34.3705, -0.23950000000000002], [34.371, -0.23950000000000002], [34.371, -0.23975000000000002], [34.37325, -0.23975000000000002], [34.37325, -0.23950000000000002], [34.374, -0.23950000000000002], [34.374, -0.23925000000000002], [34.3745, -0.23925000000000002], [34.3745, -0.23900000000000002], [34.375, -0.23900000000000002], [34.375, -0.23875000000000002], [34.376, -0.23875000000000002], [34.376, -0.23850000000000002], [34.3765, -0.23850000000000002], [34.3765, -0.23825000000000002], [34.377, -0.23825000000000002], [34.377, -0.23800000000000002], [34.37775, -0.23800000000000002], [34.37775, -0.23750000000000002], [34.378, -0.23750000000000002], [34.378, -0.23725000000000002], [34.37825, -0.23725000000000002], [34.37825, -0.23700000000000002], [34.3785, -0.23700000000000002], [34.3785, -0.23650000000000002], [34.379, -0.23650000000000002], [34.379, -0.23600000000000002], [34.3795, -0.23600000000000002], [34.3795, -0.23575000000000002], [34.37975, -0.23575000000000002], [34.37975, -0.23475000000000001], [34.38025, -0.23475000000000001], [34.38025, -0.23425], [34.3805, -0.23425], [34.3805, -0.234], [34.38075, -0.234], [34.38075, -0.23375], [34.381, -0.23375], [34.381, -0.2335], [34.38125, -0.2335], [34.38125, -0.233], [34.38175, -0.233], [34.38175, -0.23275], [34.38275, -0.23275], [34.38275, -0.233], [34.3835, -0.233], [34.3835, -0.2335], [34.38375, -0.2335], [34.38375, -0.23375], [34.384, -0.23375], [34.384, -0.23500000000000001], [34.38425, -0.23500000000000001], [34.38425, -0.23600000000000002], [34.3845, -0.23600000000000002], [34.3845, -0.23650000000000002], [34.38475, -0.23650000000000002], [34.38475, -0.23725000000000002], [34.385, -0.23725000000000002], [34.385, -0.23800000000000002], [34.38525, -0.23800000000000002], [34.38525, -0.23850000000000002], [34.3855, -0.23850000000000002], [34.3855, -0.23900000000000002], [34.386, -0.23900000000000002], [34.386, -0.23925000000000002], [34.38625, -0.23925000000000002], [34.38625, -0.23950000000000002], [34.3865, -0.23950000000000002], [34.3865, -0.23975000000000002], [34.38675, -0.23975000000000002], [34.38675, -0.24], [34.387, -0.24], [34.387, -0.2405], [34.3875, -0.2405], [34.3875, -0.24075], [34.38775, -0.24075], [34.38775, -0.24125], [34.388, -0.24125], [34.388, -0.2415], [34.38775, -0.2415], [34.38775, -0.245], [34.388, -0.245], [34.388, -0.24675], [34.38825, -0.24675], [34.38825, -0.24725], [34.388, -0.24725], [34.388, -0.24825], [34.38825, -0.24825], [34.38825, -0.2485], [34.388, -0.2485], [34.388, -0.24875], [34.38825, -0.24875], [34.38825, -0.2495], [34.3885, -0.2495], [34.3885, -0.25025000000000003], [34.38875, -0.25025000000000003], [34.38875, -0.251], [34.38925, -0.251], [34.38925, -0.2515], [34.3895, -0.2515], [34.3895, -0.25175000000000003], [34.38975, -0.25175000000000003], [34.38975, -0.252], [34.39, -0.252], [34.39, -0.25225000000000003], [34.39025, -0.25225000000000003], [34.39025, -0.25275000000000003], [34.3905, -0.25275000000000003], [34.3905, -0.253], [34.39075, -0.253], [34.39075, -0.2535], [34.3905, -0.2535], [34.3905, -0.25375000000000003], [34.39075, -0.25375000000000003], [34.39075, -0.2555], [34.391, -0.2555], [34.391, -0.25625], [34.39125, -0.25625], [34.39125, -0.257], [34.3915, -0.257], [34.3915, -0.25875], [34.39175, -0.25875], [34.39175, -0.2605], [34.392, -0.2605], [34.392, -0.2615], [34.39225, -0.2615], [34.39225, -0.26225], [34.39275, -0.26225], [34.39275, -0.2625], [34.393, -0.2625], [34.393, -0.26275], [34.39325, -0.26275], [34.39325, -0.26325], [34.3935, -0.26325], [34.3935, -0.26375], [34.39375, -0.26375], [34.39375, -0.26425], [34.394, -0.26425], [34.394, -0.26525], [34.39425, -0.26525], [34.39425, -0.266], [34.3945, -0.266], [34.3945, -0.26675], [34.39475, -0.26675], [34.39475, -0.267], [34.395, -0.267], [34.395, -0.2675], [34.39525, -0.2675], [34.39525, -0.268], [34.39575, -0.268], [34.39575, -0.26825], [34.39675, -0.26825], [34.39675, -0.2685], [34.39775, -0.2685], [34.39775, -0.26875], [34.398, -0.26875], [34.398, -0.269], [34.39825, -0.269], [34.39825, -0.26925], [34.3985, -0.26925], [34.3985, -0.26975], [34.39825, -0.26975], [34.39825, -0.27], [34.398, -0.27], [34.398, -0.2705], [34.39775, -0.2705], [34.39775, -0.271], [34.3975, -0.271], [34.3975, -0.2715], [34.39725, -0.2715], [34.39725, -0.272], [34.397, -0.272], [34.397, -0.27325], [34.39725, -0.27325], [34.39725, -0.274], [34.3975, -0.274], [34.3975, -0.27425], [34.39775, -0.27425], [34.39775, -0.2745], [34.398, -0.2745], [34.398, -0.27575], [34.39825, -0.27575], [34.39825, -0.2765], [34.3985, -0.2765], [34.3985, -0.27725], [34.39875, -0.27725], [34.39875, -0.27775], [34.399, -0.27775], [34.399, -0.278], [34.39925, -0.278], [34.39925, -0.27875], [34.40075, -0.27875], [34.40075, -0.279], [34.4015, -0.279], [34.4015, -0.27925], [34.40175, -0.27925], [34.40175, -0.279], [34.40375, -0.279], [34.40375, -0.27925], [34.404, -0.27925], [34.404, -0.27975], [34.40425, -0.27975], [34.40425, -0.28075], [34.404, -0.28075], [34.404, -0.281], [34.40375, -0.281], [34.40375, -0.28125], [34.4035, -0.28125], [34.4035, -0.28150000000000003], [34.40325, -0.28150000000000003], [34.40325, -0.28250000000000003], [34.40275, -0.28250000000000003], [34.40275, -0.28350000000000003], [34.4025, -0.28350000000000003], [34.4025, -0.28550000000000003], [34.40225, -0.28550000000000003], [34.40225, -0.28650000000000003], [34.402, -0.28650000000000003], [34.402, -0.28725], [34.40175, -0.28725], [34.40175, -0.28800000000000003], [34.4015, -0.28800000000000003], [34.4015, -0.2905], [34.40125, -0.2905], [34.40125, -0.29125], [34.401, -0.29125], [34.401, -0.29175], [34.40075, -0.29175], [34.40075, -0.2925], [34.40025, -0.2925], [34.40025, -0.293], [34.4, -0.293], [34.4, -0.294], [34.39975, -0.294], [34.39975, -0.295], [34.39925, -0.295], [34.39925, -0.29575], [34.399, -0.29575], [34.399, -0.296], [34.39875, -0.296], [34.39875, -0.29625], [34.3985, -0.29625], [34.3985, -0.29675], [34.39825, -0.29675], [34.39825, -0.29725], [34.398, -0.29725], [34.398, -0.2975], [34.39775, -0.2975], [34.39775, -0.29775], [34.39575, -0.29775], [34.39575, -0.298], [34.395, -0.298], [34.395, -0.29825], [34.3945, -0.29825], [34.3945, -0.2985], [34.394, -0.2985], [34.394, -0.29925], [34.39375, -0.29925], [34.39375, -0.2995], [34.3935, -0.2995], [34.3935, -0.3], [34.39325, -0.3], [34.39325, -0.3005], [34.393, -0.3005], [34.393, -0.30275], [34.39325, -0.30275], [34.39325, -0.3035], [34.393, -0.3035], [34.393, -0.3045], [34.39275, -0.3045], [34.39275, -0.30475], [34.39225, -0.30475], [34.39225, -0.30525], [34.392, -0.30525], [34.392, -0.3055], [34.3915, -0.3055], [34.3915, -0.306], [34.39075, -0.306], [34.39075, -0.30625], [34.39025, -0.30625], [34.39025, -0.30675], [34.38975, -0.30675], [34.38975, -0.307], [34.3895, -0.307], [34.3895, -0.30725], [34.38925, -0.30725], [34.38925, -0.30775], [34.38875, -0.30775], [34.38875, -0.30825], [34.3885, -0.30825], [34.3885, -0.3085], [34.38825, -0.3085], [34.38825, -0.30875], [34.388, -0.30875], [34.388, -0.3095], [34.38775, -0.3095], [34.38775, -0.31], [34.3875, -0.31], [34.3875, -0.3105], [34.38725, -0.3105], [34.38725, -0.31075], [34.38675, -0.31075], [34.38675, -0.311], [34.38525, -0.311], [34.38525, -0.31075], [34.385, -0.31075], [34.385, -0.3105], [34.38475, -0.3105], [34.38475, -0.31025], [34.38425, -0.31025], [34.38425, -0.31], [34.384, -0.31], [34.384, -0.30975], [34.383, -0.30975], [34.383, -0.3095], [34.382, -0.3095], [34.382, -0.309], [34.3815, -0.309], [34.3815, -0.30875], [34.38125, -0.30875], [34.38125, -0.3085], [34.381, -0.3085], [34.381, -0.30825], [34.38075, -0.30825], [34.38075, -0.308], [34.3805, -0.308], [34.3805, -0.30775], [34.38025, -0.30775], [34.38025, -0.3075], [34.38, -0.3075], [34.38, -0.30725], [34.37975, -0.30725], [34.37975, -0.307], [34.37825, -0.307], [34.37825, -0.30675], [34.3775, -0.30675], [34.3775, -0.3065], [34.37675, -0.3065], [34.37675, -0.30675], [34.3765, -0.30675], [34.3765, -0.307], [34.376, -0.307], [34.376, -0.3075], [34.3755, -0.3075], [34.3755, -0.30775], [34.375, -0.30775], [34.375, -0.309], [34.3755, -0.309], [34.3755, -0.3105], [34.375, -0.3105], [34.375, -0.311], [34.37475, -0.311], [34.37475, -0.3115], [34.3745, -0.3115], [34.3745, -0.312], [34.37425, -0.312], [34.37425, -0.3125], [34.374, -0.3125], [34.374, -0.313], [34.37375, -0.313], [34.37375, -0.31375000000000003], [34.3735, -0.31375000000000003], [34.3735, -0.31425000000000003], [34.37375, -0.31425000000000003], [34.37375, -0.3165], [34.374, -0.3165], [34.374, -0.31775000000000003], [34.37425, -0.31775000000000003], [34.37425, -0.318], [34.3745, -0.318], [34.3745, -0.31875000000000003], [34.37425, -0.31875000000000003], [34.37425, -0.319], [34.374, -0.319], [34.374, -0.31925000000000003], [34.37375, -0.31925000000000003], [34.37375, -0.32], [34.3735, -0.32], [34.3735, -0.32025], [34.37325, -0.32025], [34.37325, -0.3205], [34.373, -0.3205], [34.373, -0.32075], [34.3725, -0.32075], [34.3725, -0.321], [34.3715, -0.321], [34.3715, -0.32125], [34.3705, -0.32125], [34.3705, -0.3215], [34.3695, -0.3215], [34.3695, -0.32175], [34.36725, -0.32175], [34.36725, -0.322], [34.3665, -0.322], [34.3665, -0.32225], [34.36625, -0.32225], [34.36625, -0.3225], [34.366, -0.3225], [34.366, -0.32275], [34.3655, -0.32275], [34.3655, -0.3235], [34.36525, -0.3235], [34.36525, -0.32425], [34.36475, -0.32425], [34.36475, -0.3245], [34.3645, -0.3245], [34.3645, -0.325], [34.36425, -0.325], [34.36425, -0.3255], [34.364, -0.3255], [34.364, -0.32575], [34.36375, -0.32575], [34.36375, -0.326], [34.36325, -0.326], [34.36325, -0.32625], [34.363, -0.32625], [34.363, -0.32675], [34.36275, -0.32675], [34.36275, -0.32725], [34.3625, -0.32725], [34.3625, -0.3275], [34.36225, -0.3275], [34.36225, -0.328], [34.362, -0.328], [34.362, -0.32875], [34.36175, -0.32875], [34.36175, -0.329], [34.36125, -0.329], [34.36125, -0.32925], [34.361, -0.32925], [34.361, -0.32975], [34.36075, -0.32975], [34.36075, -0.3305], [34.3605, -0.3305], [34.3605, -0.33125], [34.36025, -0.33125], [34.36025, -0.33175], [34.36, -0.33175], [34.36, -0.33225], [34.35975, -0.33225], [34.35975, -0.3325], [34.3595, -0.3325], [34.3595, -0.333], [34.35925, -0.333], [34.35925, -0.33425], [34.359, -0.33425], [34.359, -0.335], [34.35875, -0.335], [34.35875, -0.3355], [34.3585, -0.3355], [34.3585, -0.336], [34.35825, -0.336], [34.35825, -0.33625], [34.35775, -0.33625], [34.35775, -0.33675], [34.35725, -0.33675], [34.35725, -0.33725], [34.357, -0.33725], [34.357, -0.3375], [34.35625, -0.3375], [34.35625, -0.33775], [34.35575, -0.33775], [34.35575, -0.338], [34.3555, -0.338], [34.3555, -0.33825], [34.35525, -0.33825], [34.35525, -0.3385], [34.35475, -0.3385], [34.35475, -0.33875], [34.35375, -0.33875], [34.35375, -0.339], [34.35325, -0.339], [34.35325, -0.33925], [34.35275, -0.33925], [34.35275, -0.3395], [34.3525, -0.3395], [34.3525, -0.33925], [34.35225, -0.33925], [34.35225, -0.3395], [34.352, -0.3395], [34.352, -0.33925], [34.35, -0.33925], [34.35, -0.3395], [34.349, -0.3395], [34.349, -0.33975], [34.3485, -0.33975], [34.3485, -0.34], [34.348, -0.34], [34.348, -0.34025], [34.3475, -0.34025], [34.3475, -0.34075], [34.347, -0.34075], [34.347, -0.341], [34.34675, -0.341], [34.34675, -0.34125], [34.34625, -0.34125], [34.34625, -0.3415], [34.34575, -0.3415], [34.34575, -0.34175], [34.34525, -0.34175], [34.34525, -0.34225], [34.345, -0.34225], [34.345, -0.34325], [34.34475, -0.34325], [34.34475, -0.34425], [34.345, -0.34425], [34.345, -0.34525], [34.34525, -0.34525], [34.34525, -0.34600000000000003], [34.3455, -0.34600000000000003], [34.3455, -0.34625], [34.34575, -0.34625], [34.34575, -0.34650000000000003], [34.34625, -0.34650000000000003], [34.34625, -0.34675], [34.3465, -0.34675], [34.3465, -0.34700000000000003], [34.347, -0.34700000000000003], [34.347, -0.34750000000000003], [34.34725, -0.34750000000000003], [34.34725, -0.34775], [34.3475, -0.34775], [34.3475, -0.34800000000000003], [34.34825, -0.34800000000000003], [34.34825, -0.34825], [34.34875, -0.34825], [34.34875, -0.34850000000000003], [34.349, -0.34850000000000003], [34.349, -0.34900000000000003], [34.34925, -0.34900000000000003], [34.34925, -0.34925], [34.3495, -0.34925], [34.3495, -0.34950000000000003], [34.34925, -0.34950000000000003], [34.34925, -0.35000000000000003], [34.349, -0.35000000000000003], [34.349, -0.35025], [34.34875, -0.35025], [34.34875, -0.35050000000000003], [34.348, -0.35050000000000003], [34.348, -0.35100000000000003], [34.346, -0.35100000000000003], [34.346, -0.35125], [34.34525, -0.35125], [34.34525, -0.35150000000000003], [34.345, -0.35150000000000003], [34.345, -0.35175], [34.3445, -0.35175], [34.3445, -0.352], [34.344, -0.352], [34.344, -0.35225], [34.34375, -0.35225], [34.34375, -0.3525], [34.34325, -0.3525], [34.34325, -0.353], [34.343, -0.353], [34.343, -0.35325], [34.34275, -0.35325], [34.34275, -0.3535], [34.3425, -0.3535], [34.3425, -0.35375], [34.34225, -0.35375], [34.34225, -0.354], [34.342, -0.354], [34.342, -0.3545], [34.34175, -0.3545], [34.34175, -0.35475], [34.3415, -0.35475], [34.3415, -0.355], [34.341, -0.355], [34.341, -0.35525], [34.34, -0.35525], [34.34, -0.3555], [34.33975, -0.3555], [34.33975, -0.356], [34.33925, -0.356], [34.33925, -0.35625], [34.339, -0.35625], [34.339, -0.3565], [34.33825, -0.3565], [34.33825, -0.35625], [34.338, -0.35625], [34.338, -0.356], [34.3375, -0.356], [34.3375, -0.3555], [34.33625, -0.3555], [34.33625, -0.356], [34.335, -0.356], [34.335, -0.3555], [34.3335, -0.3555], [34.3335, -0.35575], [34.33325, -0.35575], [34.33325, -0.356], [34.33275, -0.356], [34.33275, -0.35625], [34.33225, -0.35625], [34.33225, -0.3565], [34.3315, -0.3565], [34.3315, -0.35675], [34.33125, -0.35675], [34.33125, -0.357], [34.331, -0.357], [34.331, -0.35725], [34.3305, -0.35725], [34.3305, -0.3575], [34.33, -0.3575], [34.33, -0.358], [34.32975, -0.358], [34.32975, -0.3585], [34.32925, -0.3585], [34.32925, -0.35875], [34.329, -0.35875], [34.329, -0.359], [34.32875, -0.359], [34.32875, -0.35925], [34.3285, -0.35925], [34.3285, -0.3595], [34.32825, -0.3595], [34.32825, -0.35975], [34.32775, -0.35975], [34.32775, -0.36], [34.32675, -0.36], [34.32675, -0.36025], [34.3265, -0.36025], [34.3265, -0.36075], [34.32625, -0.36075], [34.32625, -0.361], [34.326, -0.361], [34.326, -0.36175], [34.32575, -0.36175], [34.32575, -0.36225], [34.3255, -0.36225], [34.3255, -0.3635], [34.32525, -0.3635], [34.32525, -0.36375], [34.3255, -0.36375], [34.3255, -0.36425], [34.32525, -0.36425], [34.32525, -0.3655], [34.325, -0.3655], [34.325, -0.3665], [34.32525, -0.3665], [34.32525, -0.36675], [34.3255, -0.36675], [34.3255, -0.36725], [34.32575, -0.36725], [34.32575, -0.36775], [34.326, -0.36775], [34.326, -0.36825], [34.32625, -0.36825], [34.32625, -0.3685], [34.3265, -0.3685], [34.3265, -0.369], [34.32675, -0.369], [34.32675, -0.36975], [34.326, -0.36975], [34.326, -0.37], [34.32575, -0.37], [34.32575, -0.37025], [34.3255, -0.37025], [34.3255, -0.37075], [34.32525, -0.37075], [34.32525, -0.37125], [34.325, -0.37125], [34.325, -0.372], [34.32475, -0.372], [34.32475, -0.37225], [34.3245, -0.37225], [34.3245, -0.3725], [34.32425, -0.3725], [34.32425, -0.37275], [34.324, -0.37275], [34.324, -0.373], [34.32375, -0.373], [34.32375, -0.3735], [34.32325, -0.3735], [34.32325, -0.374], [34.323, -0.374], [34.323, -0.37425], [34.32275, -0.37425], [34.32275, -0.3745], [34.3215, -0.3745], [34.3215, -0.37425], [34.32075, -0.37425], [34.32075, -0.374], [34.3205, -0.374], [34.3205, -0.37375], [34.31975, -0.37375], [34.31975, -0.3735], [34.3195, -0.3735], [34.3195, -0.37325], [34.31725, -0.37325], [34.31725, -0.373], [34.31675, -0.373], [34.31675, -0.37275], [34.3155, -0.37275], [34.3155, -0.373], [34.31525, -0.373], [34.31525, -0.37275], [34.315, -0.37275], [34.315, -0.373], [34.31375, -0.373], [34.31375, -0.37325], [34.3135, -0.37325], [34.3135, -0.3735], [34.31275, -0.3735], [34.31275, -0.374], [34.3125, -0.374], [34.3125, -0.37425], [34.31225, -0.37425], [34.31225, -0.37475], [34.312, -0.37475], [34.312, -0.37575000000000003], [34.31225, -0.37575000000000003], [34.31225, -0.3775], [34.3125, -0.3775], [34.3125, -0.378], [34.31275, -0.378], [34.31275, -0.37825000000000003], [34.31325, -0.37825000000000003], [34.31325, -0.37875000000000003], [34.3135, -0.37875000000000003], [34.3135, -0.3795], [34.31325, -0.3795], [34.31325, -0.38025000000000003], [34.31275, -0.38025000000000003], [34.31275, -0.3805], [34.3125, -0.3805], [34.3125, -0.381], [34.31225, -0.381], [34.31225, -0.38175000000000003], [34.312, -0.38175000000000003], [34.312, -0.38225000000000003], [34.31225, -0.38225000000000003], [34.31225, -0.3825], [34.312, -0.3825], [34.312, -0.3845], [34.31225, -0.3845], [34.31225, -0.385], [34.3125, -0.385], [34.3125, -0.3855], [34.31275, -0.3855], [34.31275, -0.38575], [34.31375, -0.38575], [34.31375, -0.386], [34.31625, -0.386], [34.31625, -0.38625], [34.317, -0.38625], [34.317, -0.3865], [34.31725, -0.3865], [34.31725, -0.38675], [34.3175, -0.38675], [34.3175, -0.38825], [34.31775, -0.38825], [34.31775, -0.3885], [34.3175, -0.3885], [34.3175, -0.39], [34.31725, -0.39], [34.31725, -0.39025], [34.317, -0.39025], [34.317, -0.3905], [34.31675, -0.3905], [34.31675, -0.39075], [34.31625, -0.39075], [34.31625, -0.391], [34.3155, -0.391], [34.3155, -0.39125], [34.315, -0.39125], [34.315, -0.3915], [34.31475, -0.3915], [34.31475, -0.39175], [34.3145, -0.39175], [34.3145, -0.3925], [34.31425, -0.3925], [34.31425, -0.39475], [34.314, -0.39475], [34.314, -0.395], [34.3125, -0.395], [34.3125, -0.39475], [34.31175, -0.39475], [34.31175, -0.395], [34.3115, -0.395], [34.3115, -0.39525], [34.311, -0.39525], [34.311, -0.3955], [34.31075, -0.3955], [34.31075, -0.396], [34.3105, -0.396], [34.3105, -0.39625], [34.31025, -0.39625], [34.31025, -0.39675], [34.31, -0.39675], [34.31, -0.397], [34.30975, -0.397], [34.30975, -0.3975], [34.30925, -0.3975], [34.30925, -0.39975], [34.309, -0.39975], [34.309, -0.40075], [34.30925, -0.40075], [34.30925, -0.4015], [34.309, -0.4015], [34.309, -0.402], [34.30875, -0.402], [34.30875, -0.40225], [34.30825, -0.40225], [34.30825, -0.4025], [34.30775, -0.4025], [34.30775, -0.403], [34.30725, -0.403], [34.30725, -0.40325], [34.307, -0.40325], [34.307, -0.403], [34.3065, -0.403], [34.3065, -0.4025], [34.30525, -0.4025], [34.30525, -0.402], [34.305, -0.402], [34.305, -0.40175], [34.3045, -0.40175], [34.3045, -0.4015], [34.30425, -0.4015], [34.30425, -0.40125], [34.304, -0.40125], [34.304, -0.401], [34.30375, -0.401], [34.30375, -0.40075], [34.3035, -0.40075], [34.3035, -0.3985], [34.30325, -0.3985], [34.30325, -0.39775], [34.303, -0.39775], [34.303, -0.3975], [34.3025, -0.3975], [34.3025, -0.39725], [34.30225, -0.39725], [34.30225, -0.397], [34.302, -0.397], [34.302, -0.39675], [34.30175, -0.39675], [34.30175, -0.3965], [34.3015, -0.3965], [34.3015, -0.39625], [34.298, -0.39625], [34.298, -0.3965], [34.29725, -0.3965], [34.29725, -0.39625], [34.297, -0.39625], [34.297, -0.396], [34.29475, -0.396], [34.29475, -0.39625], [34.29425, -0.39625], [34.29425, -0.3965], [34.29375, -0.3965], [34.29375, -0.39675], [34.2935, -0.39675], [34.2935, -0.39725], [34.29325, -0.39725], [34.29325, -0.399], [34.2935, -0.399], [34.2935, -0.4], [34.29375, -0.4], [34.29375, -0.4005], [34.294, -0.4005], [34.294, -0.40075], [34.29425, -0.40075], [34.29425, -0.4015], [34.294, -0.4015], [34.294, -0.40175], [34.29375, -0.40175], [34.29375, -0.402], [34.2935, -0.402], [34.2935, -0.40225], [34.29075, -0.40225], [34.29075, -0.4025], [34.2895, -0.4025], [34.2895, -0.40225], [34.28825, -0.40225], [34.28825, -0.40175], [34.288, -0.40175], [34.288, -0.4015], [34.28775, -0.4015], [34.28775, -0.40125], [34.288, -0.40125], [34.288, -0.4], [34.28775, -0.4], [34.28775, -0.39975], [34.2875, -0.39975], [34.2875, -0.3995], [34.28725, -0.3995], [34.28725, -0.399], [34.287, -0.399], [34.287, -0.3985], [34.28675, -0.3985], [34.28675, -0.39825], [34.2865, -0.39825], [34.2865, -0.398], [34.28625, -0.398], [34.28625, -0.3975], [34.28325, -0.3975], [34.28325, -0.39675], [34.2835, -0.39675], [34.2835, -0.39625], [34.28375, -0.39625], [34.28375, -0.396], [34.284, -0.396], [34.284, -0.3955], [34.28425, -0.3955], [34.28425, -0.39525], [34.2845, -0.39525], [34.2845, -0.395], [34.28475, -0.395], [34.28475, -0.39475], [34.28525, -0.39475], [34.28525, -0.3945], [34.28575, -0.3945], [34.28575, -0.39425], [34.286, -0.39425], [34.286, -0.3935], [34.28625, -0.3935], [34.28625, -0.39275], [34.2865, -0.39275], [34.2865, -0.39175], [34.28625, -0.39175], [34.28625, -0.39], [34.286, -0.39], [34.286, -0.3895], [34.28575, -0.3895], [34.28575, -0.3885], [34.28525, -0.3885], [34.28525, -0.388], [34.285, -0.388], [34.285, -0.3875], [34.28475, -0.3875], [34.28475, -0.38725], [34.2845, -0.38725], [34.2845, -0.387], [34.284, -0.387], [34.284, -0.38675], [34.28275, -0.38675], [34.28275, -0.3865], [34.28175, -0.3865], [34.28175, -0.386], [34.28225, -0.386], [34.28225, -0.38575], [34.28175, -0.38575], [34.28175, -0.3855], [34.28125, -0.3855], [34.28125, -0.38575], [34.28075, -0.38575], [34.28075, -0.386], [34.2805, -0.386], [34.2805, -0.3855], [34.28025, -0.3855], [34.28025, -0.38475], [34.2805, -0.38475], [34.2805, -0.38375000000000004], [34.281, -0.38375000000000004], [34.281, -0.3835], [34.28175, -0.3835], [34.28175, -0.384], [34.28225, -0.384], [34.28225, -0.38425], [34.2825, -0.38425], [34.2825, -0.3845], [34.283, -0.3845], [34.283, -0.38425], [34.28375, -0.38425], [34.28375, -0.384], [34.284, -0.384], [34.284, -0.38375000000000004], [34.2845, -0.38375000000000004], [34.2845, -0.3835], [34.285, -0.3835], [34.285, -0.38325000000000004], [34.28525, -0.38325000000000004], [34.28525, -0.383], [34.28575, -0.383], [34.28575, -0.3825], [34.286, -0.3825], [34.286, -0.38175000000000003], [34.28625, -0.38175000000000003], [34.28625, -0.3815], [34.2865, -0.3815], [34.2865, -0.38125000000000003], [34.28675, -0.38125000000000003], [34.28675, -0.381], [34.287, -0.381], [34.287, -0.38075000000000003], [34.2875, -0.38075000000000003], [34.2875, -0.381], [34.28825, -0.381], [34.28825, -0.38125000000000003], [34.28875, -0.38125000000000003], [34.28875, -0.3815], [34.28925, -0.3815], [34.28925, -0.38175000000000003], [34.28975, -0.38175000000000003], [34.28975, -0.38225000000000003], [34.29025, -0.38225000000000003], [34.29025, -0.3825], [34.29075, -0.3825], [34.29075, -0.38275000000000003], [34.2915, -0.38275000000000003], [34.2915, -0.383], [34.292, -0.383], [34.292, -0.38275000000000003], [34.293, -0.38275000000000003], [34.293, -0.3825], [34.29375, -0.3825], [34.29375, -0.38225000000000003], [34.29425, -0.38225000000000003], [34.29425, -0.3815], [34.2945, -0.3815], [34.2945, -0.381], [34.29475, -0.381], [34.29475, -0.38025000000000003], [34.295, -0.38025000000000003], [34.295, -0.37975000000000003], [34.29525, -0.37975000000000003], [34.29525, -0.378], [34.295, -0.378], [34.295, -0.3775], [34.29525, -0.3775], [34.29525, -0.37725000000000003], [34.2955, -0.37725000000000003], [34.2955, -0.377], [34.296, -0.377], [34.296, -0.3765], [34.29625, -0.3765], [34.29625, -0.376], [34.2975, -0.376], [34.2975, -0.37575000000000003], [34.301, -0.37575000000000003], [34.301, -0.3755], [34.30175, -0.3755], [34.30175, -0.37525000000000003], [34.3025, -0.37525000000000003], [34.3025, -0.37475], [34.30325, -0.37475], [34.30325, -0.3745], [34.30375, -0.3745], [34.30375, -0.374], [34.304, -0.374], [34.304, -0.37325], [34.30425, -0.37325], [34.30425, -0.3725], [34.3045, -0.3725], [34.3045, -0.37175], [34.30425, -0.37175], [34.30425, -0.3695], [34.304, -0.3695], [34.304, -0.36875], [34.30375, -0.36875], [34.30375, -0.3685], [34.3035, -0.3685], [34.3035, -0.36825], [34.30325, -0.36825], [34.30325, -0.36775], [34.3025, -0.36775], [34.3025, -0.3675], [34.301, -0.3675], [34.301, -0.36725], [34.3005, -0.36725], [34.3005, -0.367], [34.3, -0.367], [34.3, -0.36675], [34.29975, -0.36675], [34.29975, -0.3665], [34.2995, -0.3665], [34.2995, -0.36625], [34.299, -0.36625], [34.299, -0.366], [34.29875, -0.366], [34.29875, -0.36525], [34.2985, -0.36525], [34.2985, -0.36475], [34.29825, -0.36475], [34.29825, -0.36425], [34.298, -0.36425], [34.298, -0.36375], [34.29775, -0.36375], [34.29775, -0.36325], [34.2975, -0.36325], [34.2975, -0.363], [34.29725, -0.363], [34.29725, -0.3625], [34.297, -0.3625], [34.297, -0.362], [34.29675, -0.362], [34.29675, -0.36175], [34.2965, -0.36175], [34.2965, -0.3615], [34.2955, -0.3615], [34.2955, -0.361], [34.29525, -0.361], [34.29525, -0.35875], [34.2955, -0.35875], [34.2955, -0.35825], [34.296, -0.35825], [34.296, -0.35725], [34.29625, -0.35725], [34.29625, -0.35675], [34.2965, -0.35675], [34.2965, -0.35575], [34.29625, -0.35575], [34.29625, -0.35525], [34.296, -0.35525], [34.296, -0.354], [34.2955, -0.354], [34.2955, -0.35375], [34.296, -0.35375], [34.296, -0.35325], [34.2955, -0.35325], [34.2955, -0.35275], [34.296, -0.35275], [34.296, -0.3525], [34.2955, -0.3525], [34.2955, -0.35225], [34.29525, -0.35225], [34.29525, -0.35175], [34.295, -0.35175], [34.295, -0.35150000000000003], [34.29475, -0.35150000000000003], [34.29475, -0.35100000000000003], [34.2945, -0.35100000000000003], [34.2945, -0.35050000000000003], [34.29425, -0.35050000000000003], [34.29425, -0.35000000000000003], [34.294, -0.35000000000000003], [34.294, -0.34975], [34.29375, -0.34975], [34.29375, -0.34925], [34.2935, -0.34925], [34.2935, -0.34900000000000003], [34.29325, -0.34900000000000003], [34.29325, -0.34875], [34.293, -0.34875], [34.293, -0.34850000000000003], [34.29275, -0.34850000000000003], [34.29275, -0.34825], [34.2925, -0.34825], [34.2925, -0.34800000000000003], [34.292, -0.34800000000000003], [34.292, -0.34775], [34.29175, -0.34775], [34.29175, -0.34750000000000003], [34.29125, -0.34750000000000003], [34.29125, -0.34700000000000003], [34.28925, -0.34700000000000003], [34.28925, -0.34675], [34.28875, -0.34675], [34.28875, -0.34625], [34.2885, -0.34625], [34.2885, -0.34600000000000003], [34.28825, -0.34600000000000003], [34.28825, -0.34550000000000003], [34.288, -0.34550000000000003], [34.288, -0.34525], [34.2875, -0.34525], [34.2875, -0.34500000000000003], [34.287, -0.34500000000000003], [34.287, -0.34475], [34.285, -0.34475], [34.285, -0.34500000000000003], [34.28475, -0.34500000000000003], [34.28475, -0.34525], [34.2845, -0.34525], [34.2845, -0.34550000000000003], [34.28425, -0.34550000000000003], [34.28425, -0.34575], [34.284, -0.34575], [34.284, -0.34600000000000003], [34.28375, -0.34600000000000003], [34.28375, -0.34625], [34.2835, -0.34625], [34.2835, -0.34675], [34.28325, -0.34675], [34.28325, -0.34700000000000003], [34.283, -0.34700000000000003], [34.283, -0.34750000000000003], [34.28275, -0.34750000000000003], [34.28275, -0.34825], [34.2825, -0.34825], [34.2825, -0.34875], [34.28225, -0.34875], [34.28225, -0.34900000000000003], [34.28175, -0.34900000000000003], [34.28175, -0.34950000000000003], [34.2815, -0.34950000000000003], [34.2815, -0.35025], [34.28125, -0.35025], [34.28125, -0.35050000000000003], [34.28, -0.35050000000000003], [34.28, -0.35025], [34.27975, -0.35025], [34.27975, -0.35000000000000003], [34.27925, -0.35000000000000003], [34.27925, -0.34975], [34.279, -0.34975], [34.279, -0.35000000000000003], [34.27875, -0.35000000000000003], [34.27875, -0.35025], [34.27825, -0.35025], [34.27825, -0.35000000000000003], [34.27775, -0.35000000000000003], [34.27775, -0.34975], [34.2775, -0.34975], [34.2775, -0.34950000000000003], [34.276, -0.34950000000000003], [34.276, -0.34975], [34.274, -0.34975], [34.274, -0.34950000000000003], [34.27375, -0.34950000000000003], [34.27375, -0.34925], [34.2735, -0.34925], [34.2735, -0.34900000000000003], [34.27325, -0.34900000000000003], [34.27325, -0.34875], [34.27275, -0.34875], [34.27275, -0.34850000000000003], [34.2725, -0.34850000000000003], [34.2725, -0.34800000000000003], [34.27275, -0.34800000000000003], [34.27275, -0.34750000000000003], [34.273, -0.34750000000000003], [34.273, -0.34325], [34.27275, -0.34325], [34.27275, -0.33975], [34.273, -0.33975], [34.273, -0.3395], [34.27275, -0.3395], [34.27275, -0.33925], [34.273, -0.33925], [34.273, -0.339], [34.27325, -0.339], [34.27325, -0.33875], [34.274, -0.33875], [34.274, -0.33825], [34.27425, -0.33825], [34.27425, -0.336], [34.2745, -0.336], [34.2745, -0.3355], [34.27475, -0.3355], [34.27475, -0.3325], [34.2745, -0.3325], [34.2745, -0.332], [34.27425, -0.332], [34.27425, -0.33125], [34.274, -0.33125], [34.274, -0.331], [34.27375, -0.331], [34.27375, -0.33075], [34.273, -0.33075], [34.273, -0.3305], [34.27275, -0.3305], [34.27275, -0.32975], [34.27225, -0.32975], [34.27225, -0.3295], [34.272, -0.3295], [34.272, -0.32925], [34.271, -0.32925], [34.271, -0.329], [34.2695, -0.329], [34.2695, -0.32925], [34.2685, -0.32925], [34.2685, -0.329], [34.268, -0.329], [34.268, -0.32925], [34.267, -0.32925], [34.267, -0.329], [34.266, -0.329], [34.266, -0.32925], [34.26525, -0.32925], [34.26525, -0.3295], [34.26425, -0.3295], [34.26425, -0.32975], [34.263, -0.32975], [34.263, -0.3295], [34.26225, -0.3295], [34.26225, -0.32925], [34.2605, -0.32925], [34.2605, -0.3295], [34.25925, -0.3295], [34.25925, -0.32975], [34.259, -0.32975], [34.259, -0.3295], [34.25875, -0.3295], [34.25875, -0.32925], [34.2585, -0.32925], [34.2585, -0.329], [34.2575, -0.329], [34.2575, -0.32875], [34.257, -0.32875], [34.257, -0.3285], [34.25675, -0.3285], [34.25675, -0.32825], [34.2565, -0.32825], [34.2565, -0.32625], [34.257, -0.32625], [34.257, -0.326], [34.258, -0.326], [34.258, -0.32575], [34.2585, -0.32575], [34.2585, -0.3255], [34.259, -0.3255], [34.259, -0.32525], [34.2595, -0.32525], [34.2595, -0.325], [34.2605, -0.325], [34.2605, -0.32525], [34.261, -0.32525], [34.261, -0.3255], [34.262, -0.3255], [34.262, -0.32575], [34.2625, -0.32575], [34.2625, -0.326], [34.26275, -0.326], [34.26275, -0.32575], [34.26375, -0.32575], [34.26375, -0.3255], [34.26425, -0.3255], [34.26425, -0.325], [34.2645, -0.325], [34.2645, -0.32475], [34.265, -0.32475], [34.265, -0.3245], [34.26525, -0.3245], [34.26525, -0.324], [34.2655, -0.324], [34.2655, -0.32375], [34.26575, -0.32375], [34.26575, -0.32175], [34.26625, -0.32175], [34.26625, -0.3215], [34.26675, -0.3215], [34.26675, -0.32125], [34.2665, -0.32125], [34.2665, -0.319], [34.26675, -0.319], [34.26675, -0.3185], [34.267, -0.3185], [34.267, -0.3175], [34.26675, -0.3175], [34.26675, -0.31725000000000003], [34.2665, -0.31725000000000003], [34.2665, -0.317], [34.2655, -0.317], [34.2655, -0.31725000000000003], [34.2635, -0.31725000000000003], [34.2635, -0.3175], [34.263, -0.3175], [34.263, -0.31775000000000003], [34.2605, -0.31775000000000003], [34.2605, -0.3175], [34.2595, -0.3175], [34.2595, -0.31725000000000003], [34.259, -0.31725000000000003], [34.259, -0.317], [34.25875, -0.317], [34.25875, -0.31575000000000003], [34.259, -0.31575000000000003], [34.259, -0.31525000000000003], [34.25925, -0.31525000000000003], [34.25925, -0.315], [34.2595, -0.315], [34.2595, -0.3145], [34.25975, -0.3145], [34.25975, -0.31425000000000003], [34.2605, -0.31425000000000003], [34.2605, -0.314], [34.26075, -0.314], [34.26075, -0.31375000000000003], [34.261, -0.31375000000000003], [34.261, -0.3135], [34.2615, -0.3135], [34.2615, -0.31325000000000003], [34.26175, -0.31325000000000003], [34.26175, -0.313], [34.262, -0.313], [34.262, -0.31225], [34.26225, -0.31225], [34.26225, -0.31175], [34.2625, -0.31175], [34.2625, -0.31125], [34.26275, -0.31125], [34.26275, -0.31075], [34.26325, -0.31075], [34.26325, -0.3105], [34.2635, -0.3105], [34.2635, -0.31025], [34.264, -0.31025], [34.264, -0.31], [34.2655, -0.31], [34.2655, -0.30975], [34.266, -0.30975], [34.266, -0.3095], [34.26625, -0.3095], [34.26625, -0.309], [34.2665, -0.309], [34.2665, -0.30875], [34.2675, -0.30875], [34.2675, -0.3085], [34.26775, -0.3085], [34.26775, -0.30675], [34.268, -0.30675], [34.268, -0.30625], [34.2685, -0.30625], [34.2685, -0.306], [34.26875, -0.306], [34.26875, -0.3055], [34.2685, -0.3055], [34.2685, -0.30475], [34.2675, -0.30475], [34.2675, -0.3045], [34.26675, -0.3045], [34.26675, -0.30425], [34.267, -0.30425], [34.267, -0.30375], [34.26675, -0.30375], [34.26675, -0.303], [34.26625, -0.303], [34.26625, -0.30275], [34.2655, -0.30275], [34.2655, -0.30225], [34.265, -0.30225], [34.265, -0.30275], [34.26425, -0.30275], [34.26425, -0.303], [34.26375, -0.303], [34.26375, -0.30325], [34.2635, -0.30325], [34.2635, -0.3035], [34.26325, -0.3035], [34.26325, -0.30375], [34.263, -0.30375], [34.263, -0.304], [34.26225, -0.304], [34.26225, -0.30425], [34.2605, -0.30425], [34.2605, -0.3045], [34.2595, -0.3045], [34.2595, -0.30475], [34.2575, -0.30475], [34.2575, -0.3045], [34.25675, -0.3045], [34.25675, -0.30475], [34.2565, -0.30475], [34.2565, -0.305], [34.25575, -0.305], [34.25575, -0.30475], [34.25525, -0.30475], [34.25525, -0.305], [34.2545, -0.305], [34.2545, -0.30475], [34.2535, -0.30475], [34.2535, -0.305], [34.25275, -0.305], [34.25275, -0.30525], [34.252, -0.30525], [34.252, -0.3055], [34.2515, -0.3055], [34.2515, -0.30525], [34.25125, -0.30525], [34.25125, -0.305], [34.2505, -0.305], [34.2505, -0.304], [34.25025, -0.304], [34.25025, -0.30375], [34.25, -0.30375], [34.25, -0.3035], [34.24975, -0.3035], [34.24975, -0.303], [34.2495, -0.303], [34.2495, -0.3015], [34.24925, -0.3015], [34.24925, -0.30125], [34.24875, -0.30125], [34.24875, -0.3005], [34.2485, -0.3005], [34.2485, -0.29975], [34.24875, -0.29975], [34.24875, -0.2995], [34.249, -0.2995], [34.249, -0.29925], [34.24925, -0.29925], [34.24925, -0.29875], [34.2495, -0.29875], [34.2495, -0.2985], [34.24975, -0.2985], [34.24975, -0.29825], [34.25, -0.29825], [34.25, -0.298], [34.2515, -0.298], [34.2515, -0.29675], [34.25175, -0.29675], [34.25175, -0.2965], [34.2515, -0.2965], [34.2515, -0.29475], [34.25125, -0.29475], [34.25125, -0.294], [34.2515, -0.294], [34.2515, -0.293], [34.25175, -0.293], [34.25175, -0.2925], [34.252, -0.2925], [34.252, -0.291], [34.25175, -0.291], [34.25175, -0.2895], [34.2515, -0.2895], [34.2515, -0.28925], [34.25125, -0.28925], [34.25125, -0.289], [34.2505, -0.289], [34.2505, -0.28875], [34.24975, -0.28875], [34.24975, -0.289], [34.24925, -0.289], [34.24925, -0.28925], [34.24825, -0.28925], [34.24825, -0.289], [34.24775, -0.289], [34.24775, -0.28875], [34.24725, -0.28875], [34.24725, -0.28825], [34.247, -0.28825], [34.247, -0.28725], [34.24725, -0.28725], [34.24725, -0.28675], [34.24775, -0.28675], [34.24775, -0.28650000000000003], [34.248, -0.28650000000000003], [34.248, -0.28625], [34.24825, -0.28625], [34.24825, -0.28600000000000003], [34.24875, -0.28600000000000003], [34.24875, -0.28575], [34.2495, -0.28575], [34.2495, -0.28550000000000003], [34.25, -0.28550000000000003], [34.25, -0.28525], [34.25025, -0.28525], [34.25025, -0.28475], [34.25125, -0.28475], [34.25125, -0.28450000000000003], [34.2515, -0.28450000000000003], [34.2515, -0.28425], [34.25275, -0.28425], [34.25275, -0.28450000000000003], [34.253, -0.28450000000000003], [34.253, -0.28425], [34.25375, -0.28425], [34.25375, -0.28400000000000003], [34.25475, -0.28400000000000003], [34.25475, -0.28375], [34.25575, -0.28375], [34.25575, -0.28350000000000003], [34.256, -0.28350000000000003], [34.256, -0.28325], [34.25725, -0.28325], [34.25725, -0.28300000000000003], [34.2575, -0.28300000000000003], [34.2575, -0.28325], [34.25975, -0.28325], [34.25975, -0.28275], [34.26, -0.28275], [34.26, -0.28225], [34.26025, -0.28225], [34.26025, -0.28025], [34.26, -0.28025], [34.26, -0.27975], [34.25975, -0.27975], [34.25975, -0.2775], [34.26025, -0.2775], [34.26025, -0.275], [34.2605, -0.275], [34.2605, -0.27375], [34.26075, -0.27375], [34.26075, -0.2735], [34.261, -0.2735], [34.261, -0.27325], [34.2615, -0.27325], [34.2615, -0.273], [34.26175, -0.273], [34.26175, -0.27275], [34.262, -0.27275], [34.262, -0.2725], [34.26225, -0.2725], [34.26225, -0.27225], [34.26275, -0.27225], [34.26275, -0.272], [34.26325, -0.272], [34.26325, -0.27175], [34.26375, -0.27175], [34.26375, -0.2715], [34.26425, -0.2715], [34.26425, -0.271], [34.26525, -0.271], [34.26525, -0.27075], [34.2655, -0.27075], [34.2655, -0.2705], [34.26575, -0.2705], [34.26575, -0.2695], [34.26675, -0.2695], [34.26675, -0.269], [34.267, -0.269], [34.267, -0.26825], [34.269, -0.26825], [34.269, -0.26725], [34.26925, -0.26725], [34.26925, -0.26625], [34.2695, -0.26625], [34.2695, -0.266], [34.26975, -0.266], [34.26975, -0.26575], [34.2705, -0.26575], [34.2705, -0.2655], [34.27075, -0.2655], [34.27075, -0.264], [34.2705, -0.264], [34.2705, -0.263], [34.27025, -0.263], [34.27025, -0.26225], [34.27, -0.26225], [34.27, -0.26125], [34.26975, -0.26125], [34.26975, -0.2605], [34.2695, -0.2605], [34.2695, -0.26], [34.26925, -0.26], [34.26925, -0.2595], [34.269, -0.2595], [34.269, -0.25875], [34.26875, -0.25875], [34.26875, -0.25825], [34.2685, -0.25825], [34.2685, -0.258], [34.268, -0.258], [34.268, -0.25775], [34.26775, -0.25775], [34.26775, -0.25725], [34.2675, -0.25725], [34.2675, -0.257], [34.26525, -0.257], [34.26525, -0.25725], [34.2645, -0.25725], [34.2645, -0.257], [34.26325, -0.257], [34.26325, -0.25725], [34.2615, -0.25725], [34.2615, -0.258], [34.26075, -0.258], [34.26075, -0.2585], [34.2605, -0.2585], [34.2605, -0.259], [34.26025, -0.259], [34.26025, -0.25875], [34.2595, -0.25875], [34.2595, -0.2585], [34.25925, -0.2585], [34.25925, -0.25725], [34.2595, -0.25725], [34.2595, -0.2555], [34.25925, -0.2555], [34.25925, -0.2545], [34.259, -0.2545], [34.259, -0.25375000000000003], [34.25875, -0.25375000000000003], [34.25875, -0.25325000000000003], [34.2585, -0.25325000000000003], [34.2585, -0.253], [34.25825, -0.253], [34.25825, -0.25325000000000003], [34.2575, -0.25325000000000003], [34.2575, -0.253], [34.25575, -0.253], [34.25575, -0.25275000000000003], [34.255, -0.25275000000000003], [34.255, -0.25225000000000003], [34.25475, -0.25225000000000003], [34.25475, -0.25125000000000003], [34.255, -0.25125000000000003], [34.255, -0.251], [34.25475, -0.251], [34.25475, -0.25025000000000003], [34.2545, -0.25025000000000003], [34.2545, -0.24925], [34.25475, -0.24925], [34.25475, -0.249], [34.2545, -0.249], [34.2545, -0.24825], [34.254, -0.24825], [34.254, -0.24775], [34.25375, -0.24775], [34.25375, -0.24725], [34.2535, -0.24725], [34.2535, -0.2465], [34.25325, -0.2465], [34.25325, -0.246], [34.253, -0.246], [34.253, -0.2455], [34.25275, -0.2455], [34.25275, -0.245], [34.2525, -0.245], [34.2525, -0.2445], [34.25225, -0.2445], [34.25225, -0.244], [34.252, -0.244], [34.252, -0.24325], [34.25175, -0.24325], [34.25175, -0.243], [34.2515, -0.243], [34.2515, -0.2425], [34.25125, -0.2425], [34.25125, -0.242], [34.251, -0.242], [34.251, -0.2415], [34.2505, -0.2415], [34.2505, -0.24125], [34.25025, -0.24125], [34.25025, -0.241], [34.25, -0.241], [34.25, -0.24075], [34.24975, -0.24075], [34.24975, -0.24], [34.2495, -0.24], [34.2495, -0.23975000000000002], [34.24925, -0.23975000000000002], [34.24925, -0.23925000000000002], [34.249, -0.23925000000000002], [34.249, -0.23900000000000002], [34.24875, -0.23900000000000002], [34.24875, -0.23875000000000002], [34.2485, -0.23875000000000002], [34.2485, -0.23850000000000002], [34.24825, -0.23850000000000002], [34.24825, -0.23825000000000002], [34.248, -0.23825000000000002], [34.248, -0.23800000000000002], [34.24775, -0.23800000000000002], [34.24775, -0.23775000000000002], [34.24725, -0.23775000000000002], [34.24725, -0.23750000000000002], [34.247, -0.23750000000000002], [34.247, -0.23725000000000002], [34.24625, -0.23725000000000002], [34.24625, -0.23700000000000002], [34.24525, -0.23700000000000002], [34.24525, -0.23725000000000002], [34.24475, -0.23725000000000002], [34.24475, -0.23775000000000002], [34.2445, -0.23775000000000002], [34.2445, -0.23800000000000002], [34.24375, -0.23800000000000002], [34.24375, -0.23825000000000002], [34.24325, -0.23825000000000002], [34.24325, -0.23850000000000002], [34.243, -0.23850000000000002], [34.243, -0.23875000000000002], [34.2425, -0.23875000000000002], [34.2425, -0.23900000000000002], [34.242, -0.23900000000000002], [34.242, -0.23925000000000002], [34.24125, -0.23925000000000002], [34.24125, -0.23950000000000002], [34.24, -0.23950000000000002], [34.24, -0.23975000000000002], [34.2395, -0.23975000000000002], [34.2395, -0.24], [34.23925, -0.24], [34.23925, -0.23975000000000002], [34.23875, -0.23975000000000002], [34.23875, -0.23950000000000002], [34.23825, -0.23950000000000002], [34.23825, -0.23900000000000002], [34.2375, -0.23900000000000002], [34.2375, -0.23875000000000002], [34.23725, -0.23875000000000002], [34.23725, -0.23825000000000002], [34.23625, -0.23825000000000002], [34.23625, -0.23800000000000002], [34.236, -0.23800000000000002], [34.236, -0.23750000000000002], [34.23575, -0.23750000000000002], [34.23575, -0.23725000000000002], [34.23525, -0.23725000000000002], [34.23525, -0.23700000000000002], [34.235, -0.23700000000000002], [34.235, -0.23650000000000002], [34.23475, -0.23650000000000002], [34.23475, -0.23625000000000002], [34.2345, -0.23625000000000002], [34.2345, -0.23600000000000002], [34.234, -0.23600000000000002], [34.234, -0.23550000000000001], [34.23325, -0.23550000000000001], [34.23325, -0.23525000000000001], [34.233, -0.23525000000000001], [34.233, -0.23500000000000001], [34.2325, -0.23500000000000001], [34.2325, -0.23475000000000001], [34.23225, -0.23475000000000001], [34.23225, -0.23425], [34.22925, -0.23425], [34.22925, -0.23450000000000001], [34.229, -0.23450000000000001], [34.229, -0.23425], [34.2285, -0.23425], [34.2285, -0.23450000000000001], [34.22825, -0.23450000000000001], [34.22825, -0.23475000000000001], [34.228, -0.23475000000000001], [34.228, -0.23525000000000001], [34.22775, -0.23525000000000001], [34.22775, -0.23575000000000002], [34.226, -0.23575000000000002], [34.226, -0.23500000000000001], [34.22375, -0.23500000000000001], [34.22375, -0.23525000000000001], [34.2235, -0.23525000000000001], [34.2235, -0.23600000000000002], [34.2215, -0.23600000000000002], [34.2215, -0.23625000000000002], [34.22125, -0.23625000000000002], [34.22125, -0.23650000000000002], [34.22075, -0.23650000000000002], [34.22075, -0.23725000000000002], [34.2205, -0.23725000000000002], [34.2205, -0.23750000000000002], [34.22025, -0.23750000000000002], [34.22025, -0.23775000000000002], [34.22, -0.23775000000000002], [34.22, -0.23825000000000002], [34.2195, -0.23825000000000002], [34.2195, -0.23850000000000002], [34.21925, -0.23850000000000002], [34.21925, -0.23975000000000002], [34.219, -0.23975000000000002], [34.219, -0.2405], [34.21925, -0.2405], [34.21925, -0.24125], [34.2195, -0.24125], [34.2195, -0.2415], [34.21925, -0.2415], [34.21925, -0.242], [34.2195, -0.242], [34.2195, -0.24275], [34.22, -0.24275], [34.22, -0.2435], [34.2195, -0.2435], [34.2195, -0.2455], [34.21925, -0.2455], [34.21925, -0.24575], [34.219, -0.24575], [34.219, -0.246], [34.2185, -0.246], [34.2185, -0.2465], [34.21825, -0.2465], [34.21825, -0.24675], [34.2175, -0.24675], [34.2175, -0.2465], [34.21725, -0.2465], [34.21725, -0.24575], [34.217, -0.24575], [34.217, -0.245], [34.21675, -0.245], [34.21675, -0.24475], [34.2165, -0.24475], [34.2165, -0.2445], [34.21575, -0.2445], [34.21575, -0.24425], [34.21525, -0.24425], [34.21525, -0.244], [34.215, -0.244], [34.215, -0.2435], [34.214, -0.2435], [34.214, -0.244], [34.21325, -0.244], [34.21325, -0.2435], [34.2125, -0.2435], [34.2125, -0.244], [34.21175, -0.244], [34.21175, -0.2435], [34.21125, -0.2435], [34.21125, -0.24175], [34.211, -0.24175], [34.211, -0.24125], [34.21075, -0.24125], [34.21075, -0.24075], [34.21025, -0.24075], [34.21025, -0.2405], [34.21, -0.2405], [34.21, -0.24], [34.20925, -0.24], [34.20925, -0.23975000000000002], [34.20875, -0.23975000000000002], [34.20875, -0.24], [34.2085, -0.24], [34.2085, -0.2405], [34.208, -0.2405], [34.208, -0.24], [34.2075, -0.24], [34.2075, -0.2405], [34.20675, -0.2405], [34.20675, -0.23975000000000002], [34.207, -0.23975000000000002], [34.207, -0.23900000000000002], [34.20675, -0.23900000000000002], [34.20675, -0.23875000000000002], [34.207, -0.23875000000000002], [34.207, -0.23775000000000002], [34.20675, -0.23775000000000002], [34.20675, -0.23750000000000002], [34.20625, -0.23750000000000002], [34.20625, -0.23625000000000002], [34.207, -0.23625000000000002], [34.207, -0.23600000000000002], [34.20725, -0.23600000000000002], [34.20725, -0.23475000000000001], [34.20675, -0.23475000000000001], [34.20675, -0.23450000000000001], [34.2065, -0.23450000000000001], [34.2065, -0.23225], [34.20625, -0.23225], [34.20625, -0.23175], [34.20575, -0.23175], [34.20575, -0.23125], [34.2055, -0.23125], [34.2055, -0.231], [34.20525, -0.231], [34.20525, -0.2305], [34.20475, -0.2305], [34.20475, -0.2295], [34.2045, -0.2295], [34.2045, -0.22875], [34.20425, -0.22875], [34.20425, -0.22825], [34.204, -0.22825], [34.204, -0.228], [34.20375, -0.228], [34.20375, -0.2275], [34.2035, -0.2275], [34.2035, -0.227], [34.20325, -0.227], [34.20325, -0.22675], [34.203, -0.22675], [34.203, -0.2265], [34.20275, -0.2265], [34.20275, -0.22575], [34.20225, -0.22575], [34.20225, -0.2255], [34.20175, -0.2255], [34.20175, -0.22525], [34.2015, -0.22525], [34.2015, -0.225], [34.20125, -0.225], [34.20125, -0.22475], [34.201, -0.22475], [34.201, -0.2245], [34.20075, -0.2245], [34.20075, -0.22425], [34.2005, -0.22425], [34.2005, -0.2245], [34.1995, -0.2245], [34.1995, -0.22425], [34.1985, -0.22425], [34.1985, -0.2235], [34.19825, -0.2235], [34.19825, -0.22325], [34.198, -0.22325], [34.198, -0.22275], [34.1975, -0.22275], [34.1975, -0.2225], [34.19725, -0.2225], [34.19725, -0.222], [34.1975, -0.222], [34.1975, -0.221], [34.19775, -0.221], [34.19775, -0.22075], [34.198, -0.22075], [34.198, -0.2205], [34.19825, -0.2205], [34.19825, -0.22], [34.201, -0.22], [34.201, -0.21975], [34.20175, -0.21975], [34.20175, -0.21925], [34.202, -0.21925], [34.202, -0.21875], [34.20225, -0.21875], [34.20225, -0.21775], [34.20275, -0.21775], [34.20275, -0.2175], [34.203, -0.2175], [34.203, -0.21675], [34.20325, -0.21675], [34.20325, -0.2165], [34.203, -0.2165], [34.203, -0.21575], [34.20325, -0.21575], [34.20325, -0.21475], [34.203, -0.21475], [34.203, -0.21425], [34.20225, -0.21425], [34.20225, -0.214], [34.202, -0.214], [34.202, -0.21375], [34.201, -0.21375], [34.201, -0.2135], [34.2005, -0.2135], [34.2005, -0.213], [34.2, -0.213], [34.2, -0.21275], [34.19975, -0.21275], [34.19975, -0.21225], [34.1995, -0.21225], [34.1995, -0.212], [34.19925, -0.212], [34.19925, -0.21175], [34.19875, -0.21175], [34.19875, -0.2115], [34.1985, -0.2115], [34.1985, -0.21125], [34.19825, -0.21125], [34.19825, -0.211], [34.198, -0.211], [34.198, -0.21075], [34.1975, -0.21075], [34.1975, -0.2105], [34.19725, -0.2105], [34.19725, -0.21025], [34.197, -0.21025], [34.197, -0.21], [34.19675, -0.21], [34.19675, -0.20975], [34.196, -0.20975], [34.196, -0.2095], [34.195, -0.2095], [34.195, -0.20975], [34.19475, -0.20975], [34.19475, -0.21], [34.19425, -0.21], [34.19425, -0.21025], [34.19275, -0.21025], [34.19275, -0.2105], [34.1925, -0.2105], [34.1925, -0.21075], [34.19125, -0.21075], [34.19125, -0.211], [34.19075, -0.211], [34.19075, -0.21075], [34.18925, -0.21075], [34.18925, -0.211], [34.18825, -0.211], [34.18825, -0.21075], [34.1875, -0.21075], [34.1875, -0.211], [34.18725, -0.211], [34.18725, -0.21075], [34.187, -0.21075], [34.187, -0.211], [34.1865, -0.211], [34.1865, -0.2115], [34.18575, -0.2115], [34.18575, -0.21175], [34.1855, -0.21175], [34.1855, -0.212], [34.1845, -0.212], [34.1845, -0.21175], [34.18425, -0.21175], [34.18425, -0.21125], [34.1845, -0.21125], [34.1845, -0.211], [34.18475, -0.211], [34.18475, -0.21075], [34.185, -0.21075], [34.185, -0.2105], [34.1855, -0.2105], [34.1855, -0.20975], [34.185, -0.20975], [34.185, -0.20925], [34.1855, -0.20925], [34.1855, -0.20875], [34.18575, -0.20875], [34.18575, -0.2085], [34.186, -0.2085], [34.186, -0.20825], [34.18625, -0.20825], [34.18625, -0.20675000000000002], [34.1865, -0.20675000000000002], [34.1865, -0.20650000000000002], [34.18675, -0.20650000000000002], [34.18675, -0.20550000000000002], [34.187, -0.20550000000000002], [34.187, -0.20525000000000002], [34.18775, -0.20525000000000002], [34.18775, -0.20500000000000002], [34.188, -0.20500000000000002], [34.188, -0.20475000000000002], [34.18825, -0.20475000000000002], [34.18825, -0.20400000000000001], [34.1885, -0.20400000000000001], [34.1885, -0.20350000000000001], [34.189, -0.20350000000000001], [34.189, -0.20325000000000001], [34.1885, -0.20325000000000001], [34.1885, -0.203], [34.189, -0.203], [34.189, -0.2015], [34.18925, -0.2015], [34.18925, -0.20125], [34.19, -0.20125], [34.19, -0.201], [34.19025, -0.201], [34.19025, -0.20075], [34.1905, -0.20075], [34.1905, -0.2005], [34.19075, -0.2005], [34.19075, -0.20025], [34.191, -0.20025], [34.191, -0.2], [34.19125, -0.2], [34.19125, -0.19975], [34.1915, -0.19975], [34.1915, -0.1995], [34.19225, -0.1995], [34.19225, -0.19925], [34.1925, -0.19925], [34.1925, -0.199], [34.19275, -0.199], [34.19275, -0.19725], [34.19325, -0.19725], [34.19325, -0.197], [34.1935, -0.197], [34.1935, -0.19675], [34.19375, -0.19675], [34.19375, -0.19625], [34.194, -0.19625], [34.194, -0.19475], [34.19425, -0.19475], [34.19425, -0.1945], [34.19475, -0.1945], [34.19475, -0.19425], [34.195, -0.19425], [34.195, -0.194], [34.19525, -0.194], [34.19525, -0.19375], [34.19575, -0.19375], [34.19575, -0.1935], [34.1965, -0.1935], [34.1965, -0.19325], [34.19675, -0.19325], [34.19675, -0.19225], [34.197, -0.19225], [34.197, -0.1915], [34.19675, -0.1915], [34.19675, -0.19075], [34.1965, -0.19075], [34.1965, -0.19025], [34.19625, -0.19025], [34.19625, -0.19], [34.196, -0.19], [34.196, -0.18975], [34.19575, -0.18975], [34.19575, -0.1895], [34.19525, -0.1895], [34.19525, -0.18925], [34.195, -0.18925], [34.195, -0.189], [34.19475, -0.189], [34.19475, -0.1885], [34.19425, -0.1885], [34.19425, -0.188], [34.19175, -0.188], [34.19175, -0.1885], [34.19025, -0.1885], [34.19025, -0.18875], [34.1895, -0.18875], [34.1895, -0.189], [34.18925, -0.189], [34.18925, -0.18925], [34.1885, -0.18925], [34.1885, -0.1895], [34.188, -0.1895], [34.188, -0.18975], [34.18775, -0.18975], [34.18775, -0.19], [34.1875, -0.19], [34.1875, -0.19025], [34.187, -0.19025], [34.187, -0.1905], [34.18675, -0.1905], [34.18675, -0.19075], [34.18625, -0.19075], [34.18625, -0.191], [34.18575, -0.191], [34.18575, -0.19125], [34.18475, -0.19125], [34.18475, -0.1915], [34.1835, -0.1915], [34.1835, -0.19125], [34.18325, -0.19125], [34.18325, -0.1915], [34.18275, -0.1915], [34.18275, -0.192], [34.18225, -0.192], [34.18225, -0.19225], [34.182, -0.19225], [34.182, -0.1925], [34.1815, -0.1925], [34.1815, -0.19275], [34.18125, -0.19275], [34.18125, -0.19325], [34.181, -0.19325], [34.181, -0.19425], [34.18075, -0.19425], [34.18075, -0.19475], [34.1805, -0.19475], [34.1805, -0.19625], [34.18025, -0.19625], [34.18025, -0.197], [34.18, -0.197], [34.18, -0.19725], [34.17975, -0.19725], [34.17975, -0.1975], [34.17925, -0.1975], [34.17925, -0.19775], [34.179, -0.19775], [34.179, -0.198], [34.17875, -0.198], [34.17875, -0.19825], [34.178, -0.19825], [34.178, -0.1985], [34.1775, -0.1985], [34.1775, -0.19825], [34.17675, -0.19825], [34.17675, -0.198], [34.17625, -0.198], [34.17625, -0.19775], [34.1755, -0.19775], [34.1755, -0.1975], [34.174, -0.1975], [34.174, -0.19775], [34.1735, -0.19775], [34.1735, -0.198], [34.17325, -0.198], [34.17325, -0.19825], [34.1725, -0.19825], [34.1725, -0.1985], [34.17125, -0.1985], [34.17125, -0.20025], [34.17075, -0.20025], [34.17075, -0.2005], [34.1675, -0.2005], [34.1675, -0.20025], [34.167, -0.20025], [34.167, -0.2], [34.1665, -0.2], [34.1665, -0.19975], [34.166, -0.19975], [34.166, -0.1995], [34.16475, -0.1995], [34.16475, -0.19925], [34.16375, -0.19925], [34.16375, -0.199], [34.1635, -0.199], [34.1635, -0.1985], [34.16375, -0.1985], [34.16375, -0.19825], [34.1635, -0.19825], [34.1635, -0.19775], [34.16325, -0.19775], [34.16325, -0.1975], [34.16275, -0.1975], [34.16275, -0.19725], [34.1625, -0.19725], [34.1625, -0.197], [34.16225, -0.197], [34.16225, -0.19675], [34.162, -0.19675], [34.162, -0.1965], [34.1595, -0.1965], [34.1595, -0.19675], [34.15875, -0.19675], [34.15875, -0.197], [34.15825, -0.197], [34.15825, -0.19725], [34.15725, -0.19725], [34.15725, -0.1975], [34.157, -0.1975], [34.157, -0.19775], [34.1565, -0.19775], [34.1565, -0.198], [34.15625, -0.198], [34.15625, -0.1985], [34.156, -0.1985], [34.156, -0.199], [34.1555, -0.199], [34.1555, -0.19975], [34.15525, -0.19975], [34.15525, -0.20025], [34.1555, -0.20025], [34.1555, -0.2005], [34.15525, -0.2005], [34.15525, -0.203], [34.1555, -0.203], [34.1555, -0.20325000000000001], [34.15525, -0.20325000000000001], [34.15525, -0.20375000000000001], [34.1545, -0.20375000000000001], [34.1545, -0.20350000000000001], [34.1535, -0.20350000000000001], [34.1535, -0.20375000000000001], [34.15325, -0.20375000000000001], [34.15325, -0.20400000000000001], [34.15275, -0.20400000000000001], [34.15275, -0.20425000000000001], [34.1525, -0.20425000000000001], [34.1525, -0.20450000000000002], [34.15225, -0.20450000000000002], [34.15225, -0.20500000000000002], [34.152, -0.20500000000000002], [34.152, -0.20525000000000002], [34.15175, -0.20525000000000002], [34.15175, -0.20625000000000002], [34.152, -0.20625000000000002], [34.152, -0.20675000000000002], [34.15225, -0.20675000000000002], [34.15225, -0.20725000000000002], [34.15175, -0.20725000000000002], [34.15175, -0.20825], [34.1515, -0.20825], [34.1515, -0.2085], [34.15025, -0.2085], [34.15025, -0.20825], [34.15, -0.20825], [34.15, -0.20775000000000002], [34.14975, -0.20775000000000002], [34.14975, -0.20750000000000002], [34.149, -0.20750000000000002], [34.149, -0.20725000000000002], [34.148, -0.20725000000000002], [34.148, -0.20775000000000002], [34.1475, -0.20775000000000002], [34.1475, -0.20800000000000002], [34.14675, -0.20800000000000002], [34.14675, -0.20775000000000002], [34.146, -0.20775000000000002], [34.146, -0.20750000000000002], [34.14575, -0.20750000000000002], [34.14575, -0.20725000000000002], [34.14525, -0.20725000000000002], [34.14525, -0.20700000000000002], [34.145, -0.20700000000000002], [34.145, -0.20675000000000002], [34.14525, -0.20675000000000002], [34.14525, -0.20650000000000002], [34.146, -0.20650000000000002], [34.146, -0.20525000000000002], [34.14575, -0.20525000000000002], [34.14575, -0.20475000000000002], [34.1455, -0.20475000000000002], [34.1455, -0.20450000000000002], [34.14525, -0.20450000000000002], [34.14525, -0.20400000000000001], [34.145, -0.20400000000000001], [34.145, -0.203], [34.14475, -0.203], [34.14475, -0.20275], [34.1445, -0.20275], [34.1445, -0.2025], [34.14425, -0.2025], [34.14425, -0.202], [34.144, -0.202], [34.144, -0.20175], [34.1435, -0.20175], [34.1435, -0.20125], [34.14325, -0.20125], [34.14325, -0.201], [34.143, -0.201], [34.143, -0.20075], [34.14275, -0.20075], [34.14275, -0.2005], [34.14225, -0.2005], [34.14225, -0.2], [34.142, -0.2], [34.142, -0.19975], [34.14175, -0.19975], [34.14175, -0.19925], [34.1415, -0.19925], [34.1415, -0.198], [34.14125, -0.198], [34.14125, -0.1975], [34.141, -0.1975], [34.141, -0.19725], [34.14075, -0.19725], [34.14075, -0.197], [34.1405, -0.197], [34.1405, -0.19675], [34.14, -0.19675], [34.14, -0.1965], [34.13975, -0.1965], [34.13975, -0.19625], [34.1395, -0.19625], [34.1395, -0.19575], [34.13925, -0.19575], [34.13925, -0.195], [34.13875, -0.195], [34.13875, -0.19475], [34.1385, -0.19475], [34.1385, -0.1945], [34.13825, -0.1945], [34.13825, -0.19425], [34.138, -0.19425], [34.138, -0.194], [34.13775, -0.194], [34.13775, -0.19375], [34.13625, -0.19375], [34.13625, -0.1935], [34.13525, -0.1935], [34.13525, -0.19375], [34.135, -0.19375], [34.135, -0.1935], [34.1345, -0.1935], [34.1345, -0.19325], [34.134, -0.19325], [34.134, -0.193], [34.13375, -0.193], [34.13375, -0.19275], [34.1335, -0.19275], [34.1335, -0.1925], [34.133, -0.1925], [34.133, -0.19125], [34.13275, -0.19125], [34.13275, -0.191], [34.1325, -0.191], [34.1325, -0.1905], [34.13225, -0.1905], [34.13225, -0.18975], [34.1325, -0.18975], [34.1325, -0.1895], [34.13275, -0.1895], [34.13275, -0.18925], [34.133, -0.18925], [34.133, -0.189], [34.13375, -0.189], [34.13375, -0.1885], [34.1335, -0.1885], [34.1335, -0.188], [34.13375, -0.188], [34.13375, -0.18775], [34.134, -0.18775], [34.134, -0.18725], [34.13375, -0.18725], [34.13375, -0.187], [34.1335, -0.187], [34.1335, -0.1865], [34.133, -0.1865], [34.133, -0.18625], [34.13275, -0.18625], [34.13275, -0.186], [34.1325, -0.186], [34.1325, -0.18575], [34.13225, -0.18575], [34.13225, -0.1855], [34.132, -0.1855], [34.132, -0.18575], [34.1315, -0.18575], [34.1315, -0.1855], [34.13125, -0.1855], [34.13125, -0.18525], [34.12975, -0.18525], [34.12975, -0.1855], [34.1295, -0.1855], [34.1295, -0.18575], [34.12875, -0.18575], [34.12875, -0.186], [34.1285, -0.186], [34.1285, -0.18675], [34.127, -0.18675], [34.127, -0.18725], [34.12575, -0.18725], [34.12575, -0.1875], [34.1255, -0.1875], [34.1255, -0.18775], [34.12525, -0.18775], [34.12525, -0.1885], [34.125, -0.1885], [34.125, -0.18875], [34.12475, -0.18875], [34.12475, -0.18925], [34.1245, -0.18925], [34.1245, -0.1895], [34.124, -0.1895], [34.124, -0.18925], [34.12375, -0.18925], [34.12375, -0.189], [34.12225, -0.189], [34.12225, -0.18875], [34.122, -0.18875], [34.122, -0.188], [34.12175, -0.188], [34.12175, -0.1885], [34.1215, -0.1885], [34.1215, -0.188], [34.121, -0.188], [34.121, -0.18775], [34.1205, -0.18775], [34.1205, -0.1875], [34.11875, -0.1875], [34.11875, -0.18725], [34.11825, -0.18725], [34.11825, -0.187], [34.1175, -0.187], [34.1175, -0.18675], [34.11725, -0.18675], [34.11725, -0.1865], [34.117, -0.1865], [34.117, -0.186], [34.11675, -0.186], [34.11675, -0.1855], [34.11625, -0.1855], [34.11625, -0.18525], [34.11575, -0.18525], [34.11575, -0.184], [34.11625, -0.184], [34.11625, -0.18375], [34.1165, -0.18375], [34.1165, -0.18325], [34.11675, -0.18325], [34.11675, -0.1825], [34.11775, -0.1825], [34.11775, -0.18275], [34.1185, -0.18275], [34.1185, -0.183], [34.11925, -0.183], [34.11925, -0.18275], [34.12125, -0.18275], [34.12125, -0.1825], [34.1215, -0.1825], [34.1215, -0.182], [34.12175, -0.182], [34.12175, -0.1795], [34.1215, -0.1795], [34.1215, -0.17925], [34.12175, -0.17925], [34.12175, -0.179], [34.12225, -0.179], [34.12225, -0.17875], [34.1225, -0.17875], [34.1225, -0.1785], [34.12275, -0.1785], [34.12275, -0.17725], [34.1225, -0.17725], [34.1225, -0.177], [34.12225, -0.177], [34.12225, -0.17675], [34.1225, -0.17675], [34.1225, -0.1765], [34.12225, -0.1765], [34.12225, -0.17575000000000002], [34.122, -0.17575000000000002], [34.122, -0.17475000000000002], [34.1215, -0.17475000000000002], [34.1215, -0.17350000000000002], [34.12125, -0.17350000000000002], [34.12125, -0.17300000000000001], [34.121, -0.17300000000000001], [34.121, -0.17250000000000001], [34.12075, -0.17250000000000001], [34.12075, -0.17200000000000001], [34.1205, -0.17200000000000001], [34.1205, -0.17175], [34.12025, -0.17175], [34.12025, -0.17125], [34.12, -0.17125], [34.12, -0.17075], [34.11975, -0.17075], [34.11975, -0.17025], [34.11925, -0.17025], [34.11925, -0.17], [34.119, -0.17], [34.119, -0.1695], [34.11875, -0.1695], [34.11875, -0.16925], [34.1185, -0.16925], [34.1185, -0.169], [34.11825, -0.169], [34.11825, -0.16875], [34.118, -0.16875], [34.118, -0.1685], [34.11775, -0.1685], [34.11775, -0.16825], [34.1175, -0.16825], [34.1175, -0.168], [34.11725, -0.168], [34.11725, -0.16775], [34.117, -0.16775], [34.117, -0.16725], [34.11625, -0.16725], [34.11625, -0.167], [34.11575, -0.167], [34.11575, -0.16725], [34.1145, -0.16725], [34.1145, -0.16775], [34.11375, -0.16775], [34.11375, -0.16725], [34.1125, -0.16725], [34.1125, -0.16775], [34.112, -0.16775], [34.112, -0.168], [34.11025, -0.168], [34.11025, -0.16825], [34.1085, -0.16825], [34.1085, -0.168], [34.108, -0.168], [34.108, -0.16775], [34.10775, -0.16775], [34.10775, -0.167], [34.1075, -0.167], [34.1075, -0.16675], [34.10725, -0.16675], [34.10725, -0.16625], [34.107, -0.16625], [34.107, -0.166], [34.1065, -0.166], [34.1065, -0.16575], [34.105, -0.16575], [34.105, -0.1655], [34.10475, -0.1655], [34.10475, -0.16525], [34.1045, -0.16525], [34.1045, -0.165], [34.10425, -0.165], [34.10425, -0.164], [34.104, -0.164], [34.104, -0.16325], [34.10375, -0.16325], [34.10375, -0.16275], [34.1035, -0.16275], [34.1035, -0.1625], [34.10325, -0.1625], [34.10325, -0.162], [34.10275, -0.162], [34.10275, -0.16225], [34.1025, -0.16225], [34.1025, -0.162], [34.102, -0.162], [34.102, -0.16125], [34.10175, -0.16125], [34.10175, -0.1605], [34.1015, -0.1605], [34.1015, -0.16025], [34.10125, -0.16025], [34.10125, -0.15975], [34.101, -0.15975], [34.101, -0.1595], [34.1005, -0.1595], [34.1005, -0.15925], [34.10025, -0.15925], [34.10025, -0.159], [34.1, -0.159], [34.1, -0.15875], [34.09975, -0.15875], [34.09975, -0.15825], [34.0995, -0.15825], [34.0995, -0.157], [34.09975, -0.157], [34.09975, -0.15625], [34.0995, -0.15625], [34.0995, -0.15575], [34.09925, -0.15575], [34.09925, -0.15525], [34.099, -0.15525], [34.099, -0.15475], [34.0985, -0.15475], [34.0985, -0.1545], [34.098, -0.1545], [34.098, -0.15425], [34.097, -0.15425], [34.097, -0.1535], [34.09675, -0.1535], [34.09675, -0.153], [34.0965, -0.153], [34.0965, -0.15275], [34.09625, -0.15275], [34.09625, -0.1525], [34.096, -0.1525], [34.096, -0.15225], [34.09575, -0.15225], [34.09575, -0.15125], [34.095, -0.15125], [34.095, -0.151], [34.09475, -0.151], [34.09475, -0.15075], [34.0945, -0.15075], [34.0945, -0.15], [34.094, -0.15], [34.094, -0.14975], [34.09375, -0.14975], [34.09375, -0.1495], [34.09325, -0.1495], [34.09325, -0.14925], [34.09275, -0.14925], [34.09275, -0.1485], [34.093, -0.1485], [34.093, -0.148], [34.0925, -0.148], [34.0925, -0.14775], [34.09175, -0.14775], [34.09175, -0.1475], [34.09125, -0.1475], [34.09125, -0.14725], [34.091, -0.14725], [34.091, -0.14575], [34.09125, -0.14575], [34.09125, -0.1455], [34.0905, -0.1455], [34.0905, -0.14525], [34.09025, -0.14525], [34.09025, -0.145], [34.09, -0.145], [34.09, -0.1445], [34.09025, -0.1445], [34.09025, -0.14425], [34.09225, -0.14425], [34.09225, -0.14400000000000002], [34.0935, -0.14400000000000002], [34.0935, -0.14375000000000002], [34.09425, -0.14375000000000002], [34.09425, -0.14400000000000002], [34.0945, -0.14400000000000002], [34.0945, -0.14375000000000002], [34.09575, -0.14375000000000002], [34.09575, -0.14425], [34.096, -0.14425], [34.096, -0.1445], [34.09625, -0.1445], [34.09625, -0.14425], [34.0965, -0.14425], [34.0965, -0.14400000000000002], [34.09675, -0.14400000000000002], [34.09675, -0.14425], [34.098, -0.14425], [34.098, -0.14400000000000002], [34.0985, -0.14400000000000002], [34.0985, -0.145], [34.099, -0.145], [34.099, -0.14525], [34.09925, -0.14525], [34.09925, -0.1455], [34.10125, -0.1455], [34.10125, -0.14575], [34.10175, -0.14575], [34.10175, -0.1455], [34.102, -0.1455], [34.102, -0.14525], [34.10275, -0.14525], [34.10275, -0.145], [34.103, -0.145], [34.103, -0.14425], [34.10325, -0.14425], [34.10325, -0.14375000000000002], [34.1035, -0.14375000000000002], [34.1035, -0.14325000000000002], [34.10325, -0.14325000000000002], [34.10325, -0.14275000000000002], [34.1035, -0.14275000000000002], [34.1035, -0.14250000000000002], [34.1045, -0.14250000000000002], [34.1045, -0.14225000000000002], [34.10475, -0.14225000000000002], [34.10475, -0.14200000000000002], [34.105, -0.14200000000000002], [34.105, -0.14175000000000001], [34.10525, -0.14175000000000001], [34.10525, -0.14150000000000001], [34.1055, -0.14150000000000001], [34.1055, -0.14125000000000001], [34.10675, -0.14125000000000001], [34.10675, -0.14150000000000001], [34.107, -0.14150000000000001], [34.107, -0.14100000000000001], [34.10725, -0.14100000000000001], [34.10725, -0.14125000000000001], [34.10825, -0.14125000000000001], [34.10825, -0.14100000000000001], [34.1085, -0.14100000000000001], [34.1085, -0.14075000000000001], [34.10875, -0.14075000000000001], [34.10875, -0.14025], [34.1095, -0.14025], [34.1095, -0.1395], [34.11025, -0.1395], [34.11025, -0.13925], [34.11075, -0.13925], [34.11075, -0.139], [34.11125, -0.139], [34.11125, -0.13875], [34.1115, -0.13875], [34.1115, -0.1385], [34.11175, -0.1385], [34.11175, -0.13825], [34.112, -0.13825], [34.112, -0.13775], [34.11225, -0.13775], [34.11225, -0.1375], [34.113, -0.1375], [34.113, -0.13725], [34.11325, -0.13725], [34.11325, -0.137], [34.1135, -0.137], [34.1135, -0.13675], [34.11375, -0.13675], [34.11375, -0.13525], [34.114, -0.13525], [34.114, -0.13475], [34.11425, -0.13475], [34.11425, -0.13425], [34.1145, -0.13425], [34.1145, -0.134], [34.11475, -0.134], [34.11475, -0.13325], [34.115, -0.13325], [34.115, -0.1325], [34.11525, -0.1325], [34.11525, -0.13125], [34.115, -0.13125], [34.115, -0.131], [34.11475, -0.131], [34.11475, -0.13075], [34.1145, -0.13075], [34.1145, -0.13025], [34.114, -0.13025], [34.114, -0.13], [34.11375, -0.13], [34.11375, -0.12975], [34.1135, -0.12975], [34.1135, -0.12925], [34.11325, -0.12925], [34.11325, -0.129], [34.1135, -0.129], [34.1135, -0.12875], [34.114, -0.12875], [34.114, -0.1285], [34.11425, -0.1285], [34.11425, -0.12675], [34.1145, -0.12675], [34.1145, -0.126], [34.11475, -0.126], [34.11475, -0.12525], [34.115, -0.12525], [34.115, -0.12475], [34.11525, -0.12475], [34.11525, -0.124], [34.1155, -0.124], [34.1155, -0.12375], [34.11575, -0.12375], [34.11575, -0.123], [34.11625, -0.123], [34.11625, -0.12125], [34.1165, -0.12125], [34.1165, -0.121], [34.11675, -0.121], [34.11675, -0.12075], [34.11775, -0.12075], [34.11775, -0.1205], [34.11825, -0.1205], [34.11825, -0.12025], [34.1185, -0.12025], [34.1185, -0.11900000000000001], [34.11875, -0.11900000000000001], [34.11875, -0.11850000000000001], [34.119, -0.11850000000000001], [34.119, -0.11825000000000001], [34.11925, -0.11825000000000001], [34.11925, -0.11800000000000001], [34.11975, -0.11800000000000001], [34.11975, -0.11775000000000001], [34.12075, -0.11775000000000001], [34.12075, -0.11800000000000001], [34.121, -0.11800000000000001], [34.121, -0.11850000000000001], [34.12075, -0.11850000000000001], [34.12075, -0.11875000000000001], [34.121, -0.11875000000000001], [34.121, -0.11900000000000001], [34.12125, -0.11900000000000001], [34.12125, -0.11950000000000001], [34.1215, -0.11950000000000001], [34.1215, -0.11975000000000001], [34.12175, -0.11975000000000001], [34.12175, -0.12], [34.122, -0.12], [34.122, -0.12025], [34.12225, -0.12025], [34.12225, -0.1205], [34.1225, -0.1205], [34.1225, -0.12075], [34.12275, -0.12075], [34.12275, -0.121], [34.12325, -0.121], [34.12325, -0.1215], [34.1235, -0.1215], [34.1235, -0.12225], [34.12375, -0.12225], [34.12375, -0.12325], [34.124, -0.12325], [34.124, -0.12375], [34.12425, -0.12375], [34.12425, -0.1255], [34.1245, -0.1255], [34.1245, -0.12575], [34.12475, -0.12575], [34.12475, -0.12675], [34.125, -0.12675], [34.125, -0.127], [34.12525, -0.127], [34.12525, -0.12725], [34.12575, -0.12725], [34.12575, -0.1275], [34.126, -0.1275], [34.126, -0.12775], [34.12625, -0.12775], [34.12625, -0.1275], [34.12675, -0.1275], [34.12675, -0.12725], [34.12725, -0.12725], [34.12725, -0.127], [34.128, -0.127], [34.128, -0.12675], [34.1285, -0.12675], [34.1285, -0.127], [34.12975, -0.127], [34.12975, -0.12725], [34.13075, -0.12725], [34.13075, -0.1275], [34.1315, -0.1275], [34.1315, -0.128], [34.13175, -0.128], [34.13175, -0.1285], [34.13225, -0.1285], [34.13225, -0.12875], [34.13275, -0.12875], [34.13275, -0.129], [34.133, -0.129], [34.133, -0.12925], [34.1335, -0.12925], [34.1335, -0.12975], [34.13425, -0.12975], [34.13425, -0.12925], [34.13575, -0.12925], [34.13575, -0.129], [34.136, -0.129], [34.136, -0.12875], [34.13725, -0.12875], [34.13725, -0.129], [34.13775, -0.129], [34.13775, -0.12875], [34.138, -0.12875], [34.138, -0.12825], [34.13825, -0.12825], [34.13825, -0.128], [34.1385, -0.128], [34.1385, -0.12775], [34.13875, -0.12775], [34.13875, -0.1275], [34.13925, -0.1275], [34.13925, -0.12725], [34.1405, -0.12725], [34.1405, -0.127], [34.141, -0.127], [34.141, -0.12675], [34.14125, -0.12675], [34.14125, -0.126], [34.1415, -0.126], [34.1415, -0.12575], [34.14175, -0.12575], [34.14175, -0.1255], [34.142, -0.1255], [34.142, -0.12525], [34.14225, -0.12525], [34.14225, -0.125], [34.143, -0.125], [34.143, -0.12475], [34.1435, -0.12475], [34.1435, -0.1245], [34.144, -0.1245], [34.144, -0.12425], [34.1445, -0.12425], [34.1445, -0.124], [34.14475, -0.124], [34.14475, -0.12375], [34.145, -0.12375], [34.145, -0.1235], [34.14525, -0.1235], [34.14525, -0.12325], [34.1455, -0.12325], [34.1455, -0.123], [34.146, -0.123], [34.146, -0.1225], [34.14625, -0.1225], [34.14625, -0.12225], [34.147, -0.12225], [34.147, -0.122], [34.1475, -0.122], [34.1475, -0.12175], [34.14775, -0.12175], [34.14775, -0.1215], [34.1485, -0.1215], [34.1485, -0.12125], [34.14875, -0.12125], [34.14875, -0.12075], [34.14975, -0.12075], [34.14975, -0.1205], [34.15, -0.1205], [34.15, -0.12025], [34.1505, -0.12025], [34.1505, -0.12], [34.151, -0.12], [34.151, -0.11975000000000001], [34.1515, -0.11975000000000001], [34.1515, -0.11950000000000001], [34.15175, -0.11950000000000001], [34.15175, -0.11875000000000001], [34.152, -0.11875000000000001], [34.152, -0.11900000000000001], [34.15225, -0.11900000000000001], [34.15225, -0.11775000000000001], [34.1525, -0.11775000000000001], [34.1525, -0.11750000000000001], [34.15225, -0.11750000000000001], [34.15225, -0.1165], [34.1525, -0.1165], [34.1525, -0.11625], [34.15275, -0.11625], [34.15275, -0.1155], [34.1525, -0.1155], [34.1525, -0.116], [34.152, -0.116], [34.152, -0.1155], [34.15175, -0.1155], [34.15175, -0.11525], [34.1515, -0.11525], [34.1515, -0.115], [34.151, -0.115], [34.151, -0.11475], [34.15025, -0.11475], [34.15025, -0.1145], [34.14925, -0.1145], [34.14925, -0.11425], [34.14875, -0.11425], [34.14875, -0.114], [34.14825, -0.114], [34.14825, -0.11375], [34.14775, -0.11375], [34.14775, -0.1135], [34.1475, -0.1135], [34.1475, -0.11325], [34.147, -0.11325], [34.147, -0.113], [34.14675, -0.113], [34.14675, -0.11275], [34.1465, -0.11275], [34.1465, -0.1125], [34.146, -0.1125], [34.146, -0.112], [34.14475, -0.112], [34.14475, -0.11175], [34.14325, -0.11175], [34.14325, -0.1115], [34.14225, -0.1115], [34.14225, -0.11175], [34.14175, -0.11175], [34.14175, -0.112], [34.1405, -0.112], [34.1405, -0.11175], [34.1395, -0.11175], [34.1395, -0.112], [34.139, -0.112], [34.139, -0.1125], [34.13875, -0.1125], [34.13875, -0.11275], [34.1385, -0.11275], [34.1385, -0.113], [34.135, -0.113], [34.135, -0.11325], [34.13425, -0.11325], [34.13425, -0.113], [34.13375, -0.113], [34.13375, -0.11275], [34.13175, -0.11275], [34.13175, -0.113], [34.13125, -0.113], [34.13125, -0.11275], [34.13075, -0.11275], [34.13075, -0.113], [34.13025, -0.113], [34.13025, -0.11325], [34.12825, -0.11325], [34.12825, -0.1135], [34.12675, -0.1135], [34.12675, -0.11375], [34.12525, -0.11375], [34.12525, -0.1135], [34.125, -0.1135], [34.125, -0.113], [34.12475, -0.113], [34.12475, -0.1125], [34.1245, -0.1125], [34.1245, -0.112], [34.12425, -0.112], [34.12425, -0.11175], [34.12375, -0.11175], [34.12375, -0.1115], [34.12275, -0.1115], [34.12275, -0.11125], [34.1225, -0.11125], [34.1225, -0.1115], [34.122, -0.1115], [34.122, -0.11175], [34.121, -0.11175], [34.121, -0.112], [34.11975, -0.112], [34.11975, -0.11175], [34.11875, -0.11175], [34.11875, -0.112], [34.118, -0.112], [34.118, -0.1125], [34.1175, -0.1125], [34.1175, -0.11275], [34.11625, -0.11275], [34.11625, -0.1125], [34.1155, -0.1125], [34.1155, -0.11175], [34.11525, -0.11175], [34.11525, -0.1115], [34.115, -0.1115], [34.115, -0.11125], [34.11475, -0.11125], [34.11475, -0.111], [34.1145, -0.111], [34.1145, -0.11075], [34.11425, -0.11075], [34.11425, -0.10975], [34.1145, -0.10975], [34.1145, -0.1085], [34.11475, -0.1085], [34.11475, -0.1075], [34.1145, -0.1075], [34.1145, -0.10675], [34.115, -0.10675], [34.115, -0.1065], [34.11525, -0.1065], [34.11525, -0.10625], [34.1155, -0.10625], [34.1155, -0.10575], [34.11525, -0.10575], [34.11525, -0.10525], [34.1155, -0.10525], [34.1155, -0.105], [34.11625, -0.105], [34.11625, -0.10475], [34.117, -0.10475], [34.117, -0.1045], [34.11725, -0.1045], [34.11725, -0.10425], [34.1175, -0.10425], [34.1175, -0.10400000000000001], [34.11775, -0.10400000000000001], [34.11775, -0.10375000000000001], [34.118, -0.10375000000000001], [34.118, -0.10350000000000001], [34.11825, -0.10350000000000001], [34.11825, -0.10325000000000001], [34.11875, -0.10325000000000001], [34.11875, -0.10300000000000001], [34.119, -0.10300000000000001], [34.119, -0.10275000000000001], [34.11925, -0.10275000000000001], [34.11925, -0.10250000000000001], [34.11975, -0.10250000000000001], [34.11975, -0.1015], [34.12025, -0.1015], [34.12025, -0.10125], [34.12075, -0.10125], [34.12075, -0.101], [34.121, -0.101], [34.121, -0.10075], [34.12175, -0.10075], [34.12175, -0.1005], [34.12225, -0.1005], [34.12225, -0.10025], [34.12275, -0.10025], [34.12275, -0.0995], [34.1235, -0.0995], [34.1235, -0.09925], [34.124, -0.09925], [34.124, -0.0995], [34.1285, -0.0995], [34.1285, -0.09975], [34.12925, -0.09975], [34.12925, -0.1], [34.12975, -0.1], [34.12975, -0.10025], [34.1315, -0.10025], [34.1315, -0.1005], [34.13375, -0.1005], [34.13375, -0.10025], [34.1345, -0.10025], [34.1345, -0.1], [34.13475, -0.1], [34.13475, -0.09975], [34.13575, -0.09975], [34.13575, -0.0995], [34.13625, -0.0995], [34.13625, -0.09925], [34.137, -0.09925], [34.137, -0.099], [34.138, -0.099], [34.138, -0.09875], [34.13875, -0.09875], [34.13875, -0.09825], [34.139, -0.09825], [34.139, -0.098], [34.1395, -0.098], [34.1395, -0.09775], [34.13975, -0.09775], [34.13975, -0.0975], [34.1405, -0.0975], [34.1405, -0.09725], [34.14075, -0.09725], [34.14075, -0.097], [34.141, -0.097], [34.141, -0.09675], [34.14125, -0.09675], [34.14125, -0.0965], [34.1415, -0.0965], [34.1415, -0.096], [34.14175, -0.096], [34.14175, -0.09575], [34.142, -0.09575], [34.142, -0.0955], [34.14225, -0.0955], [34.14225, -0.09475], [34.1425, -0.09475], [34.1425, -0.09425], [34.14275, -0.09425], [34.14275, -0.09375], [34.143, -0.09375], [34.143, -0.09], [34.14325, -0.09], [34.14325, -0.0895], [34.1435, -0.0895], [34.1435, -0.089], [34.144, -0.089], [34.144, -0.08875], [34.1445, -0.08875], [34.1445, -0.0885], [34.145, -0.0885], [34.145, -0.088], [34.1455, -0.088], [34.1455, -0.08775000000000001], [34.14575, -0.08775000000000001], [34.14575, -0.08750000000000001], [34.146, -0.08750000000000001], [34.146, -0.08725000000000001], [34.14625, -0.08725000000000001], [34.14625, -0.08700000000000001], [34.1465, -0.08700000000000001], [34.1465, -0.08675000000000001], [34.14675, -0.08675000000000001], [34.14675, -0.085], [34.1465, -0.085], [34.1465, -0.084], [34.14625, -0.084], [34.14625, -0.0835], [34.146, -0.0835], [34.146, -0.083], [34.14575, -0.083], [34.14575, -0.08275], [34.1455, -0.08275], [34.1455, -0.0825], [34.14525, -0.0825], [34.14525, -0.08225], [34.145, -0.08225], [34.145, -0.082], [34.14425, -0.082], [34.14425, -0.08175], [34.1435, -0.08175], [34.1435, -0.0815], [34.143, -0.0815], [34.143, -0.081], [34.14275, -0.081], [34.14275, -0.0815], [34.14225, -0.0815], [34.14225, -0.081], [34.142, -0.081], [34.142, -0.0815], [34.14075, -0.0815], [34.14075, -0.08175], [34.14, -0.08175], [34.14, -0.0815], [34.1395, -0.0815], [34.1395, -0.08175], [34.13925, -0.08175], [34.13925, -0.0815], [34.139, -0.0815], [34.139, -0.081], [34.13875, -0.081], [34.13875, -0.08075], [34.1385, -0.08075], [34.1385, -0.0805], [34.13775, -0.0805], [34.13775, -0.08025], [34.13725, -0.08025], [34.13725, -0.07975], [34.137, -0.07975], [34.137, -0.0795], [34.1365, -0.0795], [34.1365, -0.07925], [34.13625, -0.07925], [34.13625, -0.079], [34.13575, -0.079], [34.13575, -0.07875], [34.135, -0.07875], [34.135, -0.0785], [34.13475, -0.0785], [34.13475, -0.078], [34.13425, -0.078], [34.13425, -0.07725], [34.134, -0.07725], [34.134, -0.07625], [34.13425, -0.07625], [34.13425, -0.076], [34.13475, -0.076], [34.13475, -0.07525], [34.135, -0.07525], [34.135, -0.075], [34.13525, -0.075], [34.13525, -0.0745], [34.1355, -0.0745], [34.1355, -0.074], [34.13525, -0.074], [34.13525, -0.0735], [34.1355, -0.0735], [34.1355, -0.07325], [34.13525, -0.07325], [34.13525, -0.073], [34.135, -0.073], [34.135, -0.0725], [34.13475, -0.0725], [34.13475, -0.07225], [34.13375, -0.07225], [34.13375, -0.07200000000000001], [34.133, -0.07200000000000001], [34.133, -0.07225], [34.13275, -0.07225], [34.13275, -0.07175000000000001], [34.133, -0.07175000000000001], [34.133, -0.07125000000000001], [34.1335, -0.07125000000000001], [34.1335, -0.07025], [34.13375, -0.07025], [34.13375, -0.07], [34.134, -0.07], [34.134, -0.06975], [34.13425, -0.06975], [34.13425, -0.06925], [34.13475, -0.06925], [34.13475, -0.069], [34.13525, -0.069], [34.13525, -0.06875], [34.13575, -0.06875], [34.13575, -0.0685], [34.13625, -0.0685], [34.13625, -0.06825], [34.138, -0.06825], [34.138, -0.068], [34.13825, -0.068], [34.13825, -0.06775], [34.1385, -0.06775], [34.1385, -0.06725], [34.13875, -0.06725], [34.13875, -0.067], [34.13925, -0.067], [34.13925, -0.06675], [34.1395, -0.06675], [34.1395, -0.06625], [34.13975, -0.06625], [34.13975, -0.066], [34.14, -0.066], [34.14, -0.06575], [34.1405, -0.06575], [34.1405, -0.0655], [34.14075, -0.0655], [34.14075, -0.06525], [34.141, -0.06525], [34.141, -0.0645], [34.14125, -0.0645], [34.14125, -0.06425], [34.1415, -0.06425], [34.1415, -0.06375], [34.142, -0.06375], [34.142, -0.0635], [34.1425, -0.0635], [34.1425, -0.063], [34.14275, -0.063], [34.14275, -0.06275], [34.143, -0.06275], [34.143, -0.0625], [34.1435, -0.0625], [34.1435, -0.06225], [34.144, -0.06225], [34.144, -0.062], [34.14425, -0.062], [34.14425, -0.06175], [34.1445, -0.06175], [34.1445, -0.0615], [34.14475, -0.0615], [34.14475, -0.061], [34.145, -0.061], [34.145, -0.059750000000000004], [34.14475, -0.059750000000000004], [34.14475, -0.059250000000000004], [34.144, -0.059250000000000004], [34.144, -0.05825], [34.1435, -0.05825], [34.1435, -0.0565], [34.14325, -0.0565], [34.14325, -0.05625], [34.143, -0.05625], [34.143, -0.056], [34.14275, -0.056], [34.14275, -0.05575], [34.1425, -0.05575], [34.1425, -0.05525], [34.142, -0.05525], [34.142, -0.055], [34.14175, -0.055], [34.14175, -0.05475], [34.141, -0.05475], [34.141, -0.055], [34.1405, -0.055], [34.1405, -0.05525], [34.1395, -0.05525], [34.1395, -0.0555], [34.13925, -0.0555], [34.13925, -0.05575], [34.139, -0.05575], [34.139, -0.056], [34.13825, -0.056], [34.13825, -0.05625], [34.138, -0.05625], [34.138, -0.0565], [34.1375, -0.0565], [34.1375, -0.05675], [34.13725, -0.05675], [34.13725, -0.05725], [34.1365, -0.05725], [34.1365, -0.0575], [34.13625, -0.0575], [34.13625, -0.058], [34.136, -0.058], [34.136, -0.05825], [34.13575, -0.05825], [34.13575, -0.058750000000000004], [34.1355, -0.058750000000000004], [34.1355, -0.059000000000000004], [34.13525, -0.059000000000000004], [34.13525, -0.059250000000000004], [34.1345, -0.059250000000000004], [34.1345, -0.059500000000000004], [34.13425, -0.059500000000000004], [34.13425, -0.06025], [34.134, -0.06025], [34.134, -0.06075], [34.13375, -0.06075], [34.13375, -0.061], [34.1335, -0.061], [34.1335, -0.0615], [34.133, -0.0615], [34.133, -0.06175], [34.13275, -0.06175], [34.13275, -0.062], [34.1325, -0.062], [34.1325, -0.063], [34.13225, -0.063], [34.13225, -0.06325], [34.1315, -0.06325], [34.1315, -0.0635], [34.131, -0.0635], [34.131, -0.06425], [34.13075, -0.06425], [34.13075, -0.0645], [34.13025, -0.0645], [34.13025, -0.06475], [34.12975, -0.06475], [34.12975, -0.065], [34.1295, -0.065], [34.1295, -0.06525], [34.129, -0.06525], [34.129, -0.06575], [34.12875, -0.06575], [34.12875, -0.066], [34.1285, -0.066], [34.1285, -0.06625], [34.1275, -0.06625], [34.1275, -0.0665], [34.12725, -0.0665], [34.12725, -0.06675], [34.12675, -0.06675], [34.12675, -0.067], [34.126, -0.067], [34.126, -0.06725], [34.12575, -0.06725], [34.12575, -0.06775], [34.12475, -0.06775], [34.12475, -0.068], [34.1245, -0.068], [34.1245, -0.06825], [34.124, -0.06825], [34.124, -0.0685], [34.12325, -0.0685], [34.12325, -0.06875], [34.12275, -0.06875], [34.12275, -0.069], [34.122, -0.069], [34.122, -0.06925], [34.12175, -0.06925], [34.12175, -0.0695], [34.121, -0.0695], [34.121, -0.06975], [34.1205, -0.06975], [34.1205, -0.07], [34.12025, -0.07], [34.12025, -0.07025], [34.12, -0.07025], [34.12, -0.07050000000000001], [34.11975, -0.07050000000000001], [34.11975, -0.07100000000000001], [34.119, -0.07100000000000001], [34.119, -0.07150000000000001], [34.1185, -0.07150000000000001], [34.1185, -0.07175000000000001], [34.11775, -0.07175000000000001], [34.11775, -0.07200000000000001], [34.1175, -0.07200000000000001], [34.1175, -0.07225], [34.11725, -0.07225], [34.11725, -0.07275], [34.11675, -0.07275], [34.11675, -0.073], [34.11625, -0.073], [34.11625, -0.0735], [34.1155, -0.0735], [34.1155, -0.07375], [34.11525, -0.07375], [34.11525, -0.074], [34.11475, -0.074], [34.11475, -0.0745], [34.11425, -0.0745], [34.11425, -0.07475], [34.11375, -0.07475], [34.11375, -0.075], [34.1125, -0.075], [34.1125, -0.07525], [34.11225, -0.07525], [34.11225, -0.075], [34.112, -0.075], [34.112, -0.07525], [34.1115, -0.07525], [34.1115, -0.0755], [34.11025, -0.0755], [34.11025, -0.07525], [34.10975, -0.07525], [34.10975, -0.075], [34.1095, -0.075], [34.1095, -0.07475], [34.109, -0.07475], [34.109, -0.0745], [34.10875, -0.0745], [34.10875, -0.07150000000000001], [34.1085, -0.07150000000000001], [34.1085, -0.07125000000000001], [34.10825, -0.07125000000000001], [34.10825, -0.07100000000000001], [34.108, -0.07100000000000001], [34.108, -0.07050000000000001], [34.10775, -0.07050000000000001], [34.10775, -0.07025], [34.1075, -0.07025], [34.1075, -0.07], [34.10725, -0.07], [34.10725, -0.0695], [34.107, -0.0695], [34.107, -0.06925], [34.10675, -0.06925], [34.10675, -0.06875], [34.1065, -0.06875], [34.1065, -0.06825], [34.10625, -0.06825], [34.10625, -0.068], [34.106, -0.068], [34.106, -0.067], [34.1055, -0.067], [34.1055, -0.06675], [34.10525, -0.06675], [34.10525, -0.066], [34.105, -0.066], [34.105, -0.06575], [34.10475, -0.06575], [34.10475, -0.0655], [34.103, -0.0655], [34.103, -0.06525], [34.10075, -0.06525], [34.10075, -0.065], [34.1005, -0.065], [34.1005, -0.06475], [34.1, -0.06475], [34.1, -0.065], [34.09925, -0.065], [34.09925, -0.06475], [34.0985, -0.06475], [34.0985, -0.0645], [34.09825, -0.0645], [34.09825, -0.06475], [34.09675, -0.06475], [34.09675, -0.065], [34.0965, -0.065], [34.0965, -0.06525], [34.096, -0.06525], [34.096, -0.0655], [34.09575, -0.0655], [34.09575, -0.06575], [34.0955, -0.06575], [34.0955, -0.066], [34.095, -0.066], [34.095, -0.06625], [34.0945, -0.06625], [34.0945, -0.0665], [34.09425, -0.0665], [34.09425, -0.06675], [34.094, -0.06675], [34.094, -0.0665], [34.09325, -0.0665], [34.09325, -0.06675], [34.09275, -0.06675], [34.09275, -0.06725], [34.09225, -0.06725], [34.09225, -0.06775], [34.08875, -0.06775], [34.08875, -0.068], [34.08625, -0.068], [34.08625, -0.06825], [34.08575, -0.06825], [34.08575, -0.0685], [34.0855, -0.0685], [34.0855, -0.06875], [34.08425, -0.06875], [34.08425, -0.06925], [34.08375, -0.06925], [34.08375, -0.0695], [34.08275, -0.0695], [34.08275, -0.06975], [34.08225, -0.06975], [34.08225, -0.07], [34.082, -0.07], [34.082, -0.07025], [34.081, -0.07025], [34.081, -0.07], [34.0805, -0.07], [34.0805, -0.07050000000000001], [34.08, -0.07050000000000001], [34.08, -0.07100000000000001], [34.0795, -0.07100000000000001], [34.0795, -0.07050000000000001], [34.07925, -0.07050000000000001], [34.07925, -0.07025], [34.079, -0.07025], [34.079, -0.07100000000000001], [34.0785, -0.07100000000000001], [34.0785, -0.07125000000000001], [34.07825, -0.07125000000000001], [34.07825, -0.07275], [34.07775, -0.07275], [34.07775, -0.0735], [34.07825, -0.0735], [34.07825, -0.07375], [34.0785, -0.07375], [34.0785, -0.074], [34.07925, -0.074], [34.07925, -0.0745], [34.0795, -0.0745], [34.0795, -0.07525], [34.07975, -0.07525], [34.07975, -0.0755], [34.08, -0.0755], [34.08, -0.07575], [34.08075, -0.07575], [34.08075, -0.076], [34.08175, -0.076], [34.08175, -0.07625], [34.082, -0.07625], [34.082, -0.0765], [34.08225, -0.0765], [34.08225, -0.07675], [34.08275, -0.07675], [34.08275, -0.07725], [34.083, -0.07725], [34.083, -0.0775], [34.08325, -0.0775], [34.08325, -0.07825], [34.0835, -0.07825], [34.0835, -0.0785], [34.08375, -0.0785], [34.08375, -0.07875], [34.084, -0.07875], [34.084, -0.079], [34.08425, -0.079], [34.08425, -0.0795], [34.0845, -0.0795], [34.0845, -0.07975], [34.08525, -0.07975], [34.08525, -0.08], [34.0855, -0.08], [34.0855, -0.08025], [34.08625, -0.08025], [34.08625, -0.0805], [34.08875, -0.0805], [34.08875, -0.08075], [34.0915, -0.08075], [34.0915, -0.081], [34.09225, -0.081], [34.09225, -0.0815], [34.093, -0.0815], [34.093, -0.08175], [34.09325, -0.08175], [34.09325, -0.08225], [34.0935, -0.08225], [34.0935, -0.0825], [34.09375, -0.0825], [34.09375, -0.0835], [34.094, -0.0835], [34.094, -0.085], [34.09375, -0.085], [34.09375, -0.08525], [34.094, -0.08525], [34.094, -0.0855], [34.0945, -0.0855], [34.0945, -0.08575], [34.09475, -0.08575], [34.09475, -0.08600000000000001], [34.095, -0.08600000000000001], [34.095, -0.08625000000000001], [34.0955, -0.08625000000000001], [34.0955, -0.08650000000000001], [34.09575, -0.08650000000000001], [34.09575, -0.08675000000000001], [34.096, -0.08675000000000001], [34.096, -0.08700000000000001], [34.0965, -0.08700000000000001], [34.0965, -0.08725000000000001], [34.09675, -0.08725000000000001], [34.09675, -0.08750000000000001], [34.097, -0.08750000000000001], [34.097, -0.08775000000000001], [34.0975, -0.08775000000000001], [34.0975, -0.0885], [34.09775, -0.0885], [34.09775, -0.089], [34.0975, -0.089], [34.0975, -0.08925], [34.09725, -0.08925], [34.09725, -0.0895], [34.097, -0.0895], [34.097, -0.08975], [34.09575, -0.08975], [34.09575, -0.0895], [34.0955, -0.0895], [34.0955, -0.089], [34.095, -0.089], [34.095, -0.08875], [34.0945, -0.08875], [34.0945, -0.0885], [34.09425, -0.0885], [34.09425, -0.08775000000000001], [34.094, -0.08775000000000001], [34.094, -0.08750000000000001], [34.09375, -0.08750000000000001], [34.09375, -0.08675000000000001], [34.0935, -0.08675000000000001], [34.0935, -0.08625000000000001], [34.09325, -0.08625000000000001], [34.09325, -0.08650000000000001], [34.09275, -0.08650000000000001], [34.09275, -0.08625000000000001], [34.09225, -0.08625000000000001], [34.09225, -0.08600000000000001], [34.091, -0.08600000000000001], [34.091, -0.08575], [34.09075, -0.08575], [34.09075, -0.08525], [34.0905, -0.08525], [34.0905, -0.0845], [34.09, -0.0845], [34.09, -0.084], [34.08975, -0.084], [34.08975, -0.08375], [34.0895, -0.08375], [34.0895, -0.0835], [34.089, -0.0835], [34.089, -0.08325], [34.08825, -0.08325], [34.08825, -0.0835], [34.088, -0.0835], [34.088, -0.08375], [34.08775, -0.08375], [34.08775, -0.084], [34.0875, -0.084], [34.0875, -0.0845], [34.08725, -0.0845], [34.08725, -0.085], [34.087, -0.085], [34.087, -0.08625000000000001], [34.08675, -0.08625000000000001], [34.08675, -0.08750000000000001], [34.0865, -0.08750000000000001], [34.0865, -0.088], [34.08625, -0.088], [34.08625, -0.09025], [34.0865, -0.09025], [34.0865, -0.0905], [34.087, -0.0905], [34.087, -0.09075], [34.08725, -0.09075], [34.08725, -0.09125], [34.087, -0.09125], [34.087, -0.09175], [34.08675, -0.09175], [34.08675, -0.092], [34.08625, -0.092], [34.08625, -0.09175], [34.08525, -0.09175], [34.08525, -0.09125], [34.08475, -0.09125], [34.08475, -0.09175], [34.08375, -0.09175], [34.08375, -0.092], [34.08325, -0.092], [34.08325, -0.09225], [34.083, -0.09225], [34.083, -0.0925], [34.082, -0.0925], [34.082, -0.09275], [34.08125, -0.09275], [34.08125, -0.093], [34.081, -0.093], [34.081, -0.09325], [34.08, -0.09325], [34.08, -0.0935], [34.07925, -0.0935], [34.07925, -0.09375], [34.0785, -0.09375], [34.0785, -0.094], [34.07775, -0.094], [34.07775, -0.09425], [34.077, -0.09425], [34.077, -0.0945], [34.07675, -0.0945], [34.07675, -0.09475], [34.076, -0.09475], [34.076, -0.09525], [34.07575, -0.09525], [34.07575, -0.09575], [34.07525, -0.09575], [34.07525, -0.096], [34.07425, -0.096], [34.07425, -0.09625], [34.074, -0.09625], [34.074, -0.09675], [34.07375, -0.09675], [34.07375, -0.097], [34.0735, -0.097], [34.0735, -0.09725], [34.07325, -0.09725], [34.07325, -0.09775], [34.073, -0.09775], [34.073, -0.098], [34.07275, -0.098], [34.07275, -0.09875], [34.0725, -0.09875], [34.0725, -0.09925], [34.07275, -0.09925], [34.07275, -0.1], [34.073, -0.1], [34.073, -0.10025], [34.07325, -0.10025], [34.07325, -0.1005], [34.0735, -0.1005], [34.0735, -0.10075], [34.07425, -0.10075], [34.07425, -0.101], [34.07575, -0.101], [34.07575, -0.10125], [34.07675, -0.10125], [34.07675, -0.101], [34.0785, -0.101], [34.0785, -0.10075], [34.0795, -0.10075], [34.0795, -0.101], [34.08, -0.101], [34.08, -0.10125], [34.0805, -0.10125], [34.0805, -0.1015], [34.08075, -0.1015], [34.08075, -0.10175000000000001], [34.08125, -0.10175000000000001], [34.08125, -0.10225000000000001], [34.082, -0.10225000000000001], [34.082, -0.10250000000000001], [34.08225, -0.10250000000000001], [34.08225, -0.10275000000000001], [34.0825, -0.10275000000000001], [34.0825, -0.10300000000000001], [34.08275, -0.10300000000000001], [34.08275, -0.10350000000000001], [34.083, -0.10350000000000001], [34.083, -0.10375000000000001], [34.08325, -0.10375000000000001], [34.08325, -0.10400000000000001], [34.0835, -0.10400000000000001], [34.0835, -0.10425], [34.08375, -0.10425], [34.08375, -0.1045], [34.084, -0.1045], [34.084, -0.10475], [34.08425, -0.10475], [34.08425, -0.105], [34.0845, -0.105], [34.0845, -0.10525], [34.08475, -0.10525], [34.08475, -0.1065], [34.0845, -0.1065], [34.0845, -0.10675], [34.08375, -0.10675], [34.08375, -0.107], [34.08325, -0.107], [34.08325, -0.10725], [34.083, -0.10725], [34.083, -0.1075], [34.0825, -0.1075], [34.0825, -0.10775], [34.08225, -0.10775], [34.08225, -0.108], [34.08175, -0.108], [34.08175, -0.10825], [34.081, -0.10825], [34.081, -0.1085], [34.08025, -0.1085], [34.08025, -0.109], [34.07725, -0.109], [34.07725, -0.10925], [34.07475, -0.10925], [34.07475, -0.109], [34.07425, -0.109], [34.07425, -0.10925], [34.0725, -0.10925], [34.0725, -0.1095], [34.071, -0.1095], [34.071, -0.10975], [34.07075, -0.10975], [34.07075, -0.11], [34.07025, -0.11], [34.07025, -0.11025], [34.07, -0.11025], [34.07, -0.11125], [34.07025, -0.11125], [34.07025, -0.1125], [34.07, -0.1125], [34.07, -0.11275], [34.07025, -0.11275], [34.07025, -0.11375], [34.0705, -0.11375], [34.0705, -0.114], [34.07075, -0.114], [34.07075, -0.11425], [34.071, -0.11425], [34.071, -0.11475], [34.0715, -0.11475], [34.0715, -0.115], [34.072, -0.115], [34.072, -0.11675], [34.0715, -0.11675], [34.0715, -0.1165], [34.07075, -0.1165], [34.07075, -0.11525], [34.07025, -0.11525], [34.07025, -0.11475], [34.07, -0.11475], [34.07, -0.115], [34.06975, -0.115], [34.06975, -0.11475], [34.0695, -0.11475], [34.0695, -0.1145], [34.069, -0.1145], [34.069, -0.11425], [34.06875, -0.11425], [34.06875, -0.114], [34.0675, -0.114], [34.0675, -0.11425], [34.06675, -0.11425], [34.06675, -0.114], [34.0665, -0.114], [34.0665, -0.11375], [34.066, -0.11375], [34.066, -0.1135], [34.06575, -0.1135], [34.06575, -0.11325], [34.0655, -0.11325], [34.0655, -0.11275], [34.065, -0.11275], [34.065, -0.112], [34.0635, -0.112], [34.0635, -0.1115], [34.06375, -0.1115], [34.06375, -0.11125], [34.064, -0.11125], [34.064, -0.111], [34.0645, -0.111], [34.0645, -0.1105], [34.065, -0.1105], [34.065, -0.11025], [34.06525, -0.11025], [34.06525, -0.109], [34.0645, -0.109], [34.0645, -0.108], [34.06475, -0.108], [34.06475, -0.10825], [34.065, -0.10825], [34.065, -0.108], [34.06525, -0.108], [34.06525, -0.10675], [34.065, -0.10675], [34.065, -0.1065], [34.06525, -0.1065], [34.06525, -0.10625], [34.06475, -0.10625], [34.06475, -0.10525], [34.0645, -0.10525], [34.0645, -0.105], [34.0635, -0.105], [34.0635, -0.10425], [34.063, -0.10425], [34.063, -0.10400000000000001], [34.06275, -0.10400000000000001], [34.06275, -0.10375000000000001], [34.0625, -0.10375000000000001], [34.0625, -0.10350000000000001], [34.06225, -0.10350000000000001], [34.06225, -0.10325000000000001], [34.062, -0.10325000000000001], [34.062, -0.10300000000000001], [34.06125, -0.10300000000000001], [34.06125, -0.10325000000000001], [34.06, -0.10325000000000001], [34.06, -0.10125], [34.05975, -0.10125], [34.05975, -0.101], [34.0595, -0.101], [34.0595, -0.1005], [34.0605, -0.1005], [34.0605, -0.1], [34.061, -0.1], [34.061, -0.099], [34.06125, -0.099], [34.06125, -0.098], [34.0615, -0.098], [34.0615, -0.09775], [34.062, -0.09775], [34.062, -0.0975], [34.0625, -0.0975], [34.0625, -0.09725], [34.06325, -0.09725], [34.06325, -0.09675], [34.0635, -0.09675], [34.0635, -0.096], [34.06375, -0.096], [34.06375, -0.09575], [34.064, -0.09575], [34.064, -0.0955], [34.0645, -0.0955], [34.0645, -0.094], [34.06475, -0.094], [34.06475, -0.0935], [34.06525, -0.0935], [34.06525, -0.09325], [34.06625, -0.09325], [34.06625, -0.093], [34.0665, -0.093], [34.0665, -0.09275], [34.06675, -0.09275], [34.06675, -0.0925], [34.067, -0.0925], [34.067, -0.09225], [34.06725, -0.09225], [34.06725, -0.092], [34.0685, -0.092], [34.0685, -0.09175], [34.06925, -0.09175], [34.06925, -0.09125], [34.06975, -0.09125], [34.06975, -0.091], [34.07, -0.091], [34.07, -0.09075], [34.07025, -0.09075], [34.07025, -0.0905], [34.0705, -0.0905], [34.0705, -0.09025], [34.0715, -0.09025], [34.0715, -0.09], [34.07175, -0.09], [34.07175, -0.08975], [34.072, -0.08975], [34.072, -0.08925], [34.07225, -0.08925], [34.07225, -0.08650000000000001], [34.072, -0.08650000000000001], [34.072, -0.08525], [34.07175, -0.08525], [34.07175, -0.08425], [34.0715, -0.08425], [34.0715, -0.0835], [34.071, -0.0835], [34.071, -0.08275], [34.07075, -0.08275], [34.07075, -0.08225], [34.0705, -0.08225], [34.0705, -0.082], [34.07075, -0.082], [34.07075, -0.08175], [34.0705, -0.08175], [34.0705, -0.081], [34.07025, -0.081], [34.07025, -0.0805], [34.07, -0.0805], [34.07, -0.08025], [34.07025, -0.08025], [34.07025, -0.0795], [34.07, -0.0795], [34.07, -0.07875], [34.06975, -0.07875], [34.06975, -0.07825], [34.0695, -0.07825], [34.0695, -0.0775], [34.069, -0.0775], [34.069, -0.07725], [34.06875, -0.07725], [34.06875, -0.07625], [34.0685, -0.07625], [34.0685, -0.07525], [34.06825, -0.07525], [34.06825, -0.07475], [34.0675, -0.07475], [34.0675, -0.07375], [34.06725, -0.07375], [34.06725, -0.0735], [34.067, -0.0735], [34.067, -0.07325], [34.06675, -0.07325], [34.06675, -0.07275], [34.0665, -0.07275], [34.0665, -0.07225], [34.06625, -0.07225], [34.06625, -0.07200000000000001], [34.06575, -0.07200000000000001], [34.06575, -0.07175000000000001], [34.0655, -0.07175000000000001], [34.0655, -0.07150000000000001], [34.06525, -0.07150000000000001], [34.06525, -0.07125000000000001], [34.0645, -0.07125000000000001], [34.0645, -0.07100000000000001], [34.064, -0.07100000000000001], [34.064, -0.07050000000000001], [34.06325, -0.07050000000000001], [34.06325, -0.07025], [34.063, -0.07025], [34.063, -0.07050000000000001], [34.06275, -0.07050000000000001], [34.06275, -0.07100000000000001], [34.0625, -0.07100000000000001], [34.0625, -0.07125000000000001], [34.06225, -0.07125000000000001], [34.06225, -0.07175000000000001], [34.062, -0.07175000000000001], [34.062, -0.07200000000000001], [34.06175, -0.07200000000000001], [34.06175, -0.07225], [34.06125, -0.07225], [34.06125, -0.0725], [34.061, -0.0725], [34.061, -0.07275], [34.06025, -0.07275], [34.06025, -0.073], [34.05975, -0.073], [34.05975, -0.07375], [34.0595, -0.07375], [34.0595, -0.07475], [34.05925, -0.07475], [34.05925, -0.075], [34.059, -0.075], [34.059, -0.07525], [34.05875, -0.07525], [34.05875, -0.0755], [34.0585, -0.0755], [34.0585, -0.07575], [34.05825, -0.07575], [34.05825, -0.076], [34.058, -0.076], [34.058, -0.07625], [34.0575, -0.07625], [34.0575, -0.0765], [34.05675, -0.0765], [34.05675, -0.07675], [34.05525, -0.07675], [34.05525, -0.077], [34.055, -0.077], [34.055, -0.07675], [34.05475, -0.07675], [34.05475, -0.077], [34.0535, -0.077], [34.0535, -0.07675], [34.053, -0.07675], [34.053, -0.077], [34.05225, -0.077], [34.05225, -0.07725], [34.0515, -0.07725], [34.0515, -0.077], [34.05125, -0.077], [34.05125, -0.07675], [34.05025, -0.07675], [34.05025, -0.077], [34.04975, -0.077], [34.04975, -0.0775], [34.04925, -0.0775], [34.04925, -0.07825], [34.049, -0.07825], [34.049, -0.0785], [34.04875, -0.0785], [34.04875, -0.07875], [34.04825, -0.07875], [34.04825, -0.07925], [34.048, -0.07925], [34.048, -0.0795], [34.04775, -0.0795], [34.04775, -0.07975], [34.0475, -0.07975], [34.0475, -0.08], [34.04675, -0.08], [34.04675, -0.08025], [34.04625, -0.08025], [34.04625, -0.0805], [34.04525, -0.0805], [34.04525, -0.08075], [34.04475, -0.08075], [34.04475, -0.0805], [34.04325, -0.0805], [34.04325, -0.08075], [34.04275, -0.08075], [34.04275, -0.0805], [34.0425, -0.0805], [34.0425, -0.08025], [34.04225, -0.08025], [34.04225, -0.08], [34.0395, -0.08], [34.0395, -0.08025], [34.03825, -0.08025], [34.03825, -0.0805], [34.03775, -0.0805], [34.03775, -0.08075], [34.0375, -0.08075], [34.0375, -0.081], [34.03675, -0.081], [34.03675, -0.0815], [34.036, -0.0815], [34.036, -0.08175], [34.0355, -0.08175], [34.0355, -0.082], [34.035, -0.082], [34.035, -0.08225], [34.03425, -0.08225], [34.03425, -0.082], [34.034, -0.082], [34.034, -0.08075], [34.03425, -0.08075], [34.03425, -0.0805], [34.03475, -0.0805], [34.03475, -0.08025], [34.0355, -0.08025], [34.0355, -0.08], [34.03575, -0.08], [34.03575, -0.07975], [34.0355, -0.07975], [34.0355, -0.0785], [34.03525, -0.0785], [34.03525, -0.07725], [34.035, -0.07725], [34.035, -0.0765], [34.03475, -0.0765], [34.03475, -0.07575], [34.0345, -0.07575], [34.0345, -0.07475], [34.03425, -0.07475], [34.03425, -0.07375], [34.034, -0.07375], [34.034, -0.073], [34.03375, -0.073], [34.03375, -0.0725], [34.0335, -0.0725], [34.0335, -0.07150000000000001], [34.033, -0.07150000000000001], [34.033, -0.07100000000000001], [34.03275, -0.07100000000000001], [34.03275, -0.07025], [34.0325, -0.07025], [34.0325, -0.06975], [34.03225, -0.06975], [34.03225, -0.0695], [34.032, -0.0695], [34.032, -0.06925], [34.03175, -0.06925], [34.03175, -0.06875], [34.0315, -0.06875], [34.0315, -0.0685], [34.03125, -0.0685], [34.03125, -0.06825], [34.031, -0.06825], [34.031, -0.0685], [34.03025, -0.0685], [34.03025, -0.06875], [34.0295, -0.06875], [34.0295, -0.069], [34.029, -0.069], [34.029, -0.06925], [34.0285, -0.06925], [34.0285, -0.0695], [34.02825, -0.0695], [34.02825, -0.06925], [34.028, -0.06925], [34.028, -0.06875], [34.02825, -0.06875], [34.02825, -0.0685], [34.029, -0.0685], [34.029, -0.06825], [34.0295, -0.06825], [34.0295, -0.068], [34.03, -0.068], [34.03, -0.06775], [34.0305, -0.06775], [34.0305, -0.06725], [34.031, -0.06725], [34.031, -0.06775], [34.03125, -0.06775], [34.03125, -0.068], [34.0315, -0.068], [34.0315, -0.06825], [34.03175, -0.06825], [34.03175, -0.0685], [34.0325, -0.0685], [34.0325, -0.06875], [34.034, -0.06875], [34.034, -0.069], [34.03475, -0.069], [34.03475, -0.06925], [34.035, -0.06925], [34.035, -0.0695], [34.03475, -0.0695], [34.03475, -0.06975], [34.0345, -0.06975], [34.0345, -0.07050000000000001], [34.03475, -0.07050000000000001], [34.03475, -0.07100000000000001], [34.035, -0.07100000000000001], [34.035, -0.07125000000000001], [34.03525, -0.07125000000000001], [34.03525, -0.07150000000000001], [34.0355, -0.07150000000000001], [34.0355, -0.07175000000000001], [34.03675, -0.07175000000000001], [34.03675, -0.07200000000000001], [34.037, -0.07200000000000001], [34.037, -0.07175000000000001], [34.03725, -0.07175000000000001], [34.03725, -0.07125000000000001], [34.0375, -0.07125000000000001], [34.0375, -0.07050000000000001], [34.03775, -0.07050000000000001], [34.03775, -0.07025], [34.03825, -0.07025], [34.03825, -0.07050000000000001], [34.039, -0.07050000000000001], [34.039, -0.07025], [34.03925, -0.07025], [34.03925, -0.06975], [34.0395, -0.06975], [34.0395, -0.0695], [34.04025, -0.0695], [34.04025, -0.069], [34.0405, -0.069], [34.0405, -0.06875], [34.04075, -0.06875], [34.04075, -0.06775], [34.041, -0.06775], [34.041, -0.06725], [34.04125, -0.06725], [34.04125, -0.06675], [34.0415, -0.06675], [34.0415, -0.066], [34.04175, -0.066], [34.04175, -0.0655], [34.042, -0.0655], [34.042, -0.06525], [34.04175, -0.06525], [34.04175, -0.065], [34.042, -0.065], [34.042, -0.06425], [34.04225, -0.06425], [34.04225, -0.0635], [34.0425, -0.0635], [34.0425, -0.063], [34.04275, -0.063], [34.04275, -0.06225], [34.043, -0.06225], [34.043, -0.0615], [34.04275, -0.0615], [34.04275, -0.06125], [34.04225, -0.06125], [34.04225, -0.06075], [34.042, -0.06075], [34.042, -0.06025], [34.04225, -0.06025], [34.04225, -0.059500000000000004], [34.042, -0.059500000000000004], [34.042, -0.0585], [34.04175, -0.0585], [34.04175, -0.0575], [34.0415, -0.0575], [34.0415, -0.05625], [34.04125, -0.05625], [34.04125, -0.05525], [34.041, -0.05525], [34.041, -0.0545], [34.04075, -0.0545], [34.04075, -0.0525], [34.0405, -0.0525], [34.0405, -0.05275], [34.04025, -0.05275], [34.04025, -0.0525], [34.03975, -0.0525], [34.03975, -0.051500000000000004], [34.04075, -0.051500000000000004], [34.04075, -0.051250000000000004], [34.041, -0.051250000000000004], [34.041, -0.05075], [34.04075, -0.05075], [34.04075, -0.0505], [34.0405, -0.0505], [34.0405, -0.0495], [34.04025, -0.0495], [34.04025, -0.049], [34.03975, -0.049], [34.03975, -0.05025], [34.04025, -0.05025], [34.04025, -0.05075], [34.03975, -0.05075], [34.03975, -0.051250000000000004], [34.0395, -0.051250000000000004], [34.0395, -0.051000000000000004], [34.03925, -0.051000000000000004], [34.03925, -0.05075], [34.039, -0.05075], [34.039, -0.05025], [34.03875, -0.05025], [34.03875, -0.0495], [34.0385, -0.0495], [34.0385, -0.049], [34.03825, -0.049], [34.03825, -0.0485], [34.038, -0.0485], [34.038, -0.048], [34.03775, -0.048], [34.03775, -0.0475], [34.0375, -0.0475], [34.0375, -0.04725], [34.03725, -0.04725], [34.03725, -0.0465], [34.037, -0.0465], [34.037, -0.04625], [34.03675, -0.04625], [34.03675, -0.04575], [34.03625, -0.04575], [34.03625, -0.0455], [34.036, -0.0455], [34.036, -0.04525], [34.03575, -0.04525], [34.03575, -0.045], [34.0355, -0.045], [34.0355, -0.04475], [34.03525, -0.04475], [34.03525, -0.0445], [34.035, -0.0445], [34.035, -0.04425], [34.03475, -0.04425], [34.03475, -0.043750000000000004], [34.0345, -0.043750000000000004], [34.0345, -0.043500000000000004], [34.034, -0.043500000000000004], [34.034, -0.043000000000000003], [34.03375, -0.043000000000000003], [34.03375, -0.043500000000000004], [34.03275, -0.043500000000000004], [34.03275, -0.043000000000000003], [34.03225, -0.043000000000000003], [34.03225, -0.043500000000000004], [34.03175, -0.043500000000000004], [34.03175, -0.043000000000000003], [34.03125, -0.043000000000000003], [34.03125, -0.04275], [34.03075, -0.04275], [34.03075, -0.0425], [34.0305, -0.0425], [34.0305, -0.04225], [34.03025, -0.04225], [34.03025, -0.042], [34.0295, -0.042], [34.0295, -0.04175], [34.02875, -0.04175], [34.02875, -0.0415], [34.028, -0.0415], [34.028, -0.04175], [34.02775, -0.04175], [34.02775, -0.0415], [34.0265, -0.0415], [34.0265, -0.04175], [34.0255, -0.04175], [34.0255, -0.042], [34.025, -0.042], [34.025, -0.04225], [34.02475, -0.04225], [34.02475, -0.0425], [34.02425, -0.0425], [34.02425, -0.043750000000000004], [34.024, -0.043750000000000004], [34.024, -0.044], [34.02375, -0.044], [34.02375, -0.04425], [34.0235, -0.04425], [34.0235, -0.04525], [34.02175, -0.04525], [34.02175, -0.045], [34.02075, -0.045], [34.02075, -0.04525], [34.0205, -0.04525], [34.0205, -0.045], [34.01875, -0.045], [34.01875, -0.04525], [34.018, -0.04525], [34.018, -0.0455], [34.01725, -0.0455], [34.01725, -0.045], [34.01675, -0.045], [34.01675, -0.0445], [34.01625, -0.0445], [34.01625, -0.04425], [34.0155, -0.04425], [34.0155, -0.044], [34.01475, -0.044], [34.01475, -0.04425], [34.01425, -0.04425], [34.01425, -0.044], [34.014, -0.044], [34.014, -0.04425], [34.01375, -0.04425], [34.01375, -0.045], [34.014, -0.045], [34.014, -0.0455], [34.01375, -0.0455], [34.01375, -0.046], [34.0135, -0.046], [34.0135, -0.04625], [34.01275, -0.04625], [34.01275, -0.0465], [34.01225, -0.0465], [34.01225, -0.047], [34.01175, -0.047], [34.01175, -0.04725], [34.01125, -0.04725], [34.01125, -0.0475], [34.01075, -0.0475], [34.01075, -0.04725], [34.0105, -0.04725], [34.0105, -0.047], [34.01025, -0.047], [34.01025, -0.04725], [34.00975, -0.04725], [34.00975, -0.04625], [34.0095, -0.04625], [34.0095, -0.0445], [34.00975, -0.0445], [34.00975, -0.04425], [34.01075, -0.04425], [34.01075, -0.044], [34.01125, -0.044], [34.01125, -0.043000000000000003], [34.0115, -0.043000000000000003], [34.0115, -0.04275], [34.01125, -0.04275], [34.01125, -0.04225], [34.011, -0.04225], [34.011, -0.04175], [34.0105, -0.04175], [34.0105, -0.041], [34.01075, -0.041], [34.01075, -0.04075], [34.01125, -0.04075], [34.01125, -0.0405], [34.0115, -0.0405], [34.0115, -0.04025], [34.012, -0.04025], [34.012, -0.03925], [34.01125, -0.03925], [34.01125, -0.0385], [34.0115, -0.0385], [34.0115, -0.038], [34.01175, -0.038], [34.01175, -0.03775], [34.012, -0.03775], [34.012, -0.03675], [34.01175, -0.03675], [34.01175, -0.035750000000000004], [34.0115, -0.035750000000000004], [34.0115, -0.035500000000000004], [34.01125, -0.035500000000000004], [34.01125, -0.035250000000000004], [34.01075, -0.035250000000000004], [34.01075, -0.035], [34.01, -0.035], [34.01, -0.03475], [34.0095, -0.03475], [34.0095, -0.0345], [34.00925, -0.0345], [34.00925, -0.03425], [34.0085, -0.03425], [34.0085, -0.03325], [34.00875, -0.03325], [34.00875, -0.032], [34.00925, -0.032], [34.00925, -0.03075], [34.0095, -0.03075], [34.0095, -0.03025], [34.00975, -0.03025], [34.00975, -0.0305], [34.01025, -0.0305], [34.01025, -0.029750000000000002], [34.0105, -0.029750000000000002], [34.0105, -0.02925], [34.01075, -0.02925], [34.01075, -0.029750000000000002], [34.0115, -0.029750000000000002], [34.0115, -0.03], [34.01275, -0.03], [34.01275, -0.029750000000000002], [34.01325, -0.029750000000000002], [34.01325, -0.029], [34.0135, -0.029], [34.0135, -0.02825], [34.01375, -0.02825], [34.01375, -0.028], [34.014, -0.028], [34.014, -0.02725], [34.01425, -0.02725], [34.01425, -0.027], [34.015, -0.027], [34.015, -0.0265], [34.01475, -0.0265], [34.01475, -0.02625], [34.0145, -0.02625], [34.0145, -0.025750000000000002], [34.014, -0.025750000000000002], [34.014, -0.02425], [34.01375, -0.02425], [34.01375, -0.0235], [34.0135, -0.0235], [34.0135, -0.023], [34.01325, -0.023], [34.01325, -0.022], [34.013, -0.022], [34.013, -0.021500000000000002], [34.01275, -0.021500000000000002], [34.01275, -0.021], [34.01225, -0.021], [34.01225, -0.02075], [34.012, -0.02075], [34.012, -0.02025], [34.01175, -0.02025], [34.01175, -0.01925], [34.0115, -0.01925], [34.0115, -0.01875], [34.01125, -0.01875], [34.01125, -0.01825], [34.011, -0.01825], [34.011, -0.017750000000000002], [34.01075, -0.017750000000000002], [34.01075, -0.0175], [34.0105, -0.0175], [34.0105, -0.01725], [34.01025, -0.01725], [34.01025, -0.017], [34.01, -0.017], [34.01, -0.01675], [34.00975, -0.01675], [34.00975, -0.0165], [34.0095, -0.0165], [34.0095, -0.016], [34.00925, -0.016], [34.00925, -0.015], [34.00875, -0.015], [34.00875, -0.014750000000000001], [34.0085, -0.014750000000000001], [34.0085, -0.01425], [34.00825, -0.01425], [34.00825, -0.0135], [34.0085, -0.0135], [34.0085, -0.01325], [34.00825, -0.01325], [34.00825, -0.012750000000000001], [34.008, -0.012750000000000001], [34.008, -0.0115], [34.00775, -0.0115], [34.00775, -0.01125], [34.0075, -0.01125], [34.0075, -0.011], [34.0065, -0.011], [34.0065, -0.010750000000000001], [34.00625, -0.010750000000000001], [34.00625, -0.0105], [34.006, -0.0105], [34.006, -0.01], [34.00575, -0.01], [34.00575, -0.00975], [34.00525, -0.00975], [34.00525, -0.00925], [34.005, -0.00925], [34.005, -0.009000000000000001], [34.00475, -0.009000000000000001], [34.00475, -0.008], [34.0045, -0.008], [34.0045, -0.00775], [34.00425, -0.00775], [34.00425, -0.006500000000000001], [34.004, -0.006500000000000001], [34.004, -0.006], [34.00375, -0.006], [34.00375, -0.00575], [34.0035, -0.00575], [34.0035, -0.0055], [34.003, -0.0055], [34.003, -0.005], [34.00275, -0.005], [34.00275, -0.0045000000000000005], [34.0025, -0.0045000000000000005], [34.0025, -0.00425], [34.00225, -0.00425], [34.00225, -0.004], [34.00175, -0.004], [34.00175, -0.00375], [34.0015, -0.00375], [34.0015, -0.0032500000000000003], [34.00125, -0.0032500000000000003], [34.00125, -0.00275], [34.001, -0.00275], [34.001, -0.0022500000000000003], [34.00075, -0.0022500000000000003], [34.00075, -0.00125], [34.0005, -0.00125], [34.0005, -0.0005], [34.00025, -0.0005], [34.00025, -0.00025], [34.0005, -0.00025], [34.0005, 0.0], [34.0, 0.0], [34.0, -0.12425], [34.00025, -0.12425], [34.00025, -0.124], [34.0005, -0.124], [34.0005, -0.12375], [34.00075, -0.12375], [34.00075, -0.1235], [34.001, -0.1235], [34.001, -0.12325], [34.00125, -0.12325], [34.00125, -0.123], [34.00175, -0.123], [34.00175, -0.1225], [34.00275, -0.1225], [34.00275, -0.123], [34.0035, -0.123], [34.0035, -0.12325], [34.004, -0.12325], [34.004, -0.1235], [34.00425, -0.1235], [34.00425, -0.12375], [34.00625, -0.12375], [34.00625, -0.124], [34.0065, -0.124], [34.0065, -0.12425], [34.00675, -0.12425], [34.00675, -0.1245], [34.00725, -0.1245], [34.00725, -0.12475], [34.00775, -0.12475], [34.00775, -0.125], [34.00825, -0.125], [34.00825, -0.12525], [34.00975, -0.12525], [34.00975, -0.125], [34.01075, -0.125], [34.01075, -0.12525], [34.01125, -0.12525], [34.01125, -0.1255], [34.0115, -0.1255], [34.0115, -0.12575], [34.01175, -0.12575], [34.01175, -0.126], [34.012, -0.126], [34.012, -0.12675], [34.01225, -0.12675], [34.01225, -0.127], [34.01275, -0.127], [34.01275, -0.12725], [34.013, -0.12725], [34.013, -0.12775], [34.0135, -0.12775], [34.0135, -0.128], [34.014, -0.128], [34.014, -0.12825], [34.0145, -0.12825], [34.0145, -0.1285], [34.015, -0.1285], [34.015, -0.12875], [34.016, -0.12875], [34.016, -0.129], [34.017, -0.129], [34.017, -0.12875], [34.0175, -0.12875], [34.0175, -0.1285], [34.01825, -0.1285], [34.01825, -0.12825], [34.0185, -0.12825], [34.0185, -0.128], [34.01875, -0.128], [34.01875, -0.12775], [34.0195, -0.12775], [34.0195, -0.128], [34.01975, -0.128], [34.01975, -0.1285], [34.02, -0.1285], [34.02, -0.12875], [34.02025, -0.12875], [34.02025, -0.129], [34.0205, -0.129], [34.0205, -0.12925], [34.021, -0.12925], [34.021, -0.12975], [34.02125, -0.12975], [34.02125, -0.13], [34.0215, -0.13], [34.0215, -0.13025], [34.02175, -0.13025], [34.02175, -0.1305], [34.022, -0.1305], [34.022, -0.13075], [34.02225, -0.13075], [34.02225, -0.13125], [34.0225, -0.13125], [34.0225, -0.1315], [34.023, -0.1315], [34.023, -0.13175], [34.02325, -0.13175], [34.02325, -0.132], [34.02375, -0.132], [34.02375, -0.1325], [34.024, -0.1325], [34.024, -0.13275], [34.02425, -0.13275], [34.02425, -0.1335], [34.02475, -0.1335], [34.02475, -0.13375], [34.025, -0.13375], [34.025, -0.134], [34.02525, -0.134], [34.02525, -0.13425], [34.02575, -0.13425], [34.02575, -0.1345], [34.02675, -0.1345], [34.02675, -0.13475], [34.02875, -0.13475], [34.02875, -0.1345], [34.029, -0.1345], [34.029, -0.13425], [34.0295, -0.13425], [34.0295, -0.134], [34.03, -0.134], [34.03, -0.1335], [34.03025, -0.1335], [34.03025, -0.13325], [34.03075, -0.13325], [34.03075, -0.13225], [34.0315, -0.13225], [34.0315, -0.13125], [34.03175, -0.13125], [34.03175, -0.1305], [34.03275, -0.1305], [34.03275, -0.13025], [34.033, -0.13025], [34.033, -0.13], [34.0335, -0.13], [34.0335, -0.12975], [34.03425, -0.12975], [34.03425, -0.12925], [34.035, -0.12925], [34.035, -0.12975], [34.03525, -0.12975], [34.03525, -0.12925], [34.03675, -0.12925], [34.03675, -0.129], [34.037, -0.129], [34.037, -0.12875], [34.0375, -0.12875], [34.0375, -0.1285], [34.03775, -0.1285], [34.03775, -0.12825], [34.03875, -0.12825], [34.03875, -0.1285], [34.039, -0.1285], [34.039, -0.12825], [34.03925, -0.12825], [34.03925, -0.128], [34.04025, -0.128], [34.04025, -0.12775], [34.04075, -0.12775], [34.04075, -0.12725], [34.041, -0.12725], [34.041, -0.127], [34.04125, -0.127], [34.04125, -0.1265], [34.0415, -0.1265], [34.0415, -0.126], [34.043, -0.126], [34.043, -0.1265], [34.04375, -0.1265], [34.04375, -0.127], [34.04325, -0.127], [34.04325, -0.12725], [34.043, -0.12725], [34.043, -0.128], [34.04275, -0.128], [34.04275, -0.1285], [34.0425, -0.1285], [34.0425, -0.12875], [34.042, -0.12875], [34.042, -0.129], [34.0415, -0.129], [34.0415, -0.12925], [34.041, -0.12925], [34.041, -0.12975], [34.04075, -0.12975], [34.04075, -0.13], [34.0405, -0.13], [34.0405, -0.1305], [34.04025, -0.1305], [34.04025, -0.13075], [34.03975, -0.13075], [34.03975, -0.13125], [34.0395, -0.13125], [34.0395, -0.132], [34.03925, -0.132], [34.03925, -0.13225], [34.03875, -0.13225], [34.03875, -0.1325], [34.03825, -0.1325], [34.03825, -0.13225], [34.038, -0.13225], [34.038, -0.13275], [34.03675, -0.13275], [34.03675, -0.13325], [34.035, -0.13325], [34.035, -0.1335], [34.03475, -0.1335], [34.03475, -0.13375], [34.0345, -0.13375], [34.0345, -0.134], [34.03375, -0.134], [34.03375, -0.1345], [34.0335, -0.1345], [34.0335, -0.13475], [34.033, -0.13475], [34.033, -0.13525], [34.03225, -0.13525], [34.03225, -0.1355], [34.032, -0.1355], [34.032, -0.13575], [34.03175, -0.13575], [34.03175, -0.13525], [34.0305, -0.13525], [34.0305, -0.1355], [34.03025, -0.1355], [34.03025, -0.13575], [34.03, -0.13575], [34.03, -0.13925], [34.03025, -0.13925], [34.03025, -0.14100000000000001], [34.0305, -0.14100000000000001], [34.0305, -0.14175000000000001], [34.03075, -0.14175000000000001], [34.03075, -0.14200000000000002], [34.031, -0.14200000000000002], [34.031, -0.14225000000000002], [34.03125, -0.14225000000000002], [34.03125, -0.14250000000000002], [34.031, -0.14250000000000002], [34.031, -0.14275000000000002], [34.03075, -0.14275000000000002], [34.03075, -0.14300000000000002], [34.0305, -0.14300000000000002], [34.0305, -0.14325000000000002], [34.0295, -0.14325000000000002], [34.0295, -0.14275000000000002], [34.0285, -0.14275000000000002], [34.0285, -0.14250000000000002], [34.02825, -0.14250000000000002], [34.02825, -0.14225000000000002], [34.02725, -0.14225000000000002], [34.02725, -0.14200000000000002], [34.027, -0.14200000000000002], [34.027, -0.14150000000000001], [34.0265, -0.14150000000000001], [34.0265, -0.14175000000000001], [34.0255, -0.14175000000000001], [34.0255, -0.14150000000000001], [34.025, -0.14150000000000001], [34.025, -0.14125000000000001], [34.02225, -0.14125000000000001], [34.02225, -0.14150000000000001], [34.022, -0.14150000000000001], [34.022, -0.14175000000000001], [34.02175, -0.14175000000000001], [34.02175, -0.14250000000000002], [34.0215, -0.14250000000000002], [34.0215, -0.14300000000000002], [34.02175, -0.14300000000000002], [34.02175, -0.14375000000000002], [34.02125, -0.14375000000000002], [34.02125, -0.14325000000000002], [34.02, -0.14325000000000002], [34.02, -0.14300000000000002], [34.0195, -0.14300000000000002], [34.0195, -0.14275000000000002], [34.01825, -0.14275000000000002], [34.01825, -0.14250000000000002], [34.0175, -0.14250000000000002], [34.0175, -0.14225000000000002], [34.01725, -0.14225000000000002], [34.01725, -0.14200000000000002], [34.01625, -0.14200000000000002], [34.01625, -0.14250000000000002], [34.01475, -0.14250000000000002], [34.01475, -0.14225000000000002], [34.01425, -0.14225000000000002], [34.01425, -0.14250000000000002], [34.01375, -0.14250000000000002], [34.01375, -0.14200000000000002], [34.0135, -0.14200000000000002], [34.0135, -0.14150000000000001], [34.01325, -0.14150000000000001], [34.01325, -0.14175000000000001], [34.013, -0.14175000000000001], [34.013, -0.14150000000000001], [34.01225, -0.14150000000000001], [34.01225, -0.14100000000000001], [34.012, -0.14100000000000001], [34.012, -0.14075000000000001], [34.01175, -0.14075000000000001], [34.01175, -0.14100000000000001], [34.01125, -0.14100000000000001], [34.01125, -0.14075000000000001], [34.011, -0.14075000000000001], [34.011, -0.14025], [34.01025, -0.14025], [34.01025, -0.13925], [34.01, -0.13925], [34.01, -0.139], [34.00925, -0.139], [34.00925, -0.13875], [34.00875, -0.13875], [34.00875, -0.1385], [34.00725, -0.1385], [34.00725, -0.13825], [34.0065, -0.13825], [34.0065, -0.1385], [34.00575, -0.1385], [34.00575, -0.13875], [34.00525, -0.13875], [34.00525, -0.13925], [34.005, -0.13925], [34.005, -0.13975], [34.00525, -0.13975], [34.00525, -0.14075000000000001], [34.00375, -0.14075000000000001], [34.00375, -0.1405], [34.0035, -0.1405], [34.0035, -0.1395], [34.00375, -0.1395], [34.00375, -0.139], [34.0035, -0.139], [34.0035, -0.13875], [34.00325, -0.13875], [34.00325, -0.1385], [34.0025, -0.1385], [34.0025, -0.13825], [34.00175, -0.13825], [34.00175, -0.138], [34.00125, -0.138], [34.00125, -0.13775], [34.001, -0.13775], [34.001, -0.1375], [34.0005, -0.1375], [34.0005, -0.13725], [34.00025, -0.13725], [34.00025, -0.137], [34.0, -0.137], [34.0, -0.4385], [34.00275, -0.4385], [34.00275, -0.43825000000000003], [34.00325, -0.43825000000000003], [34.00325, -0.438], [34.00375, -0.438], [34.00375, -0.43775000000000003], [34.004, -0.43775000000000003], [34.004, -0.438], [34.00425, -0.438], [34.00425, -0.43775000000000003], [34.00725, -0.43775000000000003], [34.00725, -0.4375], [34.00825, -0.4375], [34.00825, -0.437], [34.00925, -0.437], [34.00925, -0.43675], [34.0095, -0.43675], [34.0095, -0.4365], [34.01025, -0.4365], [34.01025, -0.43625], [34.011, -0.43625], [34.011, -0.4365], [34.0115, -0.4365], [34.0115, -0.43675], [34.01175, -0.43675], [34.01175, -0.437], [34.01275, -0.437], [34.01275, -0.4375], [34.01325, -0.4375], [34.01325, -0.43775000000000003], [34.01375, -0.43775000000000003], [34.01375, -0.4375], [34.01475, -0.4375], [34.01475, -0.437], [34.015, -0.437], [34.015, -0.43675], [34.0155, -0.43675], [34.0155, -0.4365], [34.016, -0.4365], [34.016, -0.43625], [34.01625, -0.43625], [34.01625, -0.436], [34.01675, -0.436], [34.01675, -0.43575], [34.017, -0.43575], [34.017, -0.4355], [34.0175, -0.4355], [34.0175, -0.43525], [34.01775, -0.43525], [34.01775, -0.435], [34.01825, -0.435], [34.01825, -0.43475], [34.0185, -0.43475], [34.0185, -0.4345], [34.01875, -0.4345], [34.01875, -0.43425], [34.019, -0.43425], [34.019, -0.434], [34.0195, -0.434], [34.0195, -0.43325], [34.01975, -0.43325], [34.01975, -0.43275], [34.02, -0.43275], [34.02, -0.4325], [34.02025, -0.4325], [34.02025, -0.432], [34.0205, -0.432], [34.0205, -0.4315], [34.02075, -0.4315], [34.02075, -0.4305], [34.0205, -0.4305], [34.0205, -0.429], [34.02075, -0.429], [34.02075, -0.42875], [34.021, -0.42875], [34.021, -0.4285], [34.02175, -0.4285], [34.02175, -0.42825], [34.02225, -0.42825], [34.02225, -0.4275], [34.0225, -0.4275], [34.0225, -0.42725], [34.0235, -0.42725], [34.0235, -0.427], [34.02375, -0.427], [34.02375, -0.4265], [34.024, -0.4265], [34.024, -0.42625], [34.02425, -0.42625], [34.02425, -0.426], [34.0245, -0.426], [34.0245, -0.42575], [34.02475, -0.42575], [34.02475, -0.4255], [34.025, -0.4255], [34.025, -0.42525], [34.02525, -0.42525], [34.02525, -0.425], [34.0255, -0.425], [34.0255, -0.42475], [34.02575, -0.42475], [34.02575, -0.4245], [34.026, -0.4245], [34.026, -0.42425], [34.0265, -0.42425], [34.0265, -0.424], [34.02725, -0.424], [34.02725, -0.42375], [34.0275, -0.42375], [34.0275, -0.423], [34.02775, -0.423], [34.02775, -0.4225], [34.02825, -0.4225], [34.02825, -0.42225], [34.02875, -0.42225], [34.02875, -0.422], [34.0295, -0.422], [34.0295, -0.42225], [34.031, -0.42225], [34.031, -0.4225], [34.032, -0.4225], [34.032, -0.42275], [34.03225, -0.42275], [34.03225, -0.423], [34.0325, -0.423], [34.0325, -0.42375], [34.03275, -0.42375], [34.03275, -0.424], [34.033, -0.424], [34.033, -0.42425], [34.0335, -0.42425], [34.0335, -0.42475], [34.034, -0.42475], [34.034, -0.425], [34.03425, -0.425], [34.03425, -0.42525], [34.0345, -0.42525], [34.0345, -0.4255], [34.03475, -0.4255], [34.03475, -0.42575], [34.035, -0.42575], [34.035, -0.426], [34.0355, -0.426], [34.0355, -0.42625], [34.03575, -0.42625], [34.03575, -0.4265], [34.03625, -0.4265], [34.03625, -0.42725], [34.03675, -0.42725], [34.03675, -0.4275], [34.037, -0.4275], [34.037, -0.42825], [34.03725, -0.42825], [34.03725, -0.4285], [34.0375, -0.4285], [34.0375, -0.42875], [34.03775, -0.42875], [34.03775, -0.4295], [34.038, -0.4295], [34.038, -0.43], [34.03825, -0.43], [34.03825, -0.43075], [34.0385, -0.43075], [34.0385, -0.431], [34.03875, -0.431], [34.03875, -0.43125], [34.039, -0.43125], [34.039, -0.43175], [34.03925, -0.43175], [34.03925, -0.432], [34.0395, -0.432], [34.0395, -0.4325], [34.03975, -0.4325], [34.03975, -0.433], [34.04025, -0.433], [34.04025, -0.4335], [34.0405, -0.4335], [34.0405, -0.43425], [34.04075, -0.43425], [34.04075, -0.43475], [34.04125, -0.43475], [34.04125, -0.435], [34.0415, -0.435], [34.0415, -0.43525], [34.04175, -0.43525], [34.04175, -0.4355], [34.042, -0.4355], [34.042, -0.43575], [34.04225, -0.43575], [34.04225, -0.436], [34.0425, -0.436], [34.0425, -0.43675], [34.04275, -0.43675], [34.04275, -0.4375], [34.043, -0.4375], [34.043, -0.43775000000000003], [34.04325, -0.43775000000000003], [34.04325, -0.438], [34.04375, -0.438], [34.04375, -0.4385], [34.044, -0.4385], [34.044, -0.43875000000000003], [34.04425, -0.43875000000000003], [34.04425, -0.439], [34.0445, -0.439], [34.0445, -0.43925000000000003], [34.04475, -0.43925000000000003], [34.04475, -0.43975000000000003], [34.045, -0.43975000000000003], [34.045, -0.44], [34.04525, -0.44], [34.04525, -0.44025000000000003], [34.0455, -0.44025000000000003], [34.0455, -0.4405], [34.046, -0.4405], [34.046, -0.441], [34.04625, -0.441], [34.04625, -0.44125000000000003], [34.04675, -0.44125000000000003], [34.04675, -0.4415], [34.04725, -0.4415], [34.04725, -0.44175000000000003], [34.0475, -0.44175000000000003], [34.0475, -0.4425], [34.048, -0.4425], [34.048, -0.44275000000000003], [34.04825, -0.44275000000000003], [34.04825, -0.443], [34.0485, -0.443], [34.0485, -0.4435], [34.049, -0.4435], [34.049, -0.44375000000000003], [34.04925, -0.44375000000000003], [34.04925, -0.44425000000000003], [34.0495, -0.44425000000000003], [34.0495, -0.4445], [34.04975, -0.4445], [34.04975, -0.44475000000000003], [34.05025, -0.44475000000000003], [34.05025, -0.445], [34.051, -0.445], [34.051, -0.44525000000000003], [34.05125, -0.44525000000000003], [34.05125, -0.4455], [34.0515, -0.4455], [34.0515, -0.44575000000000004], [34.05175, -0.44575000000000004], [34.05175, -0.446], [34.052, -0.446], [34.052, -0.44625000000000004], [34.05225, -0.44625000000000004], [34.05225, -0.4465], [34.0525, -0.4465], [34.0525, -0.44675000000000004], [34.05275, -0.44675000000000004], [34.05275, -0.447], [34.053, -0.447], [34.053, -0.44725000000000004], [34.0535, -0.44725000000000004], [34.0535, -0.44775000000000004], [34.05375, -0.44775000000000004], [34.05375, -0.448], [34.05475, -0.448], [34.05475, -0.44825], [34.05525, -0.44825], [34.05525, -0.4485], [34.05575, -0.4485], [34.05575, -0.44875], [34.0565, -0.44875], [34.0565, -0.449], [34.057, -0.449], [34.057, -0.44925], [34.05775, -0.44925], [34.05775, -0.4495], [34.058, -0.4495], [34.058, -0.44975], [34.05825, -0.44975], [34.05825, -0.45], [34.05875, -0.45], [34.05875, -0.45025], [34.05925, -0.45025], [34.05925, -0.4505], [34.0595, -0.4505], [34.0595, -0.45075], [34.05975, -0.45075], [34.05975, -0.45125], [34.06, -0.45125], [34.06, -0.4515], [34.06025, -0.4515], [34.06025, -0.45225], [34.0605, -0.45225], [34.0605, -0.4525], [34.06025, -0.4525], [34.06025, -0.45275], [34.0605, -0.45275], [34.0605, -0.45375], [34.061, -0.45375], [34.061, -0.454], [34.0605, -0.454], [34.0605, -0.45425], [34.061, -0.45425], [34.061, -0.4555], [34.06125, -0.4555], [34.06125, -0.456], [34.0615, -0.456], [34.0615, -0.45625], [34.06175, -0.45625], [34.06175, -0.45675], [34.062, -0.45675], [34.062, -0.457], [34.06225, -0.457], [34.06225, -0.45775], [34.0625, -0.45775], [34.0625, -0.45875], [34.06275, -0.45875], [34.06275, -0.45925], [34.063, -0.45925], [34.063, -0.46025], [34.06325, -0.46025], [34.06325, -0.461], [34.0635, -0.461], [34.0635, -0.46175], [34.06375, -0.46175], [34.06375, -0.46275], [34.0635, -0.46275], [34.0635, -0.463], [34.06375, -0.463], [34.06375, -0.46325], [34.064, -0.46325], [34.064, -0.46525], [34.0645, -0.46525], [34.0645, -0.46575], [34.06475, -0.46575], [34.06475, -0.46625], [34.065, -0.46625], [34.065, -0.46675], [34.06525, -0.46675], [34.06525, -0.4675], [34.0655, -0.4675], [34.0655, -0.46775], [34.06575, -0.46775], [34.06575, -0.468], [34.06625, -0.468], [34.06625, -0.46925], [34.0665, -0.46925], [34.0665, -0.46950000000000003], [34.06675, -0.46950000000000003], [34.06675, -0.46975], [34.067, -0.46975], [34.067, -0.47025], [34.06725, -0.47025], [34.06725, -0.47050000000000003], [34.0675, -0.47050000000000003], [34.0675, -0.47075], [34.068, -0.47075], [34.068, -0.47100000000000003], [34.0685, -0.47100000000000003], [34.0685, -0.47150000000000003], [34.06875, -0.47150000000000003], [34.06875, -0.47200000000000003], [34.069, -0.47200000000000003], [34.069, -0.47225], [34.06925, -0.47225], [34.06925, -0.47250000000000003], [34.0695, -0.47250000000000003], [34.0695, -0.47275], [34.06975, -0.47275], [34.06975, -0.47300000000000003], [34.07, -0.47300000000000003], [34.07, -0.47350000000000003], [34.0695, -0.47350000000000003], [34.0695, -0.47400000000000003], [34.06925, -0.47400000000000003], [34.06925, -0.47425], [34.069, -0.47425], [34.069, -0.47450000000000003], [34.06875, -0.47450000000000003], [34.06875, -0.47475], [34.0685, -0.47475], [34.0685, -0.47550000000000003], [34.06825, -0.47550000000000003], [34.06825, -0.47600000000000003], [34.0675, -0.47600000000000003], [34.0675, -0.47625], [34.06725, -0.47625], [34.06725, -0.47650000000000003], [34.067, -0.47650000000000003], [34.067, -0.47725], [34.06675, -0.47725], [34.06675, -0.47800000000000004], [34.0665, -0.47800000000000004], [34.0665, -0.47925], [34.06625, -0.47925], [34.06625, -0.47950000000000004], [34.066, -0.47950000000000004], [34.066, -0.47975], [34.06575, -0.47975], [34.06575, -0.48], [34.0655, -0.48], [34.0655, -0.48025], [34.06525, -0.48025], [34.06525, -0.4805], [34.065, -0.4805], [34.065, -0.48075], [34.06475, -0.48075], [34.06475, -0.481], [34.0645, -0.481], [34.0645, -0.48125], [34.064, -0.48125], [34.064, -0.4815], [34.06325, -0.4815], [34.06325, -0.48175], [34.063, -0.48175], [34.063, -0.48225], [34.06275, -0.48225], [34.06275, -0.4825], [34.06225, -0.4825], [34.06225, -0.48275], [34.062, -0.48275], [34.062, -0.483], [34.06175, -0.483], [34.06175, -0.48325], [34.0615, -0.48325], [34.0615, -0.4835], [34.06125, -0.4835], [34.06125, -0.484], [34.061, -0.484], [34.061, -0.48425], [34.0605, -0.48425], [34.0605, -0.4845], [34.06025, -0.4845], [34.06025, -0.48475], [34.06, -0.48475], [34.06, -0.485], [34.05925, -0.485], [34.05925, -0.48475], [34.0575, -0.48475], [34.0575, -0.485], [34.057, -0.485], [34.057, -0.48475], [34.05525, -0.48475], [34.05525, -0.485], [34.055, -0.485], [34.055, -0.48525], [34.05425, -0.48525], [34.05425, -0.48575], [34.0535, -0.48575], [34.0535, -0.486], [34.0525, -0.486], [34.0525, -0.48625], [34.05225, -0.48625], [34.05225, -0.4865], [34.05175, -0.4865], [34.05175, -0.48675], [34.0515, -0.48675], [34.0515, -0.48725], [34.051, -0.48725], [34.051, -0.4875], [34.05075, -0.4875], [34.05075, -0.48775], [34.05025, -0.48775], [34.05025, -0.488], [34.04975, -0.488], [34.04975, -0.4885], [34.0495, -0.4885], [34.0495, -0.48825], [34.04925, -0.48825], [34.04925, -0.4885], [34.049, -0.4885], [34.049, -0.48875], [34.04825, -0.48875], [34.04825, -0.48925], [34.04775, -0.48925], [34.04775, -0.4895], [34.04625, -0.4895], [34.04625, -0.48975], [34.04575, -0.48975], [34.04575, -0.49], [34.0455, -0.49], [34.0455, -0.49025], [34.045, -0.49025], [34.045, -0.49], [34.04475, -0.49], [34.04475, -0.49025], [34.04275, -0.49025], [34.04275, -0.4905], [34.042, -0.4905], [34.042, -0.491], [34.04175, -0.491], [34.04175, -0.4915], [34.04125, -0.4915], [34.04125, -0.49175], [34.041, -0.49175], [34.041, -0.492], [34.0375, -0.492], [34.0375, -0.49225], [34.037, -0.49225], [34.037, -0.492], [34.03525, -0.492], [34.03525, -0.49225], [34.03475, -0.49225], [34.03475, -0.49275], [34.0345, -0.49275], [34.0345, -0.493], [34.03175, -0.493], [34.03175, -0.49325], [34.03125, -0.49325], [34.03125, -0.4935], [34.03075, -0.4935], [34.03075, -0.49375], [34.0285, -0.49375], [34.0285, -0.494], [34.02825, -0.494], [34.02825, -0.49425], [34.0275, -0.49425], [34.0275, -0.4945], [34.02525, -0.4945], [34.02525, -0.49475], [34.02475, -0.49475], [34.02475, -0.495], [34.02425, -0.495], [34.02425, -0.49525], [34.024, -0.49525], [34.024, -0.4955], [34.02325, -0.4955], [34.02325, -0.49575], [34.022, -0.49575], [34.022, -0.4955], [34.0215, -0.4955], [34.0215, -0.49525], [34.02075, -0.49525], [34.02075, -0.495], [34.01975, -0.495], [34.01975, -0.49525], [34.01825, -0.49525], [34.01825, -0.4955], [34.0175, -0.4955], [34.0175, -0.49575], [34.01675, -0.49575], [34.01675, -0.49625], [34.01525, -0.49625], [34.01525, -0.4965], [34.015, -0.4965], [34.015, -0.497], [34.01475, -0.497], [34.01475, -0.49725], [34.0145, -0.49725], [34.0145, -0.4975], [34.01325, -0.4975], [34.01325, -0.49725], [34.01225, -0.49725], [34.01225, -0.497], [34.01075, -0.497], [34.01075, -0.49675], [34.00875, -0.49675], [34.00875, -0.4965], [34.00825, -0.4965], [34.00825, -0.49625], [34.008, -0.49625], [34.008, -0.49575], [34.00575, -0.49575], [34.00575, -0.4955], [34.0045, -0.4955], [34.0045, -0.49575], [34.0035, -0.49575], [34.0035, -0.4955], [34.00275, -0.4955], [34.00275, -0.49575], [34.0025, -0.49575], [34.0025, -0.49625], [34.0, -0.49625], [34.0, -0.55], [34.11175, -0.55], [34.11175, -0.549], [34.1115, -0.549], [34.1115, -0.548], [34.11125, -0.548], [34.11125, -0.54725], [34.111, -0.54725], [34.111, -0.54625], [34.11075, -0.54625], [34.11075, -0.54575], [34.1105, -0.54575], [34.1105, -0.5445], [34.11025, -0.5445], [34.11025, -0.54325], [34.11, -0.54325], [34.11, -0.5425], [34.11025, -0.5425], [34.11025, -0.542], [34.1105, -0.542], [34.1105, -0.5417500000000001], [34.11075, -0.5417500000000001], [34.11075, -0.5415], [34.111, -0.5415], [34.111, -0.53925], [34.11125, -0.53925], [34.11125, -0.539], [34.11175, -0.539], [34.11175, -0.5387500000000001], [34.11225, -0.5387500000000001], [34.11225, -0.53825], [34.113, -0.53825], [34.113, -0.538], [34.11325, -0.538], [34.11325, -0.5377500000000001], [34.1135, -0.5377500000000001], [34.1135, -0.53725], [34.11375, -0.53725], [34.11375, -0.537], [34.114, -0.537], [34.114, -0.5367500000000001], [34.11425, -0.5367500000000001], [34.11425, -0.5365], [34.1145, -0.5365], [34.1145, -0.53625], [34.11475, -0.53625], [34.11475, -0.536], [34.115, -0.536], [34.115, -0.5357500000000001], [34.11525, -0.5357500000000001], [34.11525, -0.53525], [34.1155, -0.53525], [34.1155, -0.535], [34.117, -0.535], [34.117, -0.53525], [34.118, -0.53525], [34.118, -0.5355], [34.11875, -0.5355], [34.11875, -0.5357500000000001], [34.11925, -0.5357500000000001], [34.11925, -0.536], [34.12, -0.536], [34.12, -0.5367500000000001], [34.11975, -0.5367500000000001], [34.11975, -0.542], [34.12, -0.542], [34.12, -0.5427500000000001], [34.12025, -0.5427500000000001], [34.12025, -0.54325], [34.1205, -0.54325], [34.1205, -0.5435], [34.12075, -0.5435], [34.12075, -0.544], [34.121, -0.544], [34.121, -0.5445], [34.12125, -0.5445], [34.12125, -0.545], [34.1215, -0.545], [34.1215, -0.547], [34.12175, -0.547], [34.12175, -0.548], [34.122, -0.548], [34.122, -0.5485], [34.12225, -0.5485], [34.12225, -0.54875], [34.1225, -0.54875], [34.1225, -0.549], [34.12325, -0.549], [34.12325, -0.54925], [34.12425, -0.54925], [34.12425, -0.5495], [34.125, -0.5495], [34.125, -0.54975], [34.12525, -0.54975], [34.12525, -0.55], [34.1255, -0.55], [34.1255, -0.54975], [34.12575, -0.54975], [34.12575, -0.5495], [34.128, -0.5495], [34.128, -0.54975], [34.1285, -0.54975], [34.1285, -0.55], [34.13025, -0.55], [34.13025, -0.54975], [34.13125, -0.54975], [34.13125, -0.5495], [34.132, -0.5495], [34.132, -0.54925], [34.1325, -0.54925], [34.1325, -0.5495], [34.13275, -0.5495], [34.13275, -0.54975], [34.133, -0.54975], [34.133, -0.5495], [34.1335, -0.5495], [34.1335, -0.55], [34.1375, -0.55], [34.1375, -0.54975], [34.13775, -0.54975], [34.13775, -0.5495], [34.13825, -0.5495], [34.13825, -0.54925], [34.1385, -0.54925], [34.1385, -0.549], [34.13875, -0.549], [34.13875, -0.54875], [34.139, -0.54875], [34.139, -0.5485], [34.13925, -0.5485], [34.13925, -0.54825], [34.13975, -0.54825], [34.13975, -0.548], [34.14, -0.548], [34.14, -0.5475], [34.1405, -0.5475], [34.1405, -0.547], [34.141, -0.547], [34.141, -0.54675], [34.14125, -0.54675], [34.14125, -0.5465], [34.1415, -0.5465], [34.1415, -0.54625], [34.14175, -0.54625], [34.14175, -0.546], [34.142, -0.546], [34.142, -0.54575], [34.14225, -0.54575], [34.14225, -0.54525], [34.1425, -0.54525], [34.1425, -0.545], [34.14275, -0.545], [34.14275, -0.5445], [34.143, -0.5445], [34.143, -0.5435], [34.14325, -0.5435], [34.14325, -0.54325], [34.1435, -0.54325], [34.1435, -0.543], [34.144, -0.543], [34.144, -0.5427500000000001], [34.14575, -0.5427500000000001], [34.14575, -0.543], [34.14675, -0.543], [34.14675, -0.5427500000000001], [34.14825, -0.5427500000000001], [34.14825, -0.5425], [34.15, -0.5425], [34.15, -0.54225], [34.15025, -0.54225], [34.15025, -0.542], [34.1505, -0.542], [34.1505, -0.5417500000000001], [34.15125, -0.5417500000000001], [34.15125, -0.54125], [34.15175, -0.54125], [34.15175, -0.541], [34.15225, -0.541], [34.15225, -0.5405], [34.153, -0.5405], [34.153, -0.54025], [34.15375, -0.54025], [34.15375, -0.5405], [34.1545, -0.5405], [34.1545, -0.541], [34.155, -0.541], [34.155, -0.54125], [34.15525, -0.54125], [34.15525, -0.5415], [34.15575, -0.5415], [34.15575, -0.5417500000000001], [34.156, -0.5417500000000001], [34.156, -0.542], [34.1565, -0.542], [34.1565, -0.54225], [34.15675, -0.54225], [34.15675, -0.5425], [34.15725, -0.5425], [34.15725, -0.5427500000000001], [34.15775, -0.5427500000000001], [34.15775, -0.543], [34.15825, -0.543], [34.15825, -0.54325], [34.16075, -0.54325], [34.16075, -0.543], [34.16125, -0.543], [34.16125, -0.5427500000000001], [34.1615, -0.5427500000000001], [34.1615, -0.5425], [34.16175, -0.5425], [34.16175, -0.54225], [34.162, -0.54225], [34.162, -0.542], [34.16225, -0.542], [34.16225, -0.5417500000000001], [34.1625, -0.5417500000000001], [34.1625, -0.5415], [34.16275, -0.5415], [34.16275, -0.54125], [34.163, -0.54125], [34.163, -0.541], [34.16325, -0.541], [34.16325, -0.54025], [34.1635, -0.54025], [34.1635, -0.54], [34.16375, -0.54], [34.16375, -0.53925], [34.1635, -0.53925], [34.1635, -0.539], [34.16375, -0.539], [34.16375, -0.5385], [34.164, -0.5385], [34.164, -0.538], [34.16425, -0.538], [34.16425, -0.537], [34.16475, -0.537], [34.16475, -0.536], [34.165, -0.536], [34.165, -0.53525], [34.1655, -0.53525], [34.1655, -0.5355], [34.16575, -0.5355], [34.16575, -0.5357500000000001], [34.16625, -0.5357500000000001]], [[34.07, -0.11525], [34.07025, -0.11525], [34.07025, -0.1155], [34.07, -0.1155], [34.07, -0.11525]], [[34.655, -0.35100000000000003], [34.65475, -0.35100000000000003], [34.65475, -0.35050000000000003], [34.655, -0.35050000000000003], [34.655, -0.35100000000000003]], [[34.53275, -0.3305], [34.5325, -0.3305], [34.5325, -0.33025], [34.533, -0.33025], [34.533, -0.32975], [34.5335, -0.32975], [34.5335, -0.3295], [34.53375, -0.3295], [34.53375, -0.3305], [34.5335, -0.3305], [34.5335, -0.33075], [34.53275, -0.33075], [34.53275, -0.3305]], [[34.488, -0.44875], [34.488, -0.449], [34.48775, -0.449], [34.48775, -0.44875], [34.488, -0.44875]], [[34.48475, -0.508], [34.48475, -0.50825], [34.48425, -0.50825], [34.48425, -0.508], [34.48475, -0.508]], [[34.16525, -0.52975], [34.16525, -0.53], [34.165, -0.53], [34.165, -0.52975], [34.16525, -0.52975]], [[34.16525, -0.5335], [34.1655, -0.5335], [34.1655, -0.5347500000000001], [34.16525, -0.5347500000000001], [34.16525, -0.5345], [34.165, -0.5345], [34.165, -0.5337500000000001], [34.16525, -0.5337500000000001], [34.16525, -0.5335]], [[34.1275, -0.07200000000000001], [34.12725, -0.07200000000000001], [34.12725, -0.07175000000000001], [34.1275, -0.07175000000000001], [34.1275, -0.07200000000000001]], [[34.1325, -0.07225], [34.132, -0.07225], [34.132, -0.07175000000000001], [34.1325, -0.07175000000000001], [34.1325, -0.07225]], [[34.0995, -0.0935], [34.09925, -0.0935], [34.09925, -0.09375], [34.09825, -0.09375], [34.09825, -0.0935], [34.098, -0.0935], [34.098, -0.093], [34.09825, -0.093], [34.09825, -0.09275], [34.0985, -0.09275], [34.0985, -0.0925], [34.09925, -0.0925], [34.09925, -0.09275], [34.0995, -0.09275], [34.0995, -0.0935]], [[34.018, -0.111], [34.01775, -0.111], [34.01775, -0.11025], [34.0175, -0.11025], [34.0175, -0.10975], [34.01775, -0.10975], [34.01775, -0.1095], [34.018, -0.1095], [34.018, -0.10925], [34.01825, -0.10925], [34.01825, -0.109], [34.02, -0.109], [34.02, -0.10925], [34.0205, -0.10925], [34.0205, -0.1095], [34.02075, -0.1095], [34.02075, -0.10975], [34.021, -0.10975], [34.021, -0.1105], [34.02125, -0.1105], [34.02125, -0.11125], [34.021, -0.11125], [34.021, -0.11175], [34.02075, -0.11175], [34.02075, -0.112], [34.01975, -0.112], [34.01975, -0.11175], [34.019, -0.11175], [34.019, -0.1115], [34.01825, -0.1115], [34.01825, -0.11125], [34.018, -0.11125], [34.018, -0.111]], [[34.11975, -0.11375], [34.119, -0.11375], [34.119, -0.113], [34.11975, -0.113], [34.11975, -0.11375]], [[34.09475, -0.123], [34.095, -0.123], [34.095, -0.1225], [34.0955, -0.1225], [34.0955, -0.12225], [34.09575, -0.12225], [34.09575, -0.122], [34.096, -0.122], [34.096, -0.12175], [34.09625, -0.12175], [34.09625, -0.1215], [34.09725, -0.1215], [34.09725, -0.12175], [34.09775, -0.12175], [34.09775, -0.122], [34.0985, -0.122], [34.0985, -0.12175], [34.099, -0.12175], [34.099, -0.122], [34.0995, -0.122], [34.0995, -0.12325], [34.09975, -0.12325], [34.09975, -0.1235], [34.1, -0.1235], [34.1, -0.124], [34.10025, -0.124], [34.10025, -0.12425], [34.10075, -0.12425], [34.10075, -0.12475], [34.10125, -0.12475], [34.10125, -0.12525], [34.1015, -0.12525], [34.1015, -0.1255], [34.10175, -0.1255], [34.10175, -0.12575], [34.1025, -0.12575], [34.1025, -0.126], [34.10275, -0.126], [34.10275, -0.1265], [34.103, -0.1265], [34.103, -0.127], [34.10325, -0.127], [34.10325, -0.12825], [34.1035, -0.12825], [34.1035, -0.1285], [34.10375, -0.1285], [34.10375, -0.12925], [34.1035, -0.12925], [34.1035, -0.1305], [34.10325, -0.1305], [34.10325, -0.131], [34.103, -0.131], [34.103, -0.13225], [34.10325, -0.13225], [34.10325, -0.1335], [34.1035, -0.1335], [34.1035, -0.134], [34.10375, -0.134], [34.10375, -0.135], [34.1035, -0.135], [34.1035, -0.13575], [34.10325, -0.13575], [34.10325, -0.136], [34.103, -0.136], [34.103, -0.13675], [34.10275, -0.13675], [34.10275, -0.137], [34.10125, -0.137], [34.10125, -0.13675], [34.1005, -0.13675], [34.1005, -0.13625], [34.0995, -0.13625], [34.0995, -0.136], [34.09925, -0.136], [34.09925, -0.13575], [34.099, -0.13575], [34.099, -0.1355], [34.0985, -0.1355], [34.0985, -0.13525], [34.09825, -0.13525], [34.09825, -0.13475], [34.09775, -0.13475], [34.09775, -0.135], [34.09725, -0.135], [34.09725, -0.13475], [34.09625, -0.13475], [34.09625, -0.134], [34.0965, -0.134], [34.0965, -0.13375], [34.09625, -0.13375], [34.09625, -0.13275], [34.096, -0.13275], [34.096, -0.1325], [34.09625, -0.1325], [34.09625, -0.132], [34.0965, -0.132], [34.0965, -0.13175], [34.09625, -0.13175], [34.09625, -0.1315], [34.096, -0.1315], [34.096, -0.131], [34.09625, -0.131], [34.09625, -0.12975], [34.09425, -0.12975], [34.09425, -0.12925], [34.094, -0.12925], [34.094, -0.129], [34.09375, -0.129], [34.09375, -0.1285], [34.0935, -0.1285], [34.0935, -0.12825], [34.09325, -0.12825], [34.09325, -0.1275], [34.0935, -0.1275], [34.0935, -0.12725], [34.093, -0.12725], [34.093, -0.12775], [34.09175, -0.12775], [34.09175, -0.1275], [34.091, -0.1275], [34.091, -0.127], [34.09125, -0.127], [34.09125, -0.12675], [34.0915, -0.12675], [34.0915, -0.126], [34.09175, -0.126], [34.09175, -0.12575], [34.09225, -0.12575], [34.09225, -0.1255], [34.0925, -0.1255], [34.0925, -0.12525], [34.09275, -0.12525], [34.09275, -0.1245], [34.093, -0.1245], [34.093, -0.12425], [34.0935, -0.12425], [34.0935, -0.124], [34.094, -0.124], [34.094, -0.12375], [34.09425, -0.12375], [34.09425, -0.1235], [34.09475, -0.1235], [34.09475, -0.123]], [[34.04625, -0.13275], [34.046, -0.13275], [34.046, -0.1325], [34.04575, -0.1325], [34.04575, -0.13175], [34.046, -0.13175], [34.046, -0.13125], [34.04675, -0.13125], [34.04675, -0.131], [34.0475, -0.131], [34.0475, -0.13075], [34.04825, -0.13075], [34.04825, -0.131], [34.05025, -0.131], [34.05025, -0.13075], [34.05175, -0.13075], [34.05175, -0.131], [34.0525, -0.131], [34.0525, -0.13125], [34.05275, -0.13125], [34.05275, -0.13175], [34.05225, -0.13175], [34.05225, -0.132], [34.0515, -0.132], [34.0515, -0.13225], [34.051, -0.13225], [34.051, -0.1325], [34.05025, -0.1325], [34.05025, -0.13275], [34.05, -0.13275], [34.05, -0.13325], [34.04925, -0.13325], [34.04925, -0.1335], [34.049, -0.1335], [34.049, -0.13375], [34.04875, -0.13375], [34.04875, -0.13425], [34.048, -0.13425], [34.048, -0.1345], [34.0475, -0.1345], [34.0475, -0.13425], [34.04725, -0.13425], [34.04725, -0.13375], [34.0465, -0.13375], [34.0465, -0.1335], [34.04625, -0.1335], [34.04625, -0.13275]], [[34.09575, -0.132], [34.095, -0.132], [34.095, -0.13175], [34.09575, -0.13175], [34.09575, -0.132]], [[34.05075, -0.1465], [34.05025, -0.1465], [34.05025, -0.14675], [34.04975, -0.14675], [34.04975, -0.14725], [34.04925, -0.14725], [34.04925, -0.1465], [34.049, -0.1465], [34.049, -0.146], [34.04975, -0.146], [34.04975, -0.14575], [34.05, -0.14575], [34.05, -0.146], [34.05075, -0.146], [34.05075, -0.1465]], [[34.08625, -0.1465], [34.086, -0.1465], [34.086, -0.14625], [34.08625, -0.14625], [34.08625, -0.1465]], [[34.602, -0.1605], [34.60225, -0.1605], [34.60225, -0.16025], [34.60275, -0.16025], [34.60275, -0.16], [34.604, -0.16], [34.604, -0.15975], [34.6055, -0.15975], [34.6055, -0.1595], [34.606, -0.1595], [34.606, -0.15925], [34.6065, -0.15925], [34.6065, -0.1595], [34.607, -0.1595], [34.607, -0.15975], [34.60725, -0.15975], [34.60725, -0.16], [34.6075, -0.16], [34.6075, -0.16025], [34.60775, -0.16025], [34.60775, -0.1605], [34.6085, -0.1605], [34.6085, -0.16125], [34.60925, -0.16125], [34.60925, -0.1605], [34.6125, -0.1605], [34.6125, -0.16025], [34.613, -0.16025], [34.613, -0.16], [34.6145, -0.16], [34.6145, -0.15975], [34.615, -0.15975], [34.615, -0.16], [34.61575, -0.16], [34.61575, -0.15975], [34.6175, -0.15975], [34.6175, -0.1605], [34.617, -0.1605], [34.617, -0.1615], [34.61675, -0.1615], [34.61675, -0.16175], [34.6165, -0.16175], [34.6165, -0.162], [34.61625, -0.162], [34.61625, -0.1625], [34.616, -0.1625], [34.616, -0.16275], [34.61575, -0.16275], [34.61575, -0.163], [34.6155, -0.163], [34.6155, -0.16325], [34.61525, -0.16325], [34.61525, -0.1635], [34.615, -0.1635], [34.615, -0.16375], [34.61475, -0.16375], [34.61475, -0.164], [34.61425, -0.164], [34.61425, -0.1645], [34.614, -0.1645], [34.614, -0.16475], [34.6135, -0.16475], [34.6135, -0.165], [34.61325, -0.165], [34.61325, -0.16525], [34.613, -0.16525], [34.613, -0.1655], [34.6125, -0.1655], [34.6125, -0.16575], [34.61225, -0.16575], [34.61225, -0.166], [34.61175, -0.166], [34.61175, -0.16625], [34.6115, -0.16625], [34.6115, -0.1665], [34.61125, -0.1665], [34.61125, -0.167], [34.61075, -0.167], [34.61075, -0.16725], [34.6105, -0.16725], [34.6105, -0.16775], [34.60975, -0.16775], [34.60975, -0.168], [34.6095, -0.168], [34.6095, -0.16825], [34.60925, -0.16825], [34.60925, -0.1685], [34.6085, -0.1685], [34.6085, -0.16875], [34.608, -0.16875], [34.608, -0.169], [34.60775, -0.169], [34.60775, -0.16925], [34.60725, -0.16925], [34.60725, -0.1695], [34.6065, -0.1695], [34.6065, -0.16975], [34.60625, -0.16975], [34.60625, -0.17], [34.60575, -0.17], [34.60575, -0.17025], [34.60475, -0.17025], [34.60475, -0.17], [34.6045, -0.17], [34.6045, -0.1695], [34.60475, -0.1695], [34.60475, -0.16925], [34.60575, -0.16925], [34.60575, -0.169], [34.606, -0.169], [34.606, -0.16875], [34.60625, -0.16875], [34.60625, -0.168], [34.6065, -0.168], [34.6065, -0.16725], [34.607, -0.16725], [34.607, -0.167], [34.60725, -0.167], [34.60725, -0.1655], [34.607, -0.1655], [34.607, -0.16475], [34.6065, -0.16475], [34.6065, -0.16375], [34.60625, -0.16375], [34.60625, -0.16325], [34.606, -0.16325], [34.606, -0.163], [34.6055, -0.163], [34.6055, -0.16275], [34.605, -0.16275], [34.605, -0.1625], [34.60475, -0.1625], [34.60475, -0.16225], [34.6045, -0.16225], [34.6045, -0.1625], [34.60225, -0.1625], [34.60225, -0.16225], [34.602, -0.16225], [34.602, -0.162], [34.60175, -0.162], [34.60175, -0.16125], [34.602, -0.16125], [34.602, -0.1605]], [[34.11225, -0.16875], [34.112, -0.16875], [34.112, -0.1685], [34.11225, -0.1685], [34.11225, -0.16875]], [[34.54775, -0.17350000000000002], [34.5485, -0.17350000000000002], [34.5485, -0.17325000000000002], [34.54875, -0.17325000000000002], [34.54875, -0.17300000000000001], [34.54925, -0.17300000000000001], [34.54925, -0.17275000000000001], [34.54975, -0.17275000000000001], [34.54975, -0.17250000000000001], [34.5505, -0.17250000000000001], [34.5505, -0.17225000000000001], [34.55125, -0.17225000000000001], [34.55125, -0.17250000000000001], [34.55175, -0.17250000000000001], [34.55175, -0.17300000000000001], [34.55125, -0.17300000000000001], [34.55125, -0.17325000000000002], [34.55075, -0.17325000000000002], [34.55075, -0.17350000000000002], [34.5505, -0.17350000000000002], [34.5505, -0.17525000000000002], [34.55025, -0.17525000000000002], [34.55025, -0.17550000000000002], [34.5505, -0.17550000000000002], [34.5505, -0.176], [34.55075, -0.176], [34.55075, -0.17625], [34.551, -0.17625], [34.551, -0.1765], [34.55175, -0.1765], [34.55175, -0.17675], [34.55225, -0.17675], [34.55225, -0.177], [34.55275, -0.177], [34.55275, -0.17725], [34.553, -0.17725], [34.553, -0.1775], [34.5535, -0.1775], [34.5535, -0.17775], [34.55375, -0.17775], [34.55375, -0.17825], [34.554, -0.17825], [34.554, -0.1785], [34.55375, -0.1785], [34.55375, -0.1825], [34.5535, -0.1825], [34.5535, -0.18275], [34.553, -0.18275], [34.553, -0.183], [34.55275, -0.183], [34.55275, -0.18325], [34.5525, -0.18325], [34.5525, -0.18375], [34.552, -0.18375], [34.552, -0.18325], [34.55225, -0.18325], [34.55225, -0.183], [34.552, -0.183], [34.552, -0.1825], [34.55225, -0.1825], [34.55225, -0.182], [34.552, -0.182], [34.552, -0.18175], [34.55125, -0.18175], [34.55125, -0.182], [34.551, -0.182], [34.551, -0.18225], [34.55075, -0.18225], [34.55075, -0.1825], [34.55, -0.1825], [34.55, -0.182], [34.54975, -0.182], [34.54975, -0.18175], [34.55, -0.18175], [34.55, -0.181], [34.54975, -0.181], [34.54975, -0.1805], [34.55, -0.1805], [34.55, -0.1795], [34.54975, -0.1795], [34.54975, -0.179], [34.5495, -0.179], [34.5495, -0.17875], [34.54975, -0.17875], [34.54975, -0.17725], [34.5495, -0.17725], [34.5495, -0.17675], [34.54925, -0.17675], [34.54925, -0.1765], [34.549, -0.1765], [34.549, -0.176], [34.54875, -0.176], [34.54875, -0.17575000000000002], [34.5485, -0.17575000000000002], [34.5485, -0.17525000000000002], [34.54825, -0.17525000000000002], [34.54825, -0.17500000000000002], [34.5475, -0.17500000000000002], [34.5475, -0.17425000000000002], [34.54725, -0.17425000000000002], [34.54725, -0.17375000000000002], [34.54775, -0.17375000000000002], [34.54775, -0.17350000000000002]], [[34.53825, -0.17425000000000002], [34.5385, -0.17425000000000002], [34.5385, -0.17400000000000002], [34.53875, -0.17400000000000002], [34.53875, -0.17375000000000002], [34.53925, -0.17375000000000002], [34.53925, -0.17350000000000002], [34.53975, -0.17350000000000002], [34.53975, -0.17325000000000002], [34.54025, -0.17325000000000002], [34.54025, -0.17300000000000001], [34.54275, -0.17300000000000001], [34.54275, -0.17325000000000002], [34.5435, -0.17325000000000002], [34.5435, -0.17350000000000002], [34.544, -0.17350000000000002], [34.544, -0.17375000000000002], [34.54425, -0.17375000000000002], [34.54425, -0.17400000000000002], [34.5455, -0.17400000000000002], [34.5455, -0.17425000000000002], [34.546, -0.17425000000000002], [34.546, -0.17475000000000002], [34.54575, -0.17475000000000002], [34.54575, -0.17500000000000002], [34.5455, -0.17500000000000002], [34.5455, -0.17525000000000002], [34.54525, -0.17525000000000002], [34.54525, -0.17550000000000002], [34.545, -0.17550000000000002], [34.545, -0.17575000000000002], [34.5445, -0.17575000000000002], [34.5445, -0.176], [34.54425, -0.176], [34.54425, -0.17625], [34.544, -0.17625], [34.544, -0.1765], [34.54375, -0.1765], [34.54375, -0.17675], [34.5435, -0.17675], [34.5435, -0.177], [34.54325, -0.177], [34.54325, -0.17725], [34.543, -0.17725], [34.543, -0.1775], [34.54275, -0.1775], [34.54275, -0.17775], [34.541, -0.17775], [34.541, -0.17825], [34.54025, -0.17825], [34.54025, -0.17775], [34.53975, -0.17775], [34.53975, -0.1775], [34.53925, -0.1775], [34.53925, -0.17725], [34.53825, -0.17725], [34.53825, -0.177], [34.538, -0.177], [34.538, -0.17475000000000002], [34.53825, -0.17475000000000002], [34.53825, -0.17425000000000002]], [[34.56275, -0.17550000000000002], [34.5625, -0.17550000000000002], [34.5625, -0.17525000000000002], [34.56225, -0.17525000000000002], [34.56225, -0.17500000000000002], [34.56175, -0.17500000000000002], [34.56175, -0.17400000000000002], [34.56225, -0.17400000000000002], [34.56225, -0.17375000000000002], [34.563, -0.17375000000000002], [34.563, -0.17350000000000002], [34.564, -0.17350000000000002], [34.564, -0.17375000000000002], [34.56375, -0.17375000000000002], [34.56375, -0.17500000000000002], [34.5635, -0.17500000000000002], [34.5635, -0.17525000000000002], [34.56325, -0.17525000000000002], [34.56325, -0.17575000000000002], [34.56275, -0.17575000000000002], [34.56275, -0.17550000000000002]], [[34.55625, -0.17675], [34.557, -0.17675], [34.557, -0.177], [34.5575, -0.177], [34.5575, -0.17775], [34.55625, -0.17775], [34.55625, -0.1775], [34.556, -0.1775], [34.556, -0.177], [34.55625, -0.177], [34.55625, -0.17675]], [[34.55525, -0.17975], [34.55575, -0.17975], [34.55575, -0.18], [34.556, -0.18], [34.556, -0.18025], [34.55625, -0.18025], [34.55625, -0.1805], [34.55475, -0.1805], [34.55475, -0.18], [34.55525, -0.18], [34.55525, -0.17975]], [[34.46975, -0.18075], [34.46925, -0.18075], [34.46925, -0.1805], [34.46975, -0.1805], [34.46975, -0.18075]], [[34.5575, -0.18175], [34.558, -0.18175], [34.558, -0.1825], [34.55775, -0.1825], [34.55775, -0.18275], [34.5575, -0.18275], [34.5575, -0.18225], [34.55725, -0.18225], [34.55725, -0.182], [34.5575, -0.182], [34.5575, -0.18175]], [[34.539, -0.18625], [34.53925, -0.18625], [34.53925, -0.1855], [34.5395, -0.1855], [34.5395, -0.18475], [34.53975, -0.18475], [34.53975, -0.1845], [34.54, -0.1845], [34.54, -0.18425], [34.5405, -0.18425], [34.5405, -0.184], [34.54175, -0.184], [34.54175, -0.18425], [34.5425, -0.18425], [34.5425, -0.1845], [34.54275, -0.1845], [34.54275, -0.18475], [34.543, -0.18475], [34.543, -0.18525], [34.544, -0.18525], [34.544, -0.18475], [34.5445, -0.18475], [34.5445, -0.18525], [34.54525, -0.18525], [34.54525, -0.1855], [34.5455, -0.1855], [34.5455, -0.186], [34.54575, -0.186], [34.54575, -0.18625], [34.546, -0.18625], [34.546, -0.1865], [34.5465, -0.1865], [34.5465, -0.18675], [34.54675, -0.18675], [34.54675, -0.18725], [34.547, -0.18725], [34.547, -0.1875], [34.54675, -0.1875], [34.54675, -0.188], [34.54625, -0.188], [34.54625, -0.1885], [34.546, -0.1885], [34.546, -0.18875], [34.54525, -0.18875], [34.54525, -0.189], [34.5445, -0.189], [34.5445, -0.18925], [34.544, -0.18925], [34.544, -0.1895], [34.5415, -0.1895], [34.5415, -0.18975], [34.541, -0.18975], [34.541, -0.19], [34.54025, -0.19], [34.54025, -0.18975], [34.539, -0.18975], [34.539, -0.18625]], [[34.0595, -0.191], [34.05875, -0.191], [34.05875, -0.1905], [34.0595, -0.1905], [34.0595, -0.191]], [[34.061, -0.19275], [34.06, -0.19275], [34.06, -0.1925], [34.05975, -0.1925], [34.05975, -0.19225], [34.0595, -0.19225], [34.0595, -0.1915], [34.05975, -0.1915], [34.05975, -0.19125], [34.06025, -0.19125], [34.06025, -0.191], [34.0605, -0.191], [34.0605, -0.19125], [34.061, -0.19125], [34.061, -0.19275]], [[34.51525, -0.195], [34.51575, -0.195], [34.51575, -0.19475], [34.51775, -0.19475], [34.51775, -0.195], [34.51825, -0.195], [34.51825, -0.19475], [34.51875, -0.19475], [34.51875, -0.1945], [34.52025, -0.1945], [34.52025, -0.19425], [34.5215, -0.19425], [34.5215, -0.1945], [34.52175, -0.1945], [34.52175, -0.195], [34.5215, -0.195], [34.5215, -0.1955], [34.52125, -0.1955], [34.52125, -0.196], [34.5215, -0.196], [34.5215, -0.1965], [34.52125, -0.1965], [34.52125, -0.19675], [34.521, -0.19675], [34.521, -0.197], [34.52, -0.197], [34.52, -0.1975], [34.51975, -0.1975], [34.51975, -0.198], [34.52, -0.198], [34.52, -0.19825], [34.52025, -0.19825], [34.52025, -0.19975], [34.52, -0.19975], [34.52, -0.20075], [34.5195, -0.20075], [34.5195, -0.201], [34.51925, -0.201], [34.51925, -0.20125], [34.519, -0.20125], [34.519, -0.2015], [34.5185, -0.2015], [34.5185, -0.20175], [34.51825, -0.20175], [34.51825, -0.202], [34.518, -0.202], [34.518, -0.2025], [34.51775, -0.2025], [34.51775, -0.203], [34.518, -0.203], [34.518, -0.20425000000000001], [34.51825, -0.20425000000000001], [34.51825, -0.20475000000000002], [34.51875, -0.20475000000000002], [34.51875, -0.20500000000000002], [34.5195, -0.20500000000000002], [34.5195, -0.20475000000000002], [34.51975, -0.20475000000000002], [34.51975, -0.20500000000000002], [34.52025, -0.20500000000000002], [34.52025, -0.20525000000000002], [34.52, -0.20525000000000002], [34.52, -0.20550000000000002], [34.51975, -0.20550000000000002], [34.51975, -0.20600000000000002], [34.5195, -0.20600000000000002], [34.5195, -0.20650000000000002], [34.51925, -0.20650000000000002], [34.51925, -0.20775000000000002], [34.5195, -0.20775000000000002], [34.5195, -0.20800000000000002], [34.51975, -0.20800000000000002], [34.51975, -0.20825], [34.52175, -0.20825], [34.52175, -0.20800000000000002], [34.5225, -0.20800000000000002], [34.5225, -0.20775000000000002], [34.523, -0.20775000000000002], [34.523, -0.20750000000000002], [34.52325, -0.20750000000000002], [34.52325, -0.20775000000000002], [34.52375, -0.20775000000000002], [34.52375, -0.20800000000000002], [34.5245, -0.20800000000000002], [34.5245, -0.20825], [34.52525, -0.20825], [34.52525, -0.20800000000000002], [34.5255, -0.20800000000000002], [34.5255, -0.20775000000000002], [34.52575, -0.20775000000000002], [34.52575, -0.20750000000000002], [34.52675, -0.20750000000000002], [34.52675, -0.2085], [34.5265, -0.2085], [34.5265, -0.20875], [34.52625, -0.20875], [34.52625, -0.20925], [34.52575, -0.20925], [34.52575, -0.2095], [34.52475, -0.2095], [34.52475, -0.20975], [34.52425, -0.20975], [34.52425, -0.21], [34.52375, -0.21], [34.52375, -0.21025], [34.5235, -0.21025], [34.5235, -0.21075], [34.52375, -0.21075], [34.52375, -0.212], [34.5235, -0.212], [34.5235, -0.21275], [34.52325, -0.21275], [34.52325, -0.213], [34.523, -0.213], [34.523, -0.21325], [34.52275, -0.21325], [34.52275, -0.2135], [34.52225, -0.2135], [34.52225, -0.21375], [34.522, -0.21375], [34.522, -0.214], [34.5215, -0.214], [34.5215, -0.21425], [34.52025, -0.21425], [34.52025, -0.2145], [34.5195, -0.2145], [34.5195, -0.21475], [34.51875, -0.21475], [34.51875, -0.2145], [34.5185, -0.2145], [34.5185, -0.21475], [34.518, -0.21475], [34.518, -0.215], [34.5175, -0.215], [34.5175, -0.2145], [34.51775, -0.2145], [34.51775, -0.21275], [34.518, -0.21275], [34.518, -0.21225], [34.51825, -0.21225], [34.51825, -0.21175], [34.51875, -0.21175], [34.51875, -0.2105], [34.5185, -0.2105], [34.5185, -0.21], [34.51825, -0.21], [34.51825, -0.20975], [34.51775, -0.20975], [34.51775, -0.2095], [34.5175, -0.2095], [34.5175, -0.20975], [34.51675, -0.20975], [34.51675, -0.21], [34.51625, -0.21], [34.51625, -0.21025], [34.51525, -0.21025], [34.51525, -0.2105], [34.515, -0.2105], [34.515, -0.21075], [34.5145, -0.21075], [34.5145, -0.211], [34.51425, -0.211], [34.51425, -0.21125], [34.514, -0.21125], [34.514, -0.2115], [34.51375, -0.2115], [34.51375, -0.21175], [34.51325, -0.21175], [34.51325, -0.212], [34.51275, -0.212], [34.51275, -0.21225], [34.5125, -0.21225], [34.5125, -0.21275], [34.51225, -0.21275], [34.51225, -0.213], [34.512, -0.213], [34.512, -0.214], [34.51175, -0.214], [34.51175, -0.21475], [34.5115, -0.21475], [34.5115, -0.215], [34.51125, -0.215], [34.51125, -0.2155], [34.511, -0.2155], [34.511, -0.21575], [34.51075, -0.21575], [34.51075, -0.21625], [34.5105, -0.21625], [34.5105, -0.2165], [34.50975, -0.2165], [34.50975, -0.21675], [34.50925, -0.21675], [34.50925, -0.217], [34.509, -0.217], [34.509, -0.21675], [34.5085, -0.21675], [34.5085, -0.2165], [34.5075, -0.2165], [34.5075, -0.21625], [34.50725, -0.21625], [34.50725, -0.21575], [34.507, -0.21575], [34.507, -0.2145], [34.50675, -0.2145], [34.50675, -0.21425], [34.50475, -0.21425], [34.50475, -0.2145], [34.50425, -0.2145], [34.50425, -0.21425], [34.5035, -0.21425], [34.5035, -0.2145], [34.50175, -0.2145], [34.50175, -0.215], [34.5015, -0.215], [34.5015, -0.2155], [34.50125, -0.2155], [34.50125, -0.21625], [34.501, -0.21625], [34.501, -0.2165], [34.50075, -0.2165], [34.50075, -0.21675], [34.5005, -0.21675], [34.5005, -0.217], [34.50025, -0.217], [34.50025, -0.2175], [34.5, -0.2175], [34.5, -0.21775], [34.499, -0.21775], [34.499, -0.2175], [34.4985, -0.2175], [34.4985, -0.21625], [34.49825, -0.21625], [34.49825, -0.21475], [34.498, -0.21475], [34.498, -0.21375], [34.49825, -0.21375], [34.49825, -0.21175], [34.4985, -0.21175], [34.4985, -0.211], [34.49875, -0.211], [34.49875, -0.21025], [34.4985, -0.21025], [34.4985, -0.21], [34.5, -0.21], [34.5, -0.20975], [34.50025, -0.20975], [34.50025, -0.2095], [34.5005, -0.2095], [34.5005, -0.20875], [34.50075, -0.20875], [34.50075, -0.2085], [34.501, -0.2085], [34.501, -0.20825], [34.50125, -0.20825], [34.50125, -0.20750000000000002], [34.5015, -0.20750000000000002], [34.5015, -0.20700000000000002], [34.50175, -0.20700000000000002], [34.50175, -0.20625000000000002], [34.502, -0.20625000000000002], [34.502, -0.20600000000000002], [34.50225, -0.20600000000000002], [34.50225, -0.20550000000000002], [34.5025, -0.20550000000000002], [34.5025, -0.20525000000000002], [34.503, -0.20525000000000002], [34.503, -0.20500000000000002], [34.50375, -0.20500000000000002], [34.50375, -0.20475000000000002], [34.504, -0.20475000000000002], [34.504, -0.20450000000000002], [34.50425, -0.20450000000000002], [34.50425, -0.20400000000000001], [34.5045, -0.20400000000000001], [34.5045, -0.20375000000000001], [34.50475, -0.20375000000000001], [34.50475, -0.20325000000000001], [34.50525, -0.20325000000000001], [34.50525, -0.203], [34.50575, -0.203], [34.50575, -0.20275], [34.506, -0.20275], [34.506, -0.2025], [34.50625, -0.2025], [34.50625, -0.202], [34.50675, -0.202], [34.50675, -0.20175], [34.507, -0.20175], [34.507, -0.201], [34.5075, -0.201], [34.5075, -0.2005], [34.50775, -0.2005], [34.50775, -0.20025], [34.508, -0.20025], [34.508, -0.2], [34.50825, -0.2], [34.50825, -0.19925], [34.5085, -0.19925], [34.5085, -0.199], [34.50875, -0.199], [34.50875, -0.1985], [34.509, -0.1985], [34.509, -0.19825], [34.50925, -0.19825], [34.50925, -0.198], [34.5095, -0.198], [34.5095, -0.19775], [34.50975, -0.19775], [34.50975, -0.1975], [34.51025, -0.1975], [34.51025, -0.197], [34.5105, -0.197], [34.5105, -0.19675], [34.51075, -0.19675], [34.51075, -0.1965], [34.512, -0.1965], [34.512, -0.19625], [34.5125, -0.19625], [34.5125, -0.196], [34.51325, -0.196], [34.51325, -0.19575], [34.51425, -0.19575], [34.51425, -0.1955], [34.51525, -0.1955], [34.51525, -0.195]], [[34.5255, -0.1955], [34.525, -0.1955], [34.525, -0.19475], [34.5255, -0.19475], [34.5255, -0.1955]], [[34.46575, -0.211], [34.46625, -0.211], [34.46625, -0.21075], [34.467, -0.21075], [34.467, -0.2105], [34.46775, -0.2105], [34.46775, -0.21025], [34.46825, -0.21025], [34.46825, -0.21], [34.46875, -0.21], [34.46875, -0.20975], [34.46925, -0.20975], [34.46925, -0.2105], [34.4695, -0.2105], [34.4695, -0.21125], [34.46925, -0.21125], [34.46925, -0.2115], [34.469, -0.2115], [34.469, -0.21175], [34.46875, -0.21175], [34.46875, -0.212], [34.468, -0.212], [34.468, -0.21225], [34.467, -0.21225], [34.467, -0.21275], [34.466, -0.21275], [34.466, -0.213], [34.4655, -0.213], [34.4655, -0.21325], [34.46475, -0.21325], [34.46475, -0.2135], [34.464, -0.2135], [34.464, -0.21375], [34.46325, -0.21375], [34.46325, -0.214], [34.463, -0.214], [34.463, -0.21525], [34.46275, -0.21525], [34.46275, -0.2155], [34.4625, -0.2155], [34.4625, -0.21575], [34.46225, -0.21575], [34.46225, -0.21625], [34.462, -0.21625], [34.462, -0.2165], [34.4615, -0.2165], [34.4615, -0.21675], [34.461, -0.21675], [34.461, -0.217], [34.45925, -0.217], [34.45925, -0.21675], [34.459, -0.21675], [34.459, -0.2165], [34.45875, -0.2165], [34.45875, -0.21625], [34.4585, -0.21625], [34.4585, -0.21575], [34.45875, -0.21575], [34.45875, -0.21475], [34.459, -0.21475], [34.459, -0.21375], [34.45925, -0.21375], [34.45925, -0.2135], [34.4595, -0.2135], [34.4595, -0.21325], [34.45975, -0.21325], [34.45975, -0.213], [34.46, -0.213], [34.46, -0.21275], [34.461, -0.21275], [34.461, -0.21225], [34.463, -0.21225], [34.463, -0.21175], [34.46325, -0.21175], [34.46325, -0.2115], [34.4645, -0.2115], [34.4645, -0.21125], [34.46575, -0.21125], [34.46575, -0.211]], [[34.113, -0.21575], [34.1125, -0.21575], [34.1125, -0.21525], [34.113, -0.21525], [34.113, -0.21425], [34.1145, -0.21425], [34.1145, -0.2145], [34.11475, -0.2145], [34.11475, -0.21425], [34.11525, -0.21425], [34.11525, -0.214], [34.11575, -0.214], [34.11575, -0.21425], [34.11675, -0.21425], [34.11675, -0.2145], [34.117, -0.2145], [34.117, -0.215], [34.11725, -0.215], [34.11725, -0.2155], [34.1175, -0.2155], [34.1175, -0.21575], [34.11725, -0.21575], [34.11725, -0.21675], [34.117, -0.21675], [34.117, -0.21825], [34.11675, -0.21825], [34.11675, -0.219], [34.117, -0.219], [34.117, -0.21975], [34.11725, -0.21975], [34.11725, -0.22], [34.1175, -0.22], [34.1175, -0.22025], [34.11775, -0.22025], [34.11775, -0.22075], [34.118, -0.22075], [34.118, -0.221], [34.11825, -0.221], [34.11825, -0.22125], [34.1185, -0.22125], [34.1185, -0.2215], [34.11875, -0.2215], [34.11875, -0.22175], [34.119, -0.22175], [34.119, -0.22225], [34.11925, -0.22225], [34.11925, -0.22325], [34.11975, -0.22325], [34.11975, -0.22375], [34.11925, -0.22375], [34.11925, -0.224], [34.119, -0.224], [34.119, -0.22425], [34.11675, -0.22425], [34.11675, -0.224], [34.1155, -0.224], [34.1155, -0.22375], [34.11525, -0.22375], [34.11525, -0.2235], [34.115, -0.2235], [34.115, -0.22325], [34.1145, -0.22325], [34.1145, -0.22275], [34.114, -0.22275], [34.114, -0.2225], [34.11375, -0.2225], [34.11375, -0.222], [34.1135, -0.222], [34.1135, -0.2215], [34.11325, -0.2215], [34.11325, -0.221], [34.113, -0.221], [34.113, -0.22075], [34.1125, -0.22075], [34.1125, -0.21875], [34.113, -0.21875], [34.113, -0.2185], [34.1125, -0.2185], [34.1125, -0.218], [34.113, -0.218], [34.113, -0.21775], [34.11325, -0.21775], [34.11325, -0.2175], [34.1135, -0.2175], [34.1135, -0.2165], [34.11325, -0.2165], [34.11325, -0.21625], [34.113, -0.21625], [34.113, -0.21575]], [[34.14225, -0.22875], [34.1425, -0.22875], [34.1425, -0.2285], [34.14275, -0.2285], [34.14275, -0.22825], [34.14325, -0.22825], [34.14325, -0.22775], [34.1435, -0.22775], [34.1435, -0.2275], [34.144, -0.2275], [34.144, -0.22575], [34.145, -0.22575], [34.145, -0.226], [34.1455, -0.226], [34.1455, -0.2265], [34.146, -0.2265], [34.146, -0.22675], [34.1465, -0.22675], [34.1465, -0.227], [34.14675, -0.227], [34.14675, -0.22725], [34.1475, -0.22725], [34.1475, -0.2275], [34.14825, -0.2275], [34.14825, -0.22775], [34.149, -0.22775], [34.149, -0.2275], [34.15, -0.2275], [34.15, -0.22725], [34.15025, -0.22725], [34.15025, -0.227], [34.151, -0.227], [34.151, -0.22675], [34.15125, -0.22675], [34.15125, -0.227], [34.1515, -0.227], [34.1515, -0.2285], [34.15125, -0.2285], [34.15125, -0.229], [34.151, -0.229], [34.151, -0.2295], [34.1505, -0.2295], [34.1505, -0.23075], [34.151, -0.23075], [34.151, -0.23125], [34.1505, -0.23125], [34.1505, -0.23225], [34.151, -0.23225], [34.151, -0.2325], [34.15125, -0.2325], [34.15125, -0.234], [34.1515, -0.234], [34.1515, -0.23500000000000001], [34.15125, -0.23500000000000001], [34.15125, -0.23525000000000001], [34.151, -0.23525000000000001], [34.151, -0.23550000000000001], [34.1505, -0.23550000000000001], [34.1505, -0.23575000000000002], [34.15, -0.23575000000000002], [34.15, -0.23600000000000002], [34.14975, -0.23600000000000002], [34.14975, -0.23625000000000002], [34.14925, -0.23625000000000002], [34.14925, -0.23650000000000002], [34.149, -0.23650000000000002], [34.149, -0.23700000000000002], [34.14875, -0.23700000000000002], [34.14875, -0.23725000000000002], [34.1485, -0.23725000000000002], [34.1485, -0.23750000000000002], [34.14825, -0.23750000000000002], [34.14825, -0.23775000000000002], [34.148, -0.23775000000000002], [34.148, -0.23800000000000002], [34.14775, -0.23800000000000002], [34.14775, -0.23825000000000002], [34.1475, -0.23825000000000002], [34.1475, -0.23850000000000002], [34.147, -0.23850000000000002], [34.147, -0.23875000000000002], [34.14675, -0.23875000000000002], [34.14675, -0.23925000000000002], [34.1465, -0.23925000000000002], [34.1465, -0.23950000000000002], [34.14625, -0.23950000000000002], [34.14625, -0.24], [34.146, -0.24], [34.146, -0.2405], [34.14575, -0.2405], [34.14575, -0.241], [34.1455, -0.241], [34.1455, -0.2415], [34.14525, -0.2415], [34.14525, -0.24325], [34.1455, -0.24325], [34.1455, -0.244], [34.14575, -0.244], [34.14575, -0.2445], [34.1455, -0.2445], [34.1455, -0.24475], [34.14525, -0.24475], [34.14525, -0.245], [34.145, -0.245], [34.145, -0.24525], [34.1445, -0.24525], [34.1445, -0.245], [34.14425, -0.245], [34.14425, -0.24475], [34.144, -0.24475], [34.144, -0.2445], [34.1435, -0.2445], [34.1435, -0.24325], [34.14325, -0.24325], [34.14325, -0.243], [34.1435, -0.243], [34.1435, -0.24275], [34.14325, -0.24275], [34.14325, -0.2425], [34.143, -0.2425], [34.143, -0.24175], [34.14325, -0.24175], [34.14325, -0.24125], [34.1435, -0.24125], [34.1435, -0.241], [34.144, -0.241], [34.144, -0.2405], [34.14425, -0.2405], [34.14425, -0.23925000000000002], [34.145, -0.23925000000000002], [34.145, -0.23875000000000002], [34.14525, -0.23875000000000002], [34.14525, -0.23700000000000002], [34.145, -0.23700000000000002], [34.145, -0.23625000000000002], [34.14475, -0.23625000000000002], [34.14475, -0.23600000000000002], [34.14425, -0.23600000000000002], [34.14425, -0.23575000000000002], [34.144, -0.23575000000000002], [34.144, -0.23500000000000001], [34.14425, -0.23500000000000001], [34.14425, -0.23425], [34.144, -0.23425], [34.144, -0.234], [34.1435, -0.234], [34.1435, -0.2335], [34.14325, -0.2335], [34.14325, -0.233], [34.143, -0.233], [34.143, -0.2325], [34.14225, -0.2325], [34.14225, -0.23225], [34.142, -0.23225], [34.142, -0.232], [34.14175, -0.232], [34.14175, -0.23175], [34.14125, -0.23175], [34.14125, -0.232], [34.141, -0.232], [34.141, -0.23225], [34.1405, -0.23225], [34.1405, -0.232], [34.14, -0.232], [34.14, -0.2315], [34.13975, -0.2315], [34.13975, -0.23125], [34.13925, -0.23125], [34.13925, -0.2315], [34.1375, -0.2315], [34.1375, -0.23075], [34.13725, -0.23075], [34.13725, -0.2305], [34.1375, -0.2305], [34.1375, -0.23025], [34.13775, -0.23025], [34.13775, -0.23], [34.138, -0.23], [34.138, -0.2295], [34.13875, -0.2295], [34.13875, -0.23], [34.1395, -0.23], [34.1395, -0.2305], [34.14, -0.2305], [34.14, -0.23075], [34.141, -0.23075], [34.141, -0.23025], [34.14125, -0.23025], [34.14125, -0.23], [34.1415, -0.23], [34.1415, -0.2295], [34.14175, -0.2295], [34.14175, -0.229], [34.14225, -0.229], [34.14225, -0.22875]], [[34.14325, -0.2265], [34.143, -0.2265], [34.143, -0.226], [34.14325, -0.226], [34.14325, -0.2265]], [[34.137, -0.245], [34.1365, -0.245], [34.1365, -0.2445], [34.137, -0.2445], [34.137, -0.24425], [34.1375, -0.24425], [34.1375, -0.2435], [34.137, -0.2435], [34.137, -0.24325], [34.13625, -0.24325], [34.13625, -0.24275], [34.13775, -0.24275], [34.13775, -0.243], [34.13825, -0.243], [34.13825, -0.244], [34.138, -0.244], [34.138, -0.24475], [34.13775, -0.24475], [34.13775, -0.245], [34.13725, -0.245], [34.13725, -0.24525], [34.137, -0.24525], [34.137, -0.245]], [[34.8205, -0.25625], [34.82, -0.25625], [34.82, -0.25575000000000003], [34.8205, -0.25575000000000003], [34.8205, -0.25625]], [[34.4015, -0.2605], [34.401, -0.2605], [34.401, -0.26075], [34.40075, -0.26075], [34.40075, -0.26025], [34.40125, -0.26025], [34.40125, -0.26], [34.40175, -0.26], [34.40175, -0.25975], [34.402, -0.25975], [34.402, -0.2595], [34.4025, -0.2595], [34.4025, -0.25975], [34.40225, -0.25975], [34.40225, -0.26], [34.402, -0.26], [34.402, -0.26025], [34.4015, -0.26025], [34.4015, -0.2605]], [[34.16925, -0.27875], [34.1695, -0.27875], [34.1695, -0.2785], [34.16925, -0.2785], [34.16925, -0.278], [34.169, -0.278], [34.169, -0.2765], [34.16925, -0.2765], [34.16925, -0.27625], [34.1695, -0.27625], [34.1695, -0.276], [34.16975, -0.276], [34.16975, -0.27625], [34.17125, -0.27625], [34.17125, -0.2765], [34.172, -0.2765], [34.172, -0.27675], [34.17225, -0.27675], [34.17225, -0.277], [34.174, -0.277], [34.174, -0.278], [34.17375, -0.278], [34.17375, -0.2785], [34.1725, -0.2785], [34.1725, -0.278], [34.17225, -0.278], [34.17225, -0.27775], [34.17175, -0.27775], [34.17175, -0.278], [34.17075, -0.278], [34.17075, -0.2785], [34.17025, -0.2785], [34.17025, -0.278], [34.16975, -0.278], [34.16975, -0.27925], [34.17, -0.27925], [34.17, -0.2805], [34.169, -0.2805], [34.169, -0.27925], [34.16925, -0.27925], [34.16925, -0.27875]], [[34.859, -0.28025], [34.859, -0.2805], [34.8585, -0.2805], [34.8585, -0.28025], [34.859, -0.28025]], [[34.85825, -0.2805], [34.8585, -0.2805], [34.8585, -0.28075], [34.85825, -0.28075], [34.85825, -0.2805]], [[34.86, -0.2805], [34.86025, -0.2805], [34.86025, -0.28075], [34.86, -0.28075], [34.86, -0.2805]], [[34.86025, -0.281], [34.86025, -0.28075], [34.8605, -0.28075], [34.8605, -0.281], [34.86025, -0.281]], [[34.862, -0.28125], [34.86175, -0.28125], [34.86175, -0.28075], [34.862, -0.28075], [34.862, -0.28125]], [[34.861, -0.28150000000000003], [34.86125, -0.28150000000000003], [34.86125, -0.28200000000000003], [34.86075, -0.28200000000000003], [34.86075, -0.28125], [34.861, -0.28125], [34.861, -0.28150000000000003]], [[34.86, -0.30075], [34.86, -0.301], [34.86025, -0.301], [34.86025, -0.30125], [34.85975, -0.30125], [34.85975, -0.301], [34.8595, -0.301], [34.8595, -0.30075], [34.86, -0.30075]], [[34.8605, -0.301], [34.86025, -0.301], [34.86025, -0.30075], [34.8605, -0.30075], [34.8605, -0.301]], [[34.53625, -0.32775], [34.5365, -0.32775], [34.5365, -0.3275], [34.53675, -0.3275], [34.53675, -0.32725], [34.53725, -0.32725], [34.53725, -0.3275], [34.53925, -0.3275], [34.53925, -0.32725], [34.54, -0.32725], [34.54, -0.327], [34.5405, -0.327], [34.5405, -0.32725], [34.54175, -0.32725], [34.54175, -0.3275], [34.5425, -0.3275], [34.5425, -0.32775], [34.54225, -0.32775], [34.54225, -0.328], [34.54175, -0.328], [34.54175, -0.32825], [34.54025, -0.32825], [34.54025, -0.328], [34.53975, -0.328], [34.53975, -0.32775], [34.53725, -0.32775], [34.53725, -0.328], [34.53675, -0.328], [34.53675, -0.32825], [34.5365, -0.32825], [34.5365, -0.3285], [34.53575, -0.3285], [34.53575, -0.329], [34.5355, -0.329], [34.5355, -0.32925], [34.535, -0.32925], [34.535, -0.3295], [34.534, -0.3295], [34.534, -0.32925], [34.5345, -0.32925], [34.5345, -0.329], [34.53475, -0.329], [34.53475, -0.32875], [34.535, -0.32875], [34.535, -0.3285], [34.5355, -0.3285], [34.5355, -0.32825], [34.53575, -0.32825], [34.53575, -0.328], [34.53625, -0.328], [34.53625, -0.32775]], [[34.26625, -0.33875], [34.2665, -0.33875], [34.2665, -0.339], [34.266, -0.339], [34.266, -0.3385], [34.26625, -0.3385], [34.26625, -0.33875]], [[34.12075, -0.34225], [34.1205, -0.34225], [34.1205, -0.3415], [34.12075, -0.3415], [34.12075, -0.34225]], [[34.12, -0.34450000000000003], [34.11975, -0.34450000000000003], [34.11975, -0.34425], [34.12, -0.34425], [34.12, -0.34450000000000003]], [[34.25925, -0.34575], [34.2605, -0.34575], [34.2605, -0.34600000000000003], [34.261, -0.34600000000000003], [34.261, -0.34625], [34.2615, -0.34625], [34.2615, -0.34600000000000003], [34.263, -0.34600000000000003], [34.263, -0.34575], [34.2635, -0.34575], [34.2635, -0.34550000000000003], [34.26525, -0.34550000000000003], [34.26525, -0.34575], [34.2655, -0.34575], [34.2655, -0.34600000000000003], [34.266, -0.34600000000000003], [34.266, -0.34625], [34.26625, -0.34625], [34.26625, -0.34650000000000003], [34.2665, -0.34650000000000003], [34.2665, -0.34675], [34.26625, -0.34675], [34.26625, -0.34750000000000003], [34.266, -0.34750000000000003], [34.266, -0.34775], [34.26575, -0.34775], [34.26575, -0.34800000000000003], [34.2655, -0.34800000000000003], [34.2655, -0.34825], [34.26525, -0.34825], [34.26525, -0.34850000000000003], [34.265, -0.34850000000000003], [34.265, -0.34875], [34.2645, -0.34875], [34.2645, -0.34900000000000003], [34.264, -0.34900000000000003], [34.264, -0.34925], [34.26375, -0.34925], [34.26375, -0.34950000000000003], [34.263, -0.34950000000000003], [34.263, -0.34975], [34.2615, -0.34975], [34.2615, -0.34950000000000003], [34.2595, -0.34950000000000003], [34.2595, -0.34925], [34.25925, -0.34925], [34.25925, -0.34950000000000003], [34.259, -0.34950000000000003], [34.259, -0.34975], [34.25875, -0.34975], [34.25875, -0.35000000000000003], [34.25825, -0.35000000000000003], [34.25825, -0.34975], [34.258, -0.34975], [34.258, -0.34750000000000003], [34.25825, -0.34750000000000003], [34.25825, -0.34675], [34.25875, -0.34675], [34.25875, -0.34650000000000003], [34.259, -0.34650000000000003], [34.259, -0.34600000000000003], [34.25925, -0.34600000000000003], [34.25925, -0.34575]], [[34.188, -0.34975], [34.18775, -0.34975], [34.18775, -0.34800000000000003], [34.1875, -0.34800000000000003], [34.1875, -0.34750000000000003], [34.18775, -0.34750000000000003], [34.18775, -0.34675], [34.188, -0.34675], [34.188, -0.34625], [34.18825, -0.34625], [34.18825, -0.34575], [34.19175, -0.34575], [34.19175, -0.34625], [34.19225, -0.34625], [34.19225, -0.34875], [34.19175, -0.34875], [34.19175, -0.34950000000000003], [34.1915, -0.34950000000000003], [34.1915, -0.34975], [34.19175, -0.34975], [34.19175, -0.35050000000000003], [34.19225, -0.35050000000000003], [34.19225, -0.35100000000000003], [34.1925, -0.35100000000000003], [34.1925, -0.35150000000000003], [34.193, -0.35150000000000003], [34.193, -0.35125], [34.19325, -0.35125], [34.19325, -0.35150000000000003], [34.1935, -0.35150000000000003], [34.1935, -0.35175], [34.194, -0.35175], [34.194, -0.35225], [34.19425, -0.35225], [34.19425, -0.353], [34.1945, -0.353], [34.1945, -0.3535], [34.19475, -0.3535], [34.19475, -0.35525], [34.1945, -0.35525], [34.1945, -0.356], [34.19425, -0.356], [34.19425, -0.35625], [34.19375, -0.35625], [34.19375, -0.3565], [34.1935, -0.3565], [34.1935, -0.35675], [34.19325, -0.35675], [34.19325, -0.357], [34.193, -0.357], [34.193, -0.3575], [34.19275, -0.3575], [34.19275, -0.358], [34.1925, -0.358], [34.1925, -0.3585], [34.19225, -0.3585], [34.19225, -0.35975], [34.19175, -0.35975], [34.19175, -0.36025], [34.1915, -0.36025], [34.1915, -0.36075], [34.19125, -0.36075], [34.19125, -0.361], [34.191, -0.361], [34.191, -0.36175], [34.1905, -0.36175], [34.1905, -0.36225], [34.19, -0.36225], [34.19, -0.362], [34.18975, -0.362], [34.18975, -0.36175], [34.1895, -0.36175], [34.1895, -0.3615], [34.189, -0.3615], [34.189, -0.361], [34.188, -0.361], [34.188, -0.36075], [34.1865, -0.36075], [34.1865, -0.3605], [34.18625, -0.3605], [34.18625, -0.35975], [34.1865, -0.35975], [34.1865, -0.359], [34.18675, -0.359], [34.18675, -0.35725], [34.187, -0.35725], [34.187, -0.3565], [34.18725, -0.3565], [34.18725, -0.35575], [34.1875, -0.35575], [34.1875, -0.3555], [34.18775, -0.3555], [34.18775, -0.35525], [34.188, -0.35525], [34.188, -0.3545], [34.18825, -0.3545], [34.18825, -0.35025], [34.188, -0.35025], [34.188, -0.34975]], [[34.6565, -0.34925], [34.65625, -0.34925], [34.65625, -0.34900000000000003], [34.6565, -0.34900000000000003], [34.6565, -0.34925]], [[34.25225, -0.352], [34.2525, -0.352], [34.2525, -0.35150000000000003], [34.25275, -0.35150000000000003], [34.25275, -0.35125], [34.253, -0.35125], [34.253, -0.35100000000000003], [34.25575, -0.35100000000000003], [34.25575, -0.35050000000000003], [34.25625, -0.35050000000000003], [34.25625, -0.35025], [34.25725, -0.35025], [34.25725, -0.35125], [34.25675, -0.35125], [34.25675, -0.35150000000000003], [34.256, -0.35150000000000003], [34.256, -0.35175], [34.2555, -0.35175], [34.2555, -0.352], [34.25525, -0.352], [34.25525, -0.35225], [34.255, -0.35225], [34.255, -0.35275], [34.25475, -0.35275], [34.25475, -0.353], [34.2545, -0.353], [34.2545, -0.3535], [34.254, -0.3535], [34.254, -0.354], [34.25375, -0.354], [34.25375, -0.3545], [34.2535, -0.3545], [34.2535, -0.35475], [34.25325, -0.35475], [34.25325, -0.355], [34.2525, -0.355], [34.2525, -0.35525], [34.25225, -0.35525], [34.25225, -0.3555], [34.25175, -0.3555], [34.25175, -0.35575], [34.251, -0.35575], [34.251, -0.3555], [34.2505, -0.3555], [34.2505, -0.355], [34.251, -0.355], [34.251, -0.35475], [34.25125, -0.35475], [34.25125, -0.354], [34.2515, -0.354], [34.2515, -0.3535], [34.25175, -0.3535], [34.25175, -0.353], [34.252, -0.353], [34.252, -0.3525], [34.25225, -0.3525], [34.25225, -0.352]], [[34.22175, -0.355], [34.22225, -0.355], [34.22225, -0.35475], [34.2225, -0.35475], [34.2225, -0.35375], [34.22225, -0.35375], [34.22225, -0.353], [34.2225, -0.353], [34.2225, -0.352], [34.223, -0.352], [34.223, -0.35175], [34.2235, -0.35175], [34.2235, -0.352], [34.224, -0.352], [34.224, -0.35225], [34.22425, -0.35225], [34.22425, -0.3545], [34.2245, -0.3545], [34.2245, -0.35475], [34.225, -0.35475], [34.225, -0.355], [34.22625, -0.355], [34.22625, -0.35525], [34.227, -0.35525], [34.227, -0.3555], [34.2275, -0.3555], [34.2275, -0.35575], [34.228, -0.35575], [34.228, -0.356], [34.22825, -0.356], [34.22825, -0.35625], [34.2285, -0.35625], [34.2285, -0.35875], [34.22825, -0.35875], [34.22825, -0.35925], [34.228, -0.35925], [34.228, -0.35975], [34.22775, -0.35975], [34.22775, -0.36], [34.2275, -0.36], [34.2275, -0.36025], [34.22725, -0.36025], [34.22725, -0.3605], [34.227, -0.3605], [34.227, -0.361], [34.2265, -0.361], [34.2265, -0.3615], [34.22625, -0.3615], [34.22625, -0.362], [34.226, -0.362], [34.226, -0.36225], [34.22575, -0.36225], [34.22575, -0.36275], [34.2255, -0.36275], [34.2255, -0.3635], [34.22525, -0.3635], [34.22525, -0.36375], [34.225, -0.36375], [34.225, -0.364], [34.22475, -0.364], [34.22475, -0.36475], [34.2245, -0.36475], [34.2245, -0.365], [34.22425, -0.365], [34.22425, -0.36625], [34.2245, -0.36625], [34.2245, -0.367], [34.22425, -0.367], [34.22425, -0.3675], [34.224, -0.3675], [34.224, -0.36825], [34.22375, -0.36825], [34.22375, -0.36875], [34.2235, -0.36875], [34.2235, -0.36925], [34.223, -0.36925], [34.223, -0.37], [34.22275, -0.37], [34.22275, -0.3705], [34.2225, -0.3705], [34.2225, -0.371], [34.22225, -0.371], [34.22225, -0.37175], [34.222, -0.37175], [34.222, -0.3725], [34.22175, -0.3725], [34.22175, -0.373], [34.2215, -0.373], [34.2215, -0.37425], [34.22125, -0.37425], [34.22125, -0.3745], [34.221, -0.3745], [34.221, -0.37475], [34.22075, -0.37475], [34.22075, -0.37525000000000003], [34.2205, -0.37525000000000003], [34.2205, -0.37625000000000003], [34.22025, -0.37625000000000003], [34.22025, -0.37775000000000003], [34.22, -0.37775000000000003], [34.22, -0.37875000000000003], [34.22025, -0.37875000000000003], [34.22025, -0.37925000000000003], [34.22, -0.37925000000000003], [34.22, -0.37975000000000003], [34.2195, -0.37975000000000003], [34.2195, -0.38], [34.21925, -0.38], [34.21925, -0.3805], [34.219, -0.3805], [34.219, -0.381], [34.21875, -0.381], [34.21875, -0.38125000000000003], [34.2185, -0.38125000000000003], [34.2185, -0.38175000000000003], [34.21825, -0.38175000000000003], [34.21825, -0.383], [34.218, -0.383], [34.218, -0.3835], [34.21775, -0.3835], [34.21775, -0.38425], [34.2175, -0.38425], [34.2175, -0.385], [34.21725, -0.385], [34.21725, -0.38675], [34.217, -0.38675], [34.217, -0.38775], [34.21725, -0.38775], [34.21725, -0.39], [34.217, -0.39], [34.217, -0.391], [34.21675, -0.391], [34.21675, -0.392], [34.2165, -0.392], [34.2165, -0.39375], [34.216, -0.39375], [34.216, -0.397], [34.2165, -0.397], [34.2165, -0.3985], [34.216, -0.3985], [34.216, -0.40075], [34.21575, -0.40075], [34.21575, -0.40425], [34.216, -0.40425], [34.216, -0.4045], [34.21575, -0.4045], [34.21575, -0.405], [34.2155, -0.405], [34.2155, -0.40525], [34.21525, -0.40525], [34.21525, -0.4055], [34.215, -0.4055], [34.215, -0.40675], [34.21475, -0.40675], [34.21475, -0.40775], [34.21425, -0.40775], [34.21425, -0.40800000000000003], [34.21375, -0.40800000000000003], [34.21375, -0.40825], [34.2135, -0.40825], [34.2135, -0.40850000000000003], [34.21325, -0.40850000000000003], [34.21325, -0.40875], [34.213, -0.40875], [34.213, -0.40925], [34.2125, -0.40925], [34.2125, -0.41000000000000003], [34.212, -0.41000000000000003], [34.212, -0.41025], [34.21125, -0.41025], [34.21125, -0.41050000000000003], [34.21, -0.41050000000000003], [34.21, -0.41075], [34.20975, -0.41075], [34.20975, -0.41100000000000003], [34.209, -0.41100000000000003], [34.209, -0.41125], [34.2085, -0.41125], [34.2085, -0.41150000000000003], [34.20825, -0.41150000000000003], [34.20825, -0.41175], [34.208, -0.41175], [34.208, -0.41200000000000003], [34.20775, -0.41200000000000003], [34.20775, -0.41225], [34.2075, -0.41225], [34.2075, -0.41275], [34.207, -0.41275], [34.207, -0.41325], [34.20675, -0.41325], [34.20675, -0.41375], [34.2065, -0.41375], [34.2065, -0.41400000000000003], [34.20625, -0.41400000000000003], [34.20625, -0.41450000000000004], [34.20575, -0.41450000000000004], [34.20575, -0.41575], [34.2055, -0.41575], [34.2055, -0.41675], [34.20525, -0.41675], [34.20525, -0.41775], [34.205, -0.41775], [34.205, -0.418], [34.204, -0.418], [34.204, -0.41825], [34.20375, -0.41825], [34.20375, -0.4185], [34.19925, -0.4185], [34.19925, -0.41825], [34.1985, -0.41825], [34.1985, -0.418], [34.19825, -0.418], [34.19825, -0.41775], [34.19775, -0.41775], [34.19775, -0.4175], [34.19725, -0.4175], [34.19725, -0.41725], [34.19525, -0.41725], [34.19525, -0.4175], [34.1935, -0.4175], [34.1935, -0.41775], [34.19275, -0.41775], [34.19275, -0.418], [34.1925, -0.418], [34.1925, -0.41825], [34.19225, -0.41825], [34.19225, -0.4185], [34.191, -0.4185], [34.191, -0.41875], [34.1905, -0.41875], [34.1905, -0.419], [34.19025, -0.419], [34.19025, -0.41925], [34.18925, -0.41925], [34.18925, -0.4195], [34.18825, -0.4195], [34.18825, -0.41925], [34.188, -0.41925], [34.188, -0.4195], [34.1875, -0.4195], [34.1875, -0.41975], [34.18675, -0.41975], [34.18675, -0.42025], [34.1865, -0.42025], [34.1865, -0.4205], [34.186, -0.4205], [34.186, -0.42075], [34.1855, -0.42075], [34.1855, -0.42125], [34.185, -0.42125], [34.185, -0.4215], [34.18475, -0.4215], [34.18475, -0.422], [34.1845, -0.422], [34.1845, -0.42225], [34.18425, -0.42225], [34.18425, -0.4225], [34.18375, -0.4225], [34.18375, -0.423], [34.1835, -0.423], [34.1835, -0.4235], [34.18325, -0.4235], [34.18325, -0.424], [34.183, -0.424], [34.183, -0.42425], [34.18275, -0.42425], [34.18275, -0.4245], [34.1825, -0.4245], [34.1825, -0.42475], [34.18225, -0.42475], [34.18225, -0.425], [34.182, -0.425], [34.182, -0.42525], [34.1815, -0.42525], [34.1815, -0.4255], [34.18125, -0.4255], [34.18125, -0.426], [34.181, -0.426], [34.181, -0.42625], [34.18075, -0.42625], [34.18075, -0.42725], [34.1805, -0.42725], [34.1805, -0.42775], [34.18025, -0.42775], [34.18025, -0.428], [34.18, -0.428], [34.18, -0.4295], [34.179, -0.4295], [34.179, -0.43], [34.1785, -0.43], [34.1785, -0.4305], [34.1775, -0.4305], [34.1775, -0.43075], [34.177, -0.43075], [34.177, -0.43125], [34.1765, -0.43125], [34.1765, -0.4315], [34.17625, -0.4315], [34.17625, -0.43175], [34.17575, -0.43175], [34.17575, -0.432], [34.1755, -0.432], [34.1755, -0.43225], [34.1745, -0.43225], [34.1745, -0.4325], [34.174, -0.4325], [34.174, -0.43275], [34.17375, -0.43275], [34.17375, -0.433], [34.1735, -0.433], [34.1735, -0.43325], [34.173, -0.43325], [34.173, -0.4335], [34.17275, -0.4335], [34.17275, -0.434], [34.17225, -0.434], [34.17225, -0.43425], [34.172, -0.43425], [34.172, -0.4345], [34.171, -0.4345], [34.171, -0.43475], [34.1705, -0.43475], [34.1705, -0.435], [34.17025, -0.435], [34.17025, -0.43525], [34.17, -0.43525], [34.17, -0.4355], [34.1695, -0.4355], [34.1695, -0.43575], [34.169, -0.43575], [34.169, -0.436], [34.1685, -0.436], [34.1685, -0.43625], [34.1675, -0.43625], [34.1675, -0.4365], [34.167, -0.4365], [34.167, -0.43675], [34.1665, -0.43675], [34.1665, -0.437], [34.16625, -0.437], [34.16625, -0.4375], [34.166, -0.4375], [34.166, -0.438], [34.16575, -0.438], [34.16575, -0.43825000000000003], [34.16525, -0.43825000000000003], [34.16525, -0.4385], [34.165, -0.4385], [34.165, -0.43875000000000003], [34.16475, -0.43875000000000003], [34.16475, -0.4395], [34.16425, -0.4395], [34.16425, -0.44025000000000003], [34.16475, -0.44025000000000003], [34.16475, -0.441], [34.16425, -0.441], [34.16425, -0.44175000000000003], [34.16375, -0.44175000000000003], [34.16375, -0.442], [34.163, -0.442], [34.163, -0.44175000000000003], [34.1625, -0.44175000000000003], [34.1625, -0.4415], [34.16225, -0.4415], [34.16225, -0.44125000000000003], [34.162, -0.44125000000000003], [34.162, -0.4405], [34.16175, -0.4405], [34.16175, -0.44], [34.1615, -0.44], [34.1615, -0.4395], [34.16125, -0.4395], [34.16125, -0.43925000000000003], [34.16075, -0.43925000000000003], [34.16075, -0.439], [34.1605, -0.439], [34.1605, -0.43875000000000003], [34.16025, -0.43875000000000003], [34.16025, -0.4385], [34.16, -0.4385], [34.16, -0.43825000000000003], [34.15975, -0.43825000000000003], [34.15975, -0.438], [34.1595, -0.438], [34.1595, -0.43775000000000003], [34.15925, -0.43775000000000003], [34.15925, -0.4375], [34.159, -0.4375], [34.159, -0.437], [34.15875, -0.437], [34.15875, -0.4365], [34.1585, -0.4365], [34.1585, -0.43625], [34.15825, -0.43625], [34.15825, -0.436], [34.158, -0.436], [34.158, -0.43575], [34.15775, -0.43575], [34.15775, -0.4355], [34.15725, -0.4355], [34.15725, -0.43525], [34.157, -0.43525], [34.157, -0.435], [34.15675, -0.435], [34.15675, -0.43475], [34.1565, -0.43475], [34.1565, -0.4345], [34.15625, -0.4345], [34.15625, -0.43425], [34.156, -0.43425], [34.156, -0.434], [34.15575, -0.434], [34.15575, -0.4335], [34.15525, -0.4335], [34.15525, -0.43325], [34.15475, -0.43325], [34.15475, -0.433], [34.1545, -0.433], [34.1545, -0.43275], [34.15425, -0.43275], [34.15425, -0.4325], [34.1535, -0.4325], [34.1535, -0.43225], [34.1525, -0.43225], [34.1525, -0.432], [34.152, -0.432], [34.152, -0.43175], [34.15175, -0.43175], [34.15175, -0.4315], [34.1515, -0.4315], [34.1515, -0.43125], [34.15125, -0.43125], [34.15125, -0.43075], [34.1505, -0.43075], [34.1505, -0.42975], [34.15025, -0.42975], [34.15025, -0.4295], [34.15, -0.4295], [34.15, -0.42925], [34.14975, -0.42925], [34.14975, -0.429], [34.1495, -0.429], [34.1495, -0.42875], [34.149, -0.42875], [34.149, -0.4285], [34.1485, -0.4285], [34.1485, -0.42825], [34.14825, -0.42825], [34.14825, -0.428], [34.148, -0.428], [34.148, -0.42775], [34.14775, -0.42775], [34.14775, -0.4275], [34.1475, -0.4275], [34.1475, -0.42725], [34.14675, -0.42725], [34.14675, -0.427], [34.14625, -0.427], [34.14625, -0.4265], [34.146, -0.4265], [34.146, -0.42625], [34.1455, -0.42625], [34.1455, -0.426], [34.14525, -0.426], [34.14525, -0.42575], [34.1445, -0.42575], [34.1445, -0.4255], [34.14325, -0.4255], [34.14325, -0.42525], [34.14175, -0.42525], [34.14175, -0.4255], [34.14125, -0.4255], [34.14125, -0.42575], [34.141, -0.42575], [34.141, -0.426], [34.14075, -0.426], [34.14075, -0.42625], [34.14, -0.42625], [34.14, -0.4265], [34.13975, -0.4265], [34.13975, -0.42725], [34.1395, -0.42725], [34.1395, -0.4275], [34.13925, -0.4275], [34.13925, -0.42775], [34.139, -0.42775], [34.139, -0.428], [34.13875, -0.428], [34.13875, -0.42875], [34.1385, -0.42875], [34.1385, -0.42925], [34.13825, -0.42925], [34.13825, -0.42975], [34.138, -0.42975], [34.138, -0.4305], [34.13775, -0.4305], [34.13775, -0.43075], [34.13725, -0.43075], [34.13725, -0.431], [34.137, -0.431], [34.137, -0.43125], [34.13625, -0.43125], [34.13625, -0.4315], [34.13575, -0.4315], [34.13575, -0.43175], [34.13525, -0.43175], [34.13525, -0.432], [34.1355, -0.432], [34.1355, -0.43225], [34.13525, -0.43225], [34.13525, -0.4335], [34.135, -0.4335], [34.135, -0.434], [34.13475, -0.434], [34.13475, -0.43425], [34.1345, -0.43425], [34.1345, -0.43475], [34.13425, -0.43475], [34.13425, -0.435], [34.134, -0.435], [34.134, -0.43525], [34.1335, -0.43525], [34.1335, -0.4355], [34.13275, -0.4355], [34.13275, -0.43575], [34.13125, -0.43575], [34.13125, -0.436], [34.13025, -0.436], [34.13025, -0.4355], [34.12975, -0.4355], [34.12975, -0.43525], [34.1295, -0.43525], [34.1295, -0.43475], [34.12925, -0.43475], [34.12925, -0.4345], [34.129, -0.4345], [34.129, -0.43425], [34.12875, -0.43425], [34.12875, -0.4335], [34.1285, -0.4335], [34.1285, -0.43325], [34.12825, -0.43325], [34.12825, -0.43275], [34.128, -0.43275], [34.128, -0.4325], [34.12775, -0.4325], [34.12775, -0.43225], [34.1275, -0.43225], [34.1275, -0.432], [34.12725, -0.432], [34.12725, -0.43175], [34.127, -0.43175], [34.127, -0.43125], [34.12675, -0.43125], [34.12675, -0.431], [34.12625, -0.431], [34.12625, -0.43075], [34.126, -0.43075], [34.126, -0.4305], [34.12575, -0.4305], [34.12575, -0.43], [34.1255, -0.43], [34.1255, -0.4295], [34.12525, -0.4295], [34.12525, -0.42925], [34.125, -0.42925], [34.125, -0.429], [34.12475, -0.429], [34.12475, -0.42875], [34.124, -0.42875], [34.124, -0.4285], [34.12275, -0.4285], [34.12275, -0.42825], [34.1225, -0.42825], [34.1225, -0.42775], [34.12225, -0.42775], [34.12225, -0.4275], [34.122, -0.4275], [34.122, -0.4265], [34.12175, -0.4265], [34.12175, -0.426], [34.1215, -0.426], [34.1215, -0.42575], [34.12125, -0.42575], [34.12125, -0.42525], [34.1205, -0.42525], [34.1205, -0.425], [34.12, -0.425], [34.12, -0.42475], [34.11975, -0.42475], [34.11975, -0.4245], [34.11925, -0.4245], [34.11925, -0.42375], [34.11975, -0.42375], [34.11975, -0.42275], [34.11925, -0.42275], [34.11925, -0.42225], [34.119, -0.42225], [34.119, -0.421], [34.11875, -0.421], [34.11875, -0.42075], [34.1185, -0.42075], [34.1185, -0.419], [34.11875, -0.419], [34.11875, -0.41875], [34.119, -0.41875], [34.119, -0.418], [34.11925, -0.418], [34.11925, -0.41675], [34.11975, -0.41675], [34.11975, -0.41475], [34.12, -0.41475], [34.12, -0.41250000000000003], [34.12025, -0.41250000000000003], [34.12025, -0.41100000000000003], [34.1205, -0.41100000000000003], [34.1205, -0.41025], [34.12025, -0.41025], [34.12025, -0.41000000000000003], [34.1205, -0.41000000000000003], [34.1205, -0.40975], [34.12075, -0.40975], [34.12075, -0.40925], [34.121, -0.40925], [34.121, -0.40975], [34.12125, -0.40975], [34.12125, -0.41000000000000003], [34.1215, -0.41000000000000003], [34.1215, -0.41050000000000003], [34.12175, -0.41050000000000003], [34.12175, -0.41075], [34.122, -0.41075], [34.122, -0.41100000000000003], [34.12225, -0.41100000000000003], [34.12225, -0.41125], [34.1225, -0.41125], [34.1225, -0.41150000000000003], [34.1235, -0.41150000000000003], [34.1235, -0.41175], [34.1245, -0.41175], [34.1245, -0.41200000000000003], [34.1255, -0.41200000000000003], [34.1255, -0.41175], [34.12625, -0.41175], [34.12625, -0.41200000000000003], [34.12825, -0.41200000000000003], [34.12825, -0.41225], [34.13075, -0.41225], [34.13075, -0.41200000000000003], [34.1315, -0.41200000000000003], [34.1315, -0.41225], [34.13225, -0.41225], [34.13225, -0.41250000000000003], [34.134, -0.41250000000000003], [34.134, -0.41275], [34.1365, -0.41275], [34.1365, -0.41325], [34.13875, -0.41325], [34.13875, -0.41275], [34.13975, -0.41275], [34.13975, -0.41250000000000003], [34.1405, -0.41250000000000003], [34.1405, -0.41225], [34.14075, -0.41225], [34.14075, -0.41200000000000003], [34.14125, -0.41200000000000003], [34.14125, -0.41175], [34.1415, -0.41175], [34.1415, -0.41150000000000003], [34.14175, -0.41150000000000003], [34.14175, -0.41100000000000003], [34.142, -0.41100000000000003], [34.142, -0.41075], [34.14225, -0.41075], [34.14225, -0.41050000000000003], [34.1425, -0.41050000000000003], [34.1425, -0.41025], [34.14275, -0.41025], [34.14275, -0.40975], [34.143, -0.40975], [34.143, -0.40900000000000003], [34.14325, -0.40900000000000003], [34.14325, -0.40875], [34.1435, -0.40875], [34.1435, -0.40800000000000003], [34.144, -0.40800000000000003], [34.144, -0.40775], [34.14425, -0.40775], [34.14425, -0.40725], [34.1445, -0.40725], [34.1445, -0.40650000000000003], [34.14475, -0.40650000000000003], [34.14475, -0.40575], [34.145, -0.40575], [34.145, -0.405], [34.14525, -0.405], [34.14525, -0.4045], [34.1455, -0.4045], [34.1455, -0.404], [34.14575, -0.404], [34.14575, -0.40375], [34.14625, -0.40375], [34.14625, -0.40325], [34.1465, -0.40325], [34.1465, -0.40225], [34.14675, -0.40225], [34.14675, -0.402], [34.147, -0.402], [34.147, -0.4015], [34.1475, -0.4015], [34.1475, -0.40075], [34.14775, -0.40075], [34.14775, -0.40025], [34.148, -0.40025], [34.148, -0.3995], [34.1485, -0.3995], [34.1485, -0.39975], [34.149, -0.39975], [34.149, -0.40025], [34.14925, -0.40025], [34.14925, -0.4005], [34.15, -0.4005], [34.15, -0.40075], [34.15275, -0.40075], [34.15275, -0.4005], [34.15375, -0.4005], [34.15375, -0.40025], [34.155, -0.40025], [34.155, -0.4], [34.1565, -0.4], [34.1565, -0.39975], [34.157, -0.39975], [34.157, -0.3995], [34.158, -0.3995], [34.158, -0.399], [34.15825, -0.399], [34.15825, -0.39875], [34.159, -0.39875], [34.159, -0.3985], [34.15925, -0.3985], [34.15925, -0.398], [34.1595, -0.398], [34.1595, -0.39775], [34.15975, -0.39775], [34.15975, -0.3975], [34.16, -0.3975], [34.16, -0.39725], [34.16025, -0.39725], [34.16025, -0.39675], [34.1605, -0.39675], [34.1605, -0.3965], [34.16075, -0.3965], [34.16075, -0.3955], [34.16125, -0.3955], [34.16125, -0.39525], [34.1615, -0.39525], [34.1615, -0.39475], [34.16175, -0.39475], [34.16175, -0.39425], [34.162, -0.39425], [34.162, -0.3935], [34.16225, -0.3935], [34.16225, -0.391], [34.162, -0.391], [34.162, -0.3905], [34.16225, -0.3905], [34.16225, -0.38975], [34.1625, -0.38975], [34.1625, -0.389], [34.16275, -0.389], [34.16275, -0.388], [34.1625, -0.388], [34.1625, -0.38775], [34.16275, -0.38775], [34.16275, -0.38375000000000004], [34.1625, -0.38375000000000004], [34.1625, -0.38325000000000004], [34.162, -0.38325000000000004], [34.162, -0.383], [34.1615, -0.383], [34.1615, -0.38275000000000003], [34.16075, -0.38275000000000003], [34.16075, -0.3825], [34.1605, -0.3825], [34.1605, -0.38225000000000003], [34.16025, -0.38225000000000003], [34.16025, -0.38175000000000003], [34.16, -0.38175000000000003], [34.16, -0.3815], [34.15975, -0.3815], [34.15975, -0.381], [34.1595, -0.381], [34.1595, -0.38075000000000003], [34.15925, -0.38075000000000003], [34.15925, -0.37925000000000003], [34.159, -0.37925000000000003], [34.159, -0.37875000000000003], [34.1585, -0.37875000000000003], [34.1585, -0.378], [34.15875, -0.378], [34.15875, -0.3775], [34.1585, -0.3775], [34.1585, -0.37725000000000003], [34.15875, -0.37725000000000003], [34.15875, -0.3765], [34.15975, -0.3765], [34.15975, -0.37625000000000003], [34.16, -0.37625000000000003], [34.16, -0.376], [34.16025, -0.376], [34.16025, -0.37575000000000003], [34.1605, -0.37575000000000003], [34.1605, -0.3755], [34.16075, -0.3755], [34.16075, -0.37525000000000003], [34.16125, -0.37525000000000003], [34.16125, -0.37475], [34.1615, -0.37475], [34.1615, -0.3745], [34.1625, -0.3745], [34.1625, -0.37475], [34.16475, -0.37475], [34.16475, -0.37525000000000003], [34.16525, -0.37525000000000003], [34.16525, -0.3755], [34.16575, -0.3755], [34.16575, -0.37575000000000003], [34.1665, -0.37575000000000003], [34.1665, -0.376], [34.167, -0.376], [34.167, -0.37575000000000003], [34.1675, -0.37575000000000003], [34.1675, -0.376], [34.171, -0.376], [34.171, -0.37625000000000003], [34.17125, -0.37625000000000003], [34.17125, -0.3765], [34.17175, -0.3765], [34.17175, -0.37675000000000003], [34.17225, -0.37675000000000003], [34.17225, -0.377], [34.1725, -0.377], [34.1725, -0.37725000000000003], [34.173, -0.37725000000000003], [34.173, -0.3775], [34.174, -0.3775], [34.174, -0.37775000000000003], [34.1745, -0.37775000000000003], [34.1745, -0.37825000000000003], [34.175, -0.37825000000000003], [34.175, -0.379], [34.17525, -0.379], [34.17525, -0.3795], [34.17575, -0.3795], [34.17575, -0.38], [34.176, -0.38], [34.176, -0.38025000000000003], [34.17625, -0.38025000000000003], [34.17625, -0.38075000000000003], [34.1765, -0.38075000000000003], [34.1765, -0.381], [34.17675, -0.381], [34.17675, -0.3815], [34.177, -0.3815], [34.177, -0.38175000000000003], [34.17725, -0.38175000000000003], [34.17725, -0.38225000000000003], [34.1775, -0.38225000000000003], [34.1775, -0.3825], [34.17775, -0.3825], [34.17775, -0.38275000000000003], [34.178, -0.38275000000000003], [34.178, -0.383], [34.179, -0.383], [34.179, -0.38325000000000004], [34.1805, -0.38325000000000004], [34.1805, -0.3835], [34.181, -0.3835], [34.181, -0.38375000000000004], [34.18325, -0.38375000000000004], [34.18325, -0.384], [34.185, -0.384], [34.185, -0.38425], [34.1855, -0.38425], [34.1855, -0.3845], [34.18575, -0.3845], [34.18575, -0.38475], [34.186, -0.38475], [34.186, -0.385], [34.18625, -0.385], [34.18625, -0.38575], [34.18675, -0.38575], [34.18675, -0.386], [34.187, -0.386], [34.187, -0.3865], [34.18725, -0.3865], [34.18725, -0.38675], [34.1895, -0.38675], [34.1895, -0.387], [34.1905, -0.387], [34.1905, -0.38675], [34.19075, -0.38675], [34.19075, -0.3865], [34.1915, -0.3865], [34.1915, -0.38625], [34.19225, -0.38625], [34.19225, -0.386], [34.1925, -0.386], [34.1925, -0.38625], [34.19275, -0.38625], [34.19275, -0.3865], [34.193, -0.3865], [34.193, -0.387], [34.19325, -0.387], [34.19325, -0.38725], [34.1935, -0.38725], [34.1935, -0.3875], [34.19375, -0.3875], [34.19375, -0.38775], [34.19425, -0.38775], [34.19425, -0.388], [34.19475, -0.388], [34.19475, -0.38825], [34.195, -0.38825], [34.195, -0.3885], [34.19575, -0.3885], [34.19575, -0.38925], [34.19625, -0.38925], [34.19625, -0.3895], [34.1965, -0.3895], [34.1965, -0.38975], [34.19675, -0.38975], [34.19675, -0.39025], [34.197, -0.39025], [34.197, -0.39075], [34.19725, -0.39075], [34.19725, -0.39125], [34.1975, -0.39125], [34.1975, -0.39275], [34.19775, -0.39275], [34.19775, -0.39425], [34.198, -0.39425], [34.198, -0.39475], [34.19775, -0.39475], [34.19775, -0.3955], [34.1975, -0.3955], [34.1975, -0.39675], [34.198, -0.39675], [34.198, -0.397], [34.1985, -0.397], [34.1985, -0.39725], [34.1995, -0.39725], [34.1995, -0.3975], [34.2, -0.3975], [34.2, -0.39775], [34.2015, -0.39775], [34.2015, -0.3975], [34.20275, -0.3975], [34.20275, -0.39725], [34.203, -0.39725], [34.203, -0.397], [34.20325, -0.397], [34.20325, -0.39675], [34.2035, -0.39675], [34.2035, -0.3965], [34.204, -0.3965], [34.204, -0.39625], [34.2045, -0.39625], [34.2045, -0.3955], [34.205, -0.3955], [34.205, -0.39525], [34.20525, -0.39525], [34.20525, -0.395], [34.20575, -0.395], [34.20575, -0.39475], [34.2065, -0.39475], [34.2065, -0.3945], [34.20675, -0.3945], [34.20675, -0.39425], [34.207, -0.39425], [34.207, -0.394], [34.20725, -0.394], [34.20725, -0.39375], [34.20775, -0.39375], [34.20775, -0.3935], [34.208, -0.3935], [34.208, -0.39325], [34.2085, -0.39325], [34.2085, -0.39275], [34.20875, -0.39275], [34.20875, -0.392], [34.209, -0.392], [34.209, -0.3915], [34.20925, -0.3915], [34.20925, -0.39125], [34.20975, -0.39125], [34.20975, -0.391], [34.21025, -0.391], [34.21025, -0.3905], [34.2105, -0.3905], [34.2105, -0.39025], [34.21075, -0.39025], [34.21075, -0.38975], [34.211, -0.38975], [34.211, -0.389], [34.21125, -0.389], [34.21125, -0.38775], [34.211, -0.38775], [34.211, -0.38725], [34.21075, -0.38725], [34.21075, -0.38675], [34.2105, -0.38675], [34.2105, -0.38625], [34.21025, -0.38625], [34.21025, -0.3845], [34.2105, -0.3845], [34.2105, -0.3835], [34.21075, -0.3835], [34.21075, -0.38325000000000004], [34.211, -0.38325000000000004], [34.211, -0.3825], [34.21125, -0.3825], [34.21125, -0.38225000000000003], [34.2115, -0.38225000000000003], [34.2115, -0.38125000000000003], [34.21175, -0.38125000000000003], [34.21175, -0.38075000000000003], [34.212, -0.38075000000000003], [34.212, -0.38], [34.21225, -0.38], [34.21225, -0.3795], [34.2125, -0.3795], [34.2125, -0.37875000000000003], [34.213, -0.37875000000000003], [34.213, -0.37725000000000003], [34.2125, -0.37725000000000003], [34.2125, -0.3765], [34.21225, -0.3765], [34.21225, -0.37575000000000003], [34.212, -0.37575000000000003], [34.212, -0.37475], [34.21175, -0.37475], [34.21175, -0.37325], [34.212, -0.37325], [34.212, -0.37275], [34.21225, -0.37275], [34.21225, -0.37], [34.2125, -0.37], [34.2125, -0.36975], [34.21225, -0.36975], [34.21225, -0.3675], [34.212, -0.3675], [34.212, -0.36725], [34.21175, -0.36725], [34.21175, -0.36675], [34.2115, -0.36675], [34.2115, -0.36625], [34.21175, -0.36625], [34.21175, -0.366], [34.2115, -0.366], [34.2115, -0.3655], [34.21125, -0.3655], [34.21125, -0.36475], [34.2115, -0.36475], [34.2115, -0.364], [34.21175, -0.364], [34.21175, -0.36375], [34.212, -0.36375], [34.212, -0.36325], [34.21225, -0.36325], [34.21225, -0.36275], [34.2125, -0.36275], [34.2125, -0.3625], [34.213, -0.3625], [34.213, -0.36225], [34.21325, -0.36225], [34.21325, -0.362], [34.2135, -0.362], [34.2135, -0.36175], [34.21375, -0.36175], [34.21375, -0.361], [34.21425, -0.361], [34.21425, -0.36075], [34.2145, -0.36075], [34.2145, -0.3605], [34.215, -0.3605], [34.215, -0.36025], [34.2155, -0.36025], [34.2155, -0.36], [34.21575, -0.36], [34.21575, -0.35975], [34.21725, -0.35975], [34.21725, -0.35925], [34.2175, -0.35925], [34.2175, -0.359], [34.21775, -0.359], [34.21775, -0.3585], [34.21825, -0.3585], [34.21825, -0.35825], [34.2185, -0.35825], [34.2185, -0.359], [34.219, -0.359], [34.219, -0.35925], [34.2195, -0.35925], [34.2195, -0.359], [34.22, -0.359], [34.22, -0.35875], [34.22025, -0.35875], [34.22025, -0.3585], [34.2205, -0.3585], [34.2205, -0.35825], [34.22075, -0.35825], [34.22075, -0.358], [34.221, -0.358], [34.221, -0.35725], [34.22125, -0.35725], [34.22125, -0.35675], [34.2215, -0.35675], [34.2215, -0.356], [34.22175, -0.356], [34.22175, -0.355]], [[34.3295, -0.37075], [34.329, -0.37075], [34.329, -0.3705], [34.32875, -0.3705], [34.32875, -0.37025], [34.3285, -0.37025], [34.3285, -0.37], [34.32825, -0.37], [34.32825, -0.36975], [34.328, -0.36975], [34.328, -0.36925], [34.3295, -0.36925], [34.3295, -0.3695], [34.32975, -0.3695], [34.32975, -0.3705], [34.3295, -0.3705], [34.3295, -0.37075]], [[34.27725, -0.38225000000000003], [34.27675, -0.38225000000000003], [34.27675, -0.38125000000000003], [34.277, -0.38125000000000003], [34.277, -0.38075000000000003], [34.27725, -0.38075000000000003], [34.27725, -0.3805], [34.27775, -0.3805], [34.27775, -0.38], [34.278, -0.38], [34.278, -0.37975000000000003], [34.27875, -0.37975000000000003], [34.27875, -0.38], [34.279, -0.38], [34.279, -0.38125000000000003], [34.27875, -0.38125000000000003], [34.27875, -0.3815], [34.27775, -0.3815], [34.27775, -0.38175000000000003], [34.27725, -0.38175000000000003], [34.27725, -0.38225000000000003]], [[34.276, -0.4], [34.27625, -0.4], [34.27625, -0.40025], [34.276, -0.40025], [34.276, -0.4005], [34.27475, -0.4005], [34.27475, -0.40025], [34.2745, -0.40025], [34.2745, -0.4], [34.27525, -0.4], [34.27525, -0.39975], [34.276, -0.39975], [34.276, -0.4]], [[34.23175, -0.4275], [34.2315, -0.4275], [34.2315, -0.42725], [34.23125, -0.42725], [34.23125, -0.42625], [34.2315, -0.42625], [34.2315, -0.42575], [34.232, -0.42575], [34.232, -0.4255], [34.233, -0.4255], [34.233, -0.42525], [34.234, -0.42525], [34.234, -0.4255], [34.23425, -0.4255], [34.23425, -0.42625], [34.234, -0.42625], [34.234, -0.4265], [34.23375, -0.4265], [34.23375, -0.427], [34.23325, -0.427], [34.23325, -0.42725], [34.233, -0.42725], [34.233, -0.4275], [34.23225, -0.4275], [34.23225, -0.42775], [34.23175, -0.42775], [34.23175, -0.4275]], [[34.22775, -0.43275], [34.22725, -0.43275], [34.22725, -0.433], [34.22625, -0.433], [34.22625, -0.43275], [34.226, -0.43275], [34.226, -0.43225], [34.22625, -0.43225], [34.22625, -0.431], [34.2265, -0.431], [34.2265, -0.4305], [34.22775, -0.4305], [34.22775, -0.43075], [34.228, -0.43075], [34.228, -0.431], [34.22825, -0.431], [34.22825, -0.43225], [34.228, -0.43225], [34.228, -0.4325], [34.22775, -0.4325], [34.22775, -0.43275]], [[34.3735, -0.43825000000000003], [34.37375, -0.43825000000000003], [34.37375, -0.438], [34.374, -0.438], [34.374, -0.43775000000000003], [34.3745, -0.43775000000000003], [34.3745, -0.4375], [34.37475, -0.4375], [34.37475, -0.437], [34.375, -0.437], [34.375, -0.43675], [34.376, -0.43675], [34.376, -0.437], [34.37625, -0.437], [34.37625, -0.43775000000000003], [34.3765, -0.43775000000000003], [34.3765, -0.4385], [34.37625, -0.4385], [34.37625, -0.43875000000000003], [34.37575, -0.43875000000000003], [34.37575, -0.43925000000000003], [34.3755, -0.43925000000000003], [34.3755, -0.43975000000000003], [34.3745, -0.43975000000000003], [34.3745, -0.4395], [34.37375, -0.4395], [34.37375, -0.43925000000000003], [34.37325, -0.43925000000000003], [34.37325, -0.4385], [34.3735, -0.4385], [34.3735, -0.43825000000000003]], [[34.28025, -0.45475], [34.27975, -0.45475], [34.27975, -0.45425], [34.28025, -0.45425], [34.28025, -0.45475]], [[34.2805, -0.4555], [34.28025, -0.4555], [34.28025, -0.455], [34.2805, -0.455], [34.2805, -0.4555]], [[34.0945, -0.47025], [34.0955, -0.47025], [34.0955, -0.47000000000000003], [34.09575, -0.47000000000000003], [34.09575, -0.46975], [34.0955, -0.46975], [34.0955, -0.46925], [34.09575, -0.46925], [34.09575, -0.46900000000000003], [34.096, -0.46900000000000003], [34.096, -0.46875], [34.09775, -0.46875], [34.09775, -0.46900000000000003], [34.099, -0.46900000000000003], [34.099, -0.46925], [34.09925, -0.46925], [34.09925, -0.46950000000000003], [34.09975, -0.46950000000000003], [34.09975, -0.46975], [34.0995, -0.46975], [34.0995, -0.47025], [34.09925, -0.47025], [34.09925, -0.47075], [34.099, -0.47075], [34.099, -0.47100000000000003], [34.0985, -0.47100000000000003], [34.0985, -0.47125], [34.09825, -0.47125], [34.09825, -0.47150000000000003], [34.0975, -0.47150000000000003], [34.0975, -0.47225], [34.09725, -0.47225], [34.09725, -0.47250000000000003], [34.09675, -0.47250000000000003], [34.09675, -0.47275], [34.0965, -0.47275], [34.0965, -0.47300000000000003], [34.09625, -0.47300000000000003], [34.09625, -0.47325], [34.096, -0.47325], [34.096, -0.47350000000000003], [34.0955, -0.47350000000000003], [34.0955, -0.47400000000000003], [34.09475, -0.47400000000000003], [34.09475, -0.47425], [34.0945, -0.47425], [34.0945, -0.47450000000000003], [34.09425, -0.47450000000000003], [34.09425, -0.47475], [34.094, -0.47475], [34.094, -0.47550000000000003], [34.09375, -0.47550000000000003], [34.09375, -0.47600000000000003], [34.0935, -0.47600000000000003], [34.0935, -0.47625], [34.09325, -0.47625], [34.09325, -0.47650000000000003], [34.093, -0.47650000000000003], [34.093, -0.47700000000000004], [34.09275, -0.47700000000000004], [34.09275, -0.47725], [34.09225, -0.47725], [34.09225, -0.47750000000000004], [34.09175, -0.47750000000000004], [34.09175, -0.47775], [34.09125, -0.47775], [34.09125, -0.47800000000000004], [34.091, -0.47800000000000004], [34.091, -0.47825], [34.09075, -0.47825], [34.09075, -0.47850000000000004], [34.09025, -0.47850000000000004], [34.09025, -0.47900000000000004], [34.09, -0.47900000000000004], [34.09, -0.47925], [34.08975, -0.47925], [34.08975, -0.47975], [34.08925, -0.47975], [34.08925, -0.48], [34.08875, -0.48], [34.08875, -0.48025], [34.08725, -0.48025], [34.08725, -0.4805], [34.08675, -0.4805], [34.08675, -0.48075], [34.087, -0.48075], [34.087, -0.481], [34.08675, -0.481], [34.08675, -0.48175], [34.08625, -0.48175], [34.08625, -0.4825], [34.086, -0.4825], [34.086, -0.48275], [34.08525, -0.48275], [34.08525, -0.48325], [34.08475, -0.48325], [34.08475, -0.4835], [34.0845, -0.4835], [34.0845, -0.48375], [34.08425, -0.48375], [34.08425, -0.48425], [34.084, -0.48425], [34.084, -0.4845], [34.08325, -0.4845], [34.08325, -0.485], [34.083, -0.485], [34.083, -0.48525], [34.08275, -0.48525], [34.08275, -0.48575], [34.082, -0.48575], [34.082, -0.48525], [34.08125, -0.48525], [34.08125, -0.48575], [34.081, -0.48575], [34.081, -0.48525], [34.07975, -0.48525], [34.07975, -0.485], [34.07925, -0.485], [34.07925, -0.48475], [34.07875, -0.48475], [34.07875, -0.4845], [34.07825, -0.4845], [34.07825, -0.484], [34.079, -0.484], [34.079, -0.48425], [34.08, -0.48425], [34.08, -0.484], [34.08025, -0.484], [34.08025, -0.48375], [34.0805, -0.48375], [34.0805, -0.48325], [34.08075, -0.48325], [34.08075, -0.483], [34.08125, -0.483], [34.08125, -0.48275], [34.082, -0.48275], [34.082, -0.4825], [34.08225, -0.4825], [34.08225, -0.47975], [34.0825, -0.47975], [34.0825, -0.47950000000000004], [34.08275, -0.47950000000000004], [34.08275, -0.47925], [34.0825, -0.47925], [34.0825, -0.47850000000000004], [34.08275, -0.47850000000000004], [34.08275, -0.47800000000000004], [34.083, -0.47800000000000004], [34.083, -0.47775], [34.08325, -0.47775], [34.08325, -0.47750000000000004], [34.0835, -0.47750000000000004], [34.0835, -0.47675], [34.08325, -0.47675], [34.08325, -0.47550000000000003], [34.083, -0.47550000000000003], [34.083, -0.47425], [34.08275, -0.47425], [34.08275, -0.47375], [34.083, -0.47375], [34.083, -0.47325], [34.08325, -0.47325], [34.08325, -0.47300000000000003], [34.084, -0.47300000000000003], [34.084, -0.47275], [34.08575, -0.47275], [34.08575, -0.47250000000000003], [34.0865, -0.47250000000000003], [34.0865, -0.47225], [34.08725, -0.47225], [34.08725, -0.47200000000000003], [34.088, -0.47200000000000003], [34.088, -0.47150000000000003], [34.08825, -0.47150000000000003], [34.08825, -0.47125], [34.089, -0.47125], [34.089, -0.47100000000000003], [34.08975, -0.47100000000000003], [34.08975, -0.47125], [34.09125, -0.47125], [34.09125, -0.47100000000000003], [34.09175, -0.47100000000000003], [34.09175, -0.47075], [34.093, -0.47075], [34.093, -0.47050000000000003], [34.09325, -0.47050000000000003], [34.09325, -0.47025], [34.0935, -0.47025], [34.0935, -0.47050000000000003], [34.0945, -0.47050000000000003], [34.0945, -0.47025]], [[34.136, -0.47275], [34.13575, -0.47275], [34.13575, -0.47300000000000003], [34.1355, -0.47300000000000003], [34.1355, -0.47275], [34.135, -0.47275], [34.135, -0.47250000000000003], [34.13475, -0.47250000000000003], [34.13475, -0.47200000000000003], [34.1345, -0.47200000000000003], [34.1345, -0.47125], [34.136, -0.47125], [34.136, -0.47275]], [[34.13725, -0.47575], [34.13625, -0.47575], [34.13625, -0.47500000000000003], [34.136, -0.47500000000000003], [34.136, -0.47475], [34.1355, -0.47475], [34.1355, -0.47375], [34.13575, -0.47375], [34.13575, -0.47350000000000003], [34.136, -0.47350000000000003], [34.136, -0.47325], [34.1365, -0.47325], [34.1365, -0.47350000000000003], [34.137, -0.47350000000000003], [34.137, -0.47375], [34.13725, -0.47375], [34.13725, -0.47425], [34.1375, -0.47425], [34.1375, -0.47550000000000003], [34.13725, -0.47550000000000003], [34.13725, -0.47575]], [[34.36925, -0.48], [34.369, -0.48], [34.369, -0.48025], [34.368, -0.48025], [34.368, -0.47950000000000004], [34.36925, -0.47950000000000004], [34.36925, -0.48]], [[34.08425, -0.519], [34.08475, -0.519], [34.08475, -0.51875], [34.08525, -0.51875], [34.08525, -0.5185], [34.0855, -0.5185], [34.0855, -0.51825], [34.086, -0.51825], [34.086, -0.518], [34.0865, -0.518], [34.0865, -0.51775], [34.08775, -0.51775], [34.08775, -0.518], [34.08875, -0.518], [34.08875, -0.51825], [34.0905, -0.51825], [34.0905, -0.5185], [34.09075, -0.5185], [34.09075, -0.51875], [34.091, -0.51875], [34.091, -0.51925], [34.09125, -0.51925], [34.09125, -0.51975], [34.0915, -0.51975], [34.0915, -0.52], [34.09175, -0.52], [34.09175, -0.5205], [34.09225, -0.5205], [34.09225, -0.52075], [34.09275, -0.52075], [34.09275, -0.521], [34.093, -0.521], [34.093, -0.52125], [34.09325, -0.52125], [34.09325, -0.52175], [34.0935, -0.52175], [34.0935, -0.522], [34.09375, -0.522], [34.09375, -0.52225], [34.094, -0.52225], [34.094, -0.52275], [34.09425, -0.52275], [34.09425, -0.523], [34.0945, -0.523], [34.0945, -0.52325], [34.09475, -0.52325], [34.09475, -0.52425], [34.095, -0.52425], [34.095, -0.52475], [34.0955, -0.52475], [34.0955, -0.5255], [34.09575, -0.5255], [34.09575, -0.526], [34.096, -0.526], [34.096, -0.5265], [34.09625, -0.5265], [34.09625, -0.52675], [34.0965, -0.52675], [34.0965, -0.52725], [34.09675, -0.52725], [34.09675, -0.52825], [34.0965, -0.52825], [34.0965, -0.52875], [34.09625, -0.52875], [34.09625, -0.5295], [34.096, -0.5295], [34.096, -0.53125], [34.09575, -0.53125], [34.09575, -0.5315], [34.095, -0.5315], [34.095, -0.5317500000000001], [34.09475, -0.5317500000000001], [34.09475, -0.532], [34.09425, -0.532], [34.09425, -0.53225], [34.09375, -0.53225], [34.09375, -0.5325], [34.09325, -0.5325], [34.09325, -0.5327500000000001], [34.093, -0.5327500000000001], [34.093, -0.533], [34.0925, -0.533], [34.0925, -0.53325], [34.09075, -0.53325], [34.09075, -0.533], [34.088, -0.533], [34.088, -0.5327500000000001], [34.0865, -0.5327500000000001], [34.0865, -0.5325], [34.08625, -0.5325], [34.08625, -0.53225], [34.0865, -0.53225], [34.0865, -0.5317500000000001], [34.08675, -0.5317500000000001], [34.08675, -0.531], [34.0865, -0.531], [34.0865, -0.53025], [34.08625, -0.53025], [34.08625, -0.5295], [34.086, -0.5295], [34.086, -0.52875], [34.08575, -0.52875], [34.08575, -0.528], [34.0855, -0.528], [34.0855, -0.52775], [34.08525, -0.52775], [34.08525, -0.52575], [34.0855, -0.52575], [34.0855, -0.52425], [34.08575, -0.52425], [34.08575, -0.524], [34.086, -0.524], [34.086, -0.52375], [34.08575, -0.52375], [34.08575, -0.5225], [34.0855, -0.5225], [34.0855, -0.522], [34.08525, -0.522], [34.08525, -0.5215], [34.08475, -0.5215], [34.08475, -0.52125], [34.0845, -0.52125], [34.0845, -0.51975], [34.08425, -0.51975], [34.08425, -0.519]]], [[[34.3305, -0.2285], [34.3305, -0.22825], [34.33, -0.22825], [34.33, -0.2285], [34.3305, -0.2285]]], [[[34.33075, -0.2135], [34.33075, -0.21325], [34.3305, -0.21325], [34.3305, -0.2135], [34.33075, -0.2135]]], [[[34.30825, -0.196], [34.30825, -0.19575], [34.308, -0.19575], [34.308, -0.196], [34.30825, -0.196]]], [[[34.263, -0.182], [34.263, -0.1825], [34.2635, -0.1825], [34.2635, -0.18175], [34.26325, -0.18175], [34.26325, -0.182], [34.263, -0.182]]], [[[34.301, -0.176], [34.301, -0.17575000000000002], [34.3005, -0.17575000000000002], [34.3005, -0.17550000000000002], [34.30025, -0.17550000000000002], [34.30025, -0.176], [34.301, -0.176]]], [[[34.301, -0.17500000000000002], [34.301, -0.17475000000000002], [34.30075, -0.17475000000000002], [34.30075, -0.17500000000000002], [34.301, -0.17500000000000002]]], [[[34.494, -0.17475000000000002], [34.494, -0.17425000000000002], [34.49375, -0.17425000000000002], [34.49375, -0.17475000000000002], [34.494, -0.17475000000000002]]], [[[34.2895, -0.159], [34.2895, -0.15875], [34.28925, -0.15875], [34.28925, -0.159], [34.2895, -0.159]]], [[[34.333, -0.15675], [34.33275, -0.15675], [34.33275, -0.157], [34.333, -0.157], [34.333, -0.15675]]], [[[34.3905, -0.15325], [34.3905, -0.1535], [34.391, -0.1535], [34.391, -0.153], [34.39075, -0.153], [34.39075, -0.15325], [34.3905, -0.15325]]], [[[34.323, -0.1525], [34.323, -0.152], [34.32275, -0.152], [34.32275, -0.1525], [34.323, -0.1525]]], [[[34.402, -0.14875], [34.402, -0.14825], [34.40125, -0.14825], [34.40125, -0.14875], [34.402, -0.14875]]], [[[34.344, -0.14250000000000002], [34.344, -0.14225000000000002], [34.34375, -0.14225000000000002], [34.34375, -0.14250000000000002], [34.344, -0.14250000000000002]]], [[[34.2285, -0.13], [34.2285, -0.12975], [34.22825, -0.12975], [34.22825, -0.13], [34.2285, -0.13]]], [[[34.44125, -0.129], [34.44125, -0.12875], [34.4405, -0.12875], [34.4405, -0.129], [34.44125, -0.129]]], [[[34.32575, -0.1285], [34.32575, -0.12825], [34.3255, -0.12825], [34.3255, -0.1285], [34.32575, -0.1285]]], [[[34.3255, -0.11950000000000001], [34.3255, -0.12], [34.32525, -0.12], [34.32525, -0.1205], [34.32625, -0.1205], [34.32625, -0.12], [34.326, -0.12], [34.326, -0.11975000000000001], [34.32575, -0.11975000000000001], [34.32575, -0.11950000000000001], [34.3255, -0.11950000000000001]]], [[[34.31725, -0.11625], [34.31725, -0.116], [34.317, -0.116], [34.317, -0.11625], [34.31725, -0.11625]]], [[[34.445, -0.11325], [34.445, -0.113], [34.44475, -0.113], [34.44475, -0.11325], [34.445, -0.11325]]], [[[34.2425, -0.1095], [34.2425, -0.10925], [34.24225, -0.10925], [34.24225, -0.1095], [34.2425, -0.1095]]], [[[34.242, -0.109], [34.242, -0.10925], [34.24225, -0.10925], [34.24225, -0.109], [34.242, -0.109]]], [[[34.28425, -0.09975], [34.28425, -0.0995], [34.28325, -0.0995], [34.28325, -0.09975], [34.28425, -0.09975]]], [[[34.226, -0.09875], [34.226, -0.09825], [34.22525, -0.09825], [34.22525, -0.099], [34.2255, -0.099], [34.2255, -0.09925], [34.22575, -0.09925], [34.22575, -0.09875], [34.226, -0.09875]]], [[[34.335, -0.09425], [34.335, -0.09375], [34.33475, -0.09375], [34.33475, -0.094], [34.3345, -0.094], [34.3345, -0.0945], [34.33475, -0.0945], [34.33475, -0.09425], [34.335, -0.09425]]], [[[34.34475, -0.09375], [34.34475, -0.09325], [34.3445, -0.09325], [34.3445, -0.09375], [34.34475, -0.09375]]], [[[34.39025, -0.09325], [34.39025, -0.09275], [34.39, -0.09275], [34.39, -0.09325], [34.39025, -0.09325]]], [[[34.3175, -0.08600000000000001], [34.3175, -0.08575], [34.31725, -0.08575], [34.31725, -0.08600000000000001], [34.3175, -0.08600000000000001]]], [[[34.347, -0.083], [34.347, -0.08325], [34.34725, -0.08325], [34.34725, -0.0835], [34.3475, -0.0835], [34.3475, -0.08325], [34.348, -0.08325], [34.348, -0.08275], [34.3475, -0.08275], [34.3475, -0.0825], [34.347, -0.0825], [34.347, -0.08275], [34.34675, -0.08275], [34.34675, -0.083], [34.347, -0.083]]], [[[34.29475, -0.0795], [34.29475, -0.07925], [34.29425, -0.07925], [34.29425, -0.0795], [34.29475, -0.0795]]], [[[34.31125, -0.0775], [34.31125, -0.07725], [34.311, -0.07725], [34.311, -0.0765], [34.31075, -0.0765], [34.31075, -0.07625], [34.3105, -0.07625], [34.3105, -0.07525], [34.31025, -0.07525], [34.31025, -0.075], [34.31, -0.075], [34.31, -0.07525], [34.30975, -0.07525], [34.30975, -0.07575], [34.30925, -0.07575], [34.30925, -0.076], [34.309, -0.076], [34.309, -0.0765], [34.30975, -0.0765], [34.30975, -0.07675], [34.31, -0.07675], [34.31, -0.077], [34.3105, -0.077], [34.3105, -0.0775], [34.31075, -0.0775], [34.31075, -0.078], [34.31125, -0.078], [34.31125, -0.07825], [34.3115, -0.07825], [34.3115, -0.0785], [34.31175, -0.0785], [34.31175, -0.078], [34.3115, -0.078], [34.3115, -0.0775], [34.31125, -0.0775]]], [[[34.2215, -0.07050000000000001], [34.2215, -0.07025], [34.221, -0.07025], [34.221, -0.07050000000000001], [34.2215, -0.07050000000000001]]], [[[34.33275, -0.0695], [34.33275, -0.06925], [34.3325, -0.06925], [34.3325, -0.0695], [34.33275, -0.0695]]], [[[34.2345, -0.0615], [34.2345, -0.06125], [34.23425, -0.06125], [34.23425, -0.0615], [34.2345, -0.0615]]], [[[34.432, -0.051500000000000004], [34.432, -0.051750000000000004], [34.4325, -0.051750000000000004], [34.4325, -0.051250000000000004], [34.43225, -0.051250000000000004], [34.43225, -0.051500000000000004], [34.432, -0.051500000000000004]]], [[[34.20075, -0.04875], [34.20075, -0.0485], [34.2005, -0.0485], [34.2005, -0.04875], [34.20075, -0.04875]]], [[[34.274, -0.03475], [34.274, -0.0345], [34.2735, -0.0345], [34.2735, -0.03475], [34.274, -0.03475]]], [[[34.247, -0.022], [34.247, -0.021750000000000002], [34.24675, -0.021750000000000002], [34.24675, -0.022], [34.247, -0.022]]], [[[34.184, -0.021500000000000002], [34.18375, -0.021500000000000002], [34.18375, -0.022], [34.184, -0.022], [34.184, -0.021750000000000002], [34.1845, -0.021750000000000002], [34.1845, -0.021500000000000002], [34.18475, -0.021500000000000002], [34.18475, -0.02125], [34.185, -0.02125], [34.185, -0.021], [34.1845, -0.021], [34.1845, -0.02125], [34.184, -0.02125], [34.184, -0.021500000000000002]]], [[[34.186, -0.02075], [34.185, -0.02075], [34.185, -0.021], [34.186, -0.021], [34.186, -0.02075]]], [[[34.217, -0.021], [34.21675, -0.021], [34.21675, -0.02125], [34.21725, -0.02125], [34.21725, -0.02075], [34.2175, -0.02075], [34.2175, -0.021], [34.21775, -0.021], [34.21775, -0.0205], [34.217, -0.0205], [34.217, -0.021]]], [[[34.18625, -0.02025], [34.18625, -0.02075], [34.18675, -0.02075], [34.18675, -0.0205], [34.18725, -0.0205], [34.18725, -0.02025], [34.18775, -0.02025], [34.18775, -0.02], [34.188, -0.02], [34.188, -0.0195], [34.18725, -0.0195], [34.18725, -0.01975], [34.18675, -0.01975], [34.18675, -0.02], [34.1865, -0.02], [34.1865, -0.02025], [34.18625, -0.02025]]], [[[34.21775, -0.02], [34.21775, -0.0195], [34.2175, -0.0195], [34.2175, -0.02], [34.21775, -0.02]]], [[[34.1905, -0.01975], [34.1905, -0.0195], [34.19025, -0.0195], [34.19025, -0.01975], [34.1905, -0.01975]]], [[[34.184, -0.01875], [34.184, -0.0185], [34.18375, -0.0185], [34.18375, -0.01875], [34.184, -0.01875]]], [[[34.269, -0.018000000000000002], [34.269, -0.01875], [34.2705, -0.01875], [34.2705, -0.0185], [34.27025, -0.0185], [34.27025, -0.017750000000000002], [34.27, -0.017750000000000002], [34.27, -0.017], [34.26975, -0.017], [34.26975, -0.0165], [34.2695, -0.0165], [34.2695, -0.0175], [34.26925, -0.0175], [34.26925, -0.018000000000000002], [34.269, -0.018000000000000002]]], [[[34.18975, -0.01675], [34.18975, -0.017], [34.19, -0.017], [34.19, -0.0165], [34.19025, -0.0165], [34.19025, -0.016], [34.1905, -0.016], [34.1905, -0.01575], [34.19075, -0.01575], [34.19075, -0.01525], [34.18975, -0.01525], [34.18975, -0.01575], [34.18925, -0.01575], [34.18925, -0.016], [34.189, -0.016], [34.189, -0.01675], [34.1885, -0.01675], [34.1885, -0.017], [34.18825, -0.017], [34.18825, -0.01725], [34.189, -0.01725], [34.189, -0.017], [34.18925, -0.017], [34.18925, -0.01675], [34.18975, -0.01675]]], [[[34.21375, -0.01625], [34.21375, -0.016], [34.2135, -0.016], [34.2135, -0.01625], [34.21375, -0.01625]]], [[[34.21025, -0.01675], [34.21025, -0.017], [34.21075, -0.017], [34.21075, -0.01625], [34.2105, -0.01625], [34.2105, -0.0165], [34.21, -0.0165], [34.21, -0.01575], [34.20975, -0.01575], [34.20975, -0.01525], [34.209, -0.01525], [34.209, -0.01625], [34.2085, -0.01625], [34.2085, -0.01675], [34.20925, -0.01675], [34.20925, -0.017], [34.21, -0.017], [34.21, -0.01675], [34.21025, -0.01675]]], [[[34.213, -0.01625], [34.213, -0.01575], [34.2125, -0.01575], [34.2125, -0.016], [34.21225, -0.016], [34.21225, -0.01625], [34.213, -0.01625]]], [[[34.21175, -0.01525], [34.2115, -0.01525], [34.2115, -0.01575], [34.21125, -0.01575], [34.21125, -0.016], [34.211, -0.016], [34.211, -0.01675], [34.21175, -0.01675], [34.21175, -0.0165], [34.21225, -0.0165], [34.21225, -0.01625], [34.212, -0.01625], [34.212, -0.016], [34.21225, -0.016], [34.21225, -0.01575], [34.21175, -0.01575], [34.21175, -0.01525]]], [[[34.2125, -0.01575], [34.2125, -0.01525], [34.21225, -0.01525], [34.21225, -0.01575], [34.2125, -0.01575]]], [[[34.2015, -0.01575], [34.2015, -0.015], [34.20125, -0.015], [34.20125, -0.01575], [34.2015, -0.01575]]], [[[34.204, -0.01525], [34.204, -0.015], [34.20375, -0.015], [34.20375, -0.01525], [34.204, -0.01525]]], [[[34.197, -0.01325], [34.197, -0.012750000000000001], [34.1965, -0.012750000000000001], [34.1965, -0.01325], [34.197, -0.01325]]], [[[34.186, -0.0105], [34.18575, -0.0105], [34.18575, -0.01025], [34.1855, -0.01025], [34.1855, -0.01], [34.185, -0.01], [34.185, -0.00975], [34.18475, -0.00975], [34.18475, -0.0095], [34.1845, -0.0095], [34.1845, -0.0115], [34.185, -0.0115], [34.185, -0.01175], [34.1855, -0.01175], [34.1855, -0.01225], [34.18575, -0.01225], [34.18575, -0.0115], [34.186, -0.0115], [34.186, -0.01125], [34.18625, -0.01125], [34.18625, -0.011], [34.186, -0.011], [34.186, -0.0105]]], [[[34.2055, -0.006500000000000001], [34.20775, -0.006500000000000001], [34.20775, -0.00625], [34.2055, -0.00625], [34.2055, -0.006500000000000001]]], [[[34.208, -0.00575], [34.20775, -0.00575], [34.20775, -0.00625], [34.208, -0.00625], [34.208, -0.00575]]], [[[34.277, -0.00075], [34.277, -0.002], [34.27725, -0.002], [34.27725, -0.0015], [34.2775, -0.0015], [34.2775, -0.00125], [34.278, -0.00125], [34.278, -0.00075], [34.2775, -0.00075], [34.2775, -0.0005], [34.27725, -0.0005], [34.27725, -0.00075], [34.277, -0.00075]]], [[[34.57875, -0.5265], [34.57875, -0.52625], [34.5785, -0.52625], [34.5785, -0.5265], [34.57875, -0.5265]]], [[[34.53325, -0.51575], [34.53325, -0.5155], [34.53275, -0.5155], [34.53275, -0.51575], [34.533, -0.51575], [34.533, -0.516], [34.5335, -0.516], [34.5335, -0.51575], [34.53325, -0.51575]]], [[[34.61575, -0.50325], [34.61575, -0.503], [34.6155, -0.503], [34.6155, -0.50325], [34.61575, -0.50325]]], [[[34.667, -0.4835], [34.667, -0.48325], [34.66675, -0.48325], [34.66675, -0.4835], [34.667, -0.4835]]], [[[34.532, -0.47600000000000003], [34.532, -0.47650000000000003], [34.53275, -0.47650000000000003], [34.53275, -0.47575], [34.53225, -0.47575], [34.53225, -0.47600000000000003], [34.532, -0.47600000000000003]]], [[[34.54975, -0.47500000000000003], [34.54975, -0.47475], [34.549, -0.47475], [34.549, -0.47500000000000003], [34.54925, -0.47500000000000003], [34.54925, -0.47550000000000003], [34.5495, -0.47550000000000003], [34.5495, -0.47500000000000003], [34.54975, -0.47500000000000003]]], [[[34.51525, -0.46625], [34.51525, -0.466], [34.5155, -0.466], [34.5155, -0.46575], [34.515, -0.46575], [34.515, -0.46625], [34.51525, -0.46625]]], [[[34.5145, -0.464], [34.5145, -0.4635], [34.51425, -0.4635], [34.51425, -0.46325], [34.514, -0.46325], [34.514, -0.462], [34.51425, -0.462], [34.51425, -0.46075], [34.5145, -0.46075], [34.5145, -0.4605], [34.51375, -0.4605], [34.51375, -0.46075], [34.51275, -0.46075], [34.51275, -0.461], [34.513, -0.461], [34.513, -0.462], [34.51275, -0.462], [34.51275, -0.4625], [34.513, -0.4625], [34.513, -0.463], [34.51275, -0.463], [34.51275, -0.4635], [34.5125, -0.4635], [34.5125, -0.46375], [34.51225, -0.46375], [34.51225, -0.464], [34.51275, -0.464], [34.51275, -0.46425], [34.51325, -0.46425], [34.51325, -0.464], [34.514, -0.464], [34.514, -0.4645], [34.5145, -0.4645], [34.5145, -0.465], [34.51475, -0.465], [34.51475, -0.46525], [34.515, -0.46525], [34.515, -0.4645], [34.51475, -0.4645], [34.51475, -0.464], [34.5145, -0.464]]], [[[34.515, -0.45975], [34.515, -0.45925], [34.51475, -0.45925], [34.51475, -0.45975], [34.515, -0.45975]]], [[[34.551, -0.4595], [34.551, -0.45925], [34.55075, -0.45925], [34.55075, -0.4595], [34.551, -0.4595]]], [[[34.5605, -0.45925], [34.5605, -0.459], [34.56025, -0.459], [34.56025, -0.45925], [34.5605, -0.45925]]], [[[34.73375, -0.45225], [34.7335, -0.45225], [34.7335, -0.4525], [34.73375, -0.4525], [34.73375, -0.45225]]], [[[34.49775, -0.45075], [34.49775, -0.4505], [34.4975, -0.4505], [34.4975, -0.45075], [34.49775, -0.45075]]], [[[34.50475, -0.45], [34.50475, -0.44975], [34.5045, -0.44975], [34.5045, -0.45025], [34.50475, -0.45025], [34.50475, -0.4505], [34.505, -0.4505], [34.505, -0.45], [34.50475, -0.45]]], [[[34.6585, -0.45], [34.6585, -0.44975], [34.65825, -0.44975], [34.65825, -0.45], [34.6585, -0.45]]], [[[34.497, -0.44975], [34.497, -0.4495], [34.49675, -0.4495], [34.49675, -0.44975], [34.497, -0.44975]]], [[[34.49725, -0.4495], [34.49725, -0.44925], [34.497, -0.44925], [34.497, -0.4495], [34.49725, -0.4495]]], [[[34.657, -0.4495], [34.657, -0.44975], [34.6575, -0.44975], [34.6575, -0.449], [34.65725, -0.449], [34.65725, -0.44875], [34.6565, -0.44875], [34.6565, -0.4485], [34.656, -0.4485], [34.656, -0.44825], [34.6555, -0.44825], [34.6555, -0.44875], [34.655, -0.44875], [34.655, -0.449], [34.6555, -0.449], [34.6555, -0.44925], [34.65625, -0.44925], [34.65625, -0.4495], [34.657, -0.4495]]], [[[34.503, -0.4485], [34.503, -0.44825], [34.50275, -0.44825], [34.50275, -0.4485], [34.503, -0.4485]]], [[[34.51875, -0.44725000000000004], [34.51875, -0.4465], [34.5185, -0.4465], [34.5185, -0.44725000000000004], [34.51875, -0.44725000000000004]]], [[[34.5375, -0.4345], [34.5375, -0.43425], [34.538, -0.43425], [34.538, -0.4335], [34.53725, -0.4335], [34.53725, -0.4345], [34.5375, -0.4345]]], [[[34.6265, -0.4315], [34.6265, -0.43125], [34.62625, -0.43125], [34.62625, -0.4315], [34.6265, -0.4315]]], [[[34.59625, -0.4265], [34.59625, -0.426], [34.59575, -0.426], [34.59575, -0.4265], [34.59625, -0.4265]]], [[[34.5665, -0.42625], [34.5665, -0.426], [34.56625, -0.426], [34.56625, -0.42625], [34.5665, -0.42625]]], [[[34.57, -0.42525], [34.57, -0.42475], [34.56975, -0.42475], [34.56975, -0.42525], [34.57, -0.42525]]], [[[34.58675, -0.4205], [34.58675, -0.421], [34.5865, -0.421], [34.5865, -0.42125], [34.587, -0.42125], [34.587, -0.421], [34.58725, -0.421], [34.58725, -0.42075], [34.587, -0.42075], [34.587, -0.4205], [34.58675, -0.4205]]], [[[34.55825, -0.4055], [34.558, -0.4055], [34.558, -0.40575], [34.55825, -0.40575], [34.55825, -0.4055]]], [[[34.732, -0.39875], [34.732, -0.3985], [34.73175, -0.3985], [34.73175, -0.39875], [34.732, -0.39875]]], [[[34.61775, -0.392], [34.61775, -0.39175], [34.6175, -0.39175], [34.6175, -0.392], [34.61775, -0.392]]], [[[34.5715, -0.3885], [34.5715, -0.38825], [34.57125, -0.38825], [34.57125, -0.3885], [34.5715, -0.3885]]], [[[34.64125, -0.3795], [34.64125, -0.38], [34.64175, -0.38], [34.64175, -0.3805], [34.642, -0.3805], [34.642, -0.38075000000000003], [34.64225, -0.38075000000000003], [34.64225, -0.37975000000000003], [34.64175, -0.37975000000000003], [34.64175, -0.3795], [34.64125, -0.3795]]], [[[34.61675, -0.38025000000000003], [34.61675, -0.38], [34.6165, -0.38], [34.6165, -0.38025000000000003], [34.61675, -0.38025000000000003]]], [[[34.615, -0.36875], [34.615, -0.369], [34.6155, -0.369], [34.6155, -0.3685], [34.61475, -0.3685], [34.61475, -0.36875], [34.615, -0.36875]]], [[[34.6315, -0.367], [34.6315, -0.3665], [34.63125, -0.3665], [34.63125, -0.36625], [34.63075, -0.36625], [34.63075, -0.366], [34.63025, -0.366], [34.63025, -0.36575], [34.629, -0.36575], [34.629, -0.3655], [34.62825, -0.3655], [34.62825, -0.36575], [34.62725, -0.36575], [34.62725, -0.366], [34.627, -0.366], [34.627, -0.3665], [34.62675, -0.3665], [34.62675, -0.36725], [34.627, -0.36725], [34.627, -0.3675], [34.62725, -0.3675], [34.62725, -0.36775], [34.62775, -0.36775], [34.62775, -0.3685], [34.628, -0.3685], [34.628, -0.36975], [34.62825, -0.36975], [34.62825, -0.37], [34.62875, -0.37], [34.62875, -0.37025], [34.629, -0.37025], [34.629, -0.3705], [34.62975, -0.3705], [34.62975, -0.37075], [34.63, -0.37075], [34.63, -0.371], [34.63025, -0.371], [34.63025, -0.37125], [34.6305, -0.37125], [34.6305, -0.37175], [34.6315, -0.37175], [34.6315, -0.37125], [34.63175, -0.37125], [34.63175, -0.371], [34.632, -0.371], [34.632, -0.36975], [34.63225, -0.36975], [34.63225, -0.36925], [34.6325, -0.36925], [34.6325, -0.36875], [34.63275, -0.36875], [34.63275, -0.36725], [34.632, -0.36725], [34.632, -0.367], [34.6315, -0.367]]], [[[34.53375, -0.35825], [34.53375, -0.3585], [34.5335, -0.3585], [34.5335, -0.35875], [34.5345, -0.35875], [34.5345, -0.3585], [34.53475, -0.3585], [34.53475, -0.35825], [34.5345, -0.35825], [34.5345, -0.358], [34.534, -0.358], [34.534, -0.35825], [34.53375, -0.35825]]], [[[34.60325, -0.35825], [34.60325, -0.358], [34.603, -0.358], [34.603, -0.35825], [34.60325, -0.35825]]], [[[34.6045, -0.35825], [34.6045, -0.358], [34.60425, -0.358], [34.60425, -0.35825], [34.6045, -0.35825]]], [[[34.60725, -0.358], [34.60725, -0.3575], [34.60625, -0.3575], [34.60625, -0.358], [34.60725, -0.358]]], [[[34.6005, -0.3565], [34.6005, -0.35675], [34.60025, -0.35675], [34.60025, -0.35725], [34.6005, -0.35725], [34.6005, -0.357], [34.601, -0.357], [34.601, -0.35675], [34.60075, -0.35675], [34.60075, -0.3565], [34.6005, -0.3565]]], [[[34.60175, -0.357], [34.60175, -0.35675], [34.6015, -0.35675], [34.6015, -0.357], [34.60175, -0.357]]], [[[34.60125, -0.3565], [34.60125, -0.35675], [34.6015, -0.35675], [34.6015, -0.3565], [34.60125, -0.3565]]], [[[34.602, -0.35675], [34.602, -0.35625], [34.60175, -0.35625], [34.60175, -0.35675], [34.602, -0.35675]]], [[[34.60575, -0.35675], [34.60575, -0.35625], [34.60525, -0.35625], [34.60525, -0.3555], [34.605, -0.3555], [34.605, -0.35575], [34.60475, -0.35575], [34.60475, -0.3555], [34.60425, -0.3555], [34.60425, -0.35525], [34.60325, -0.35525], [34.60325, -0.3555], [34.60275, -0.3555], [34.60275, -0.35575], [34.6025, -0.35575], [34.6025, -0.3555], [34.602, -0.3555], [34.602, -0.35575], [34.60125, -0.35575], [34.60125, -0.356], [34.602, -0.356], [34.602, -0.35625], [34.60225, -0.35625], [34.60225, -0.3565], [34.60275, -0.3565], [34.60275, -0.35675], [34.60225, -0.35675], [34.60225, -0.357], [34.60275, -0.357], [34.60275, -0.35725], [34.60325, -0.35725], [34.60325, -0.357], [34.60375, -0.357], [34.60375, -0.35675], [34.6045, -0.35675], [34.6045, -0.3565], [34.60525, -0.3565], [34.60525, -0.357], [34.606, -0.357], [34.606, -0.35675], [34.60575, -0.35675]]], [[[34.63025, -0.34800000000000003], [34.63025, -0.34825], [34.62975, -0.34825], [34.62975, -0.34875], [34.63, -0.34875], [34.63, -0.34850000000000003], [34.6305, -0.34850000000000003], [34.6305, -0.34825], [34.63075, -0.34825], [34.63075, -0.34800000000000003], [34.63025, -0.34800000000000003]]], [[[34.62975, -0.34825], [34.62975, -0.34700000000000003], [34.6295, -0.34700000000000003], [34.6295, -0.34750000000000003], [34.629, -0.34750000000000003], [34.629, -0.34775], [34.62925, -0.34775], [34.62925, -0.34825], [34.62975, -0.34825]]], [[[34.61625, -0.34575], [34.61625, -0.34600000000000003], [34.616, -0.34600000000000003], [34.616, -0.34675], [34.61625, -0.34675], [34.61625, -0.34650000000000003], [34.6175, -0.34650000000000003], [34.6175, -0.34600000000000003], [34.617, -0.34600000000000003], [34.617, -0.34575], [34.61625, -0.34575]]], [[[34.62975, -0.34625], [34.62975, -0.34600000000000003], [34.6295, -0.34600000000000003], [34.6295, -0.34625], [34.62975, -0.34625]]], [[[34.6295, -0.34700000000000003], [34.6295, -0.34675], [34.62925, -0.34675], [34.62925, -0.34575], [34.629, -0.34575], [34.629, -0.34550000000000003], [34.62875, -0.34550000000000003], [34.62875, -0.34525], [34.6285, -0.34525], [34.6285, -0.34500000000000003], [34.628, -0.34500000000000003], [34.628, -0.34550000000000003], [34.62775, -0.34550000000000003], [34.62775, -0.34600000000000003], [34.62825, -0.34600000000000003], [34.62825, -0.34625], [34.62875, -0.34625], [34.62875, -0.34650000000000003], [34.629, -0.34650000000000003], [34.629, -0.34700000000000003], [34.6295, -0.34700000000000003]]], [[[34.49425, -0.34650000000000003], [34.49425, -0.34675], [34.49525, -0.34675], [34.49525, -0.34650000000000003], [34.4955, -0.34650000000000003], [34.4955, -0.34675], [34.49575, -0.34675], [34.49575, -0.34650000000000003], [34.496, -0.34650000000000003], [34.496, -0.34525], [34.49575, -0.34525], [34.49575, -0.34575], [34.49525, -0.34575], [34.49525, -0.34600000000000003], [34.49425, -0.34600000000000003], [34.49425, -0.34625], [34.494, -0.34625], [34.494, -0.34650000000000003], [34.49425, -0.34650000000000003]]], [[[34.63, -0.34600000000000003], [34.63, -0.34575], [34.62975, -0.34575], [34.62975, -0.34600000000000003], [34.63, -0.34600000000000003]]], [[[34.6245, -0.34525], [34.6245, -0.34550000000000003], [34.625, -0.34550000000000003], [34.625, -0.34575], [34.6255, -0.34575], [34.6255, -0.34525], [34.626, -0.34525], [34.626, -0.34500000000000003], [34.62625, -0.34500000000000003], [34.62625, -0.34450000000000003], [34.62575, -0.34450000000000003], [34.62575, -0.34475], [34.62525, -0.34475], [34.62525, -0.34525], [34.625, -0.34525], [34.625, -0.34500000000000003], [34.62425, -0.34500000000000003], [34.62425, -0.34525], [34.6245, -0.34525]]], [[[34.62325, -0.34425], [34.62325, -0.34400000000000003], [34.623, -0.34400000000000003], [34.623, -0.34425], [34.62325, -0.34425]]], [[[34.7595, -0.3135], [34.7595, -0.31325000000000003], [34.75875, -0.31325000000000003], [34.75875, -0.313], [34.7585, -0.313], [34.7585, -0.3135], [34.7595, -0.3135]]], [[[34.7595, -0.311], [34.7595, -0.3105], [34.75875, -0.3105], [34.75875, -0.311], [34.7585, -0.311], [34.7585, -0.31175], [34.75925, -0.31175], [34.75925, -0.311], [34.7595, -0.311]]], [[[34.744, -0.152], [34.74375, -0.152], [34.74375, -0.15225], [34.74425, -0.15225], [34.74425, -0.15175], [34.744, -0.15175], [34.744, -0.152]]], [[[34.7445, -0.1515], [34.74425, -0.1515], [34.74425, -0.15175], [34.7445, -0.15175], [34.7445, -0.1515]]], [[[34.74475, -0.15125], [34.7445, -0.15125], [34.7445, -0.1515], [34.74475, -0.1515], [34.74475, -0.15125]]], [[[34.62175, -0.149], [34.62175, -0.14875], [34.6215, -0.14875], [34.6215, -0.149], [34.62175, -0.149]]], [[[34.49675, -0.13425], [34.49675, -0.134], [34.496, -0.134], [34.496, -0.13425], [34.49675, -0.13425]]], [[[34.57975, -0.11900000000000001], [34.57975, -0.11875000000000001], [34.5795, -0.11875000000000001], [34.5795, -0.11900000000000001], [34.57975, -0.11900000000000001]]], [[[34.63175, -0.106], [34.63175, -0.10575], [34.6315, -0.10575], [34.6315, -0.106], [34.63175, -0.106]]], [[[34.6735, -0.10475], [34.6735, -0.1045], [34.67325, -0.1045], [34.67325, -0.10475], [34.6735, -0.10475]]], [[[34.6475, -0.09775], [34.6475, -0.0975], [34.647, -0.0975], [34.647, -0.09825], [34.64725, -0.09825], [34.64725, -0.098], [34.64775, -0.098], [34.64775, -0.09775], [34.6475, -0.09775]]], [[[34.63925, -0.09075], [34.63925, -0.09025], [34.6385, -0.09025], [34.6385, -0.09075], [34.63925, -0.09075]]], [[[34.71225, -0.08225], [34.71225, -0.082], [34.712, -0.082], [34.712, -0.08225], [34.71225, -0.08225]]], [[[34.711, -0.08], [34.711, -0.07975], [34.71075, -0.07975], [34.71075, -0.08], [34.711, -0.08]]], [[[34.609, -0.0525], [34.609, -0.05225], [34.60875, -0.05225], [34.60875, -0.052000000000000005], [34.6085, -0.052000000000000005], [34.6085, -0.0525], [34.609, -0.0525]]], [[[34.741, -0.0032500000000000003], [34.74225, -0.0032500000000000003], [34.74225, -0.003], [34.7425, -0.003], [34.7425, -0.0022500000000000003], [34.742, -0.0022500000000000003], [34.742, -0.002], [34.7415, -0.002], [34.7415, -0.0022500000000000003], [34.74125, -0.0022500000000000003], [34.74125, -0.00125], [34.74075, -0.00125], [34.74075, -0.0015], [34.7405, -0.0015], [34.7405, -0.0022500000000000003], [34.74025, -0.0022500000000000003], [34.74025, -0.00275], [34.7405, -0.00275], [34.7405, -0.003], [34.741, -0.003], [34.741, -0.0032500000000000003]]], [[[34.7415, -0.001], [34.74125, -0.001], [34.74125, -0.00125], [34.7415, -0.00125], [34.7415, -0.001]]], [[[34.74325, -0.002], [34.74325, -0.00125], [34.7435, -0.00125], [34.7435, -0.001], [34.74325, -0.001], [34.74325, -0.00075], [34.7435, -0.00075], [34.7435, -0.00025], [34.74325, -0.00025], [34.74325, 0.0], [34.74225, 0.0], [34.74225, -0.0005], [34.742, -0.0005], [34.742, -0.0015], [34.7425, -0.0015], [34.7425, -0.0022500000000000003], [34.743, -0.0022500000000000003], [34.743, -0.002], [34.74325, -0.002]]], [[[34.7675, -0.3365], [34.7675, -0.33575], [34.76725, -0.33575], [34.76725, -0.3365], [34.7675, -0.3365]]], [[[34.768, -0.33525], [34.768, -0.3345], [34.76775, -0.3345], [34.76775, -0.335], [34.7675, -0.335], [34.7675, -0.33575], [34.76775, -0.33575], [34.76775, -0.33525], [34.768, -0.33525]]], [[[34.76825, -0.3345], [34.76825, -0.334], [34.768, -0.334], [34.768, -0.3345], [34.76825, -0.3345]]], [[[34.7685, -0.33375], [34.7685, -0.33275], [34.76825, -0.33275], [34.76825, -0.33375], [34.7685, -0.33375]]], [[[34.76875, -0.33275], [34.76875, -0.3325], [34.7685, -0.3325], [34.7685, -0.33275], [34.76875, -0.33275]]], [[[34.7695, -0.33025], [34.7695, -0.32925], [34.769, -0.32925], [34.769, -0.33025], [34.7695, -0.33025]]], [[[34.76975, -0.32875], [34.76975, -0.328], [34.7695, -0.328], [34.7695, -0.32875], [34.76975, -0.32875]]], [[[34.7695, -0.32475], [34.7695, -0.325], [34.76975, -0.325], [34.76975, -0.324], [34.7695, -0.324], [34.7695, -0.3235], [34.76975, -0.3235], [34.76975, -0.3215], [34.7695, -0.3215], [34.7695, -0.321], [34.769, -0.321], [34.769, -0.32175], [34.7695, -0.32175], [34.7695, -0.323], [34.769, -0.323], [34.769, -0.32375], [34.7685, -0.32375], [34.7685, -0.32425], [34.76875, -0.32425], [34.76875, -0.3245], [34.769, -0.3245], [34.769, -0.32475], [34.7695, -0.32475]]], [[[34.77825, -0.32275], [34.77825, -0.3225], [34.778, -0.3225], [34.778, -0.32275], [34.77825, -0.32275]]], [[[34.776, -0.3225], [34.776, -0.32225], [34.7755, -0.32225], [34.7755, -0.3225], [34.77575, -0.3225], [34.77575, -0.32275], [34.7765, -0.32275], [34.7765, -0.3225], [34.776, -0.3225]]], [[[34.778, -0.3225], [34.778, -0.32225], [34.77775, -0.32225], [34.77775, -0.3225], [34.778, -0.3225]]], [[[34.775, -0.3215], [34.775, -0.32125], [34.77475, -0.32125], [34.77475, -0.3215], [34.775, -0.3215]]], [[[34.7755, -0.3215], [34.7755, -0.32075], [34.77525, -0.32075], [34.77525, -0.3215], [34.7755, -0.3215]]], [[[34.76875, -0.321], [34.76875, -0.32075], [34.7685, -0.32075], [34.7685, -0.321], [34.76875, -0.321]]], [[[34.779, -0.3195], [34.779, -0.31875000000000003], [34.77875, -0.31875000000000003], [34.77875, -0.31825000000000003], [34.77775, -0.31825000000000003], [34.77775, -0.318], [34.778, -0.318], [34.778, -0.31775000000000003], [34.77825, -0.31775000000000003], [34.77825, -0.3175], [34.77775, -0.3175], [34.77775, -0.31775000000000003], [34.7775, -0.31775000000000003], [34.7775, -0.318], [34.77675, -0.318], [34.77675, -0.31825000000000003], [34.77725, -0.31825000000000003], [34.77725, -0.3185], [34.7775, -0.3185], [34.7775, -0.319], [34.77775, -0.319], [34.77775, -0.32], [34.7775, -0.32], [34.7775, -0.32025], [34.7785, -0.32025], [34.7785, -0.321], [34.77825, -0.321], [34.77825, -0.32075], [34.77725, -0.32075], [34.77725, -0.321], [34.77675, -0.321], [34.77675, -0.32125], [34.776, -0.32125], [34.776, -0.3215], [34.7775, -0.3215], [34.7775, -0.32175], [34.778, -0.32175], [34.778, -0.32225], [34.779, -0.32225], [34.779, -0.3225], [34.7795, -0.3225], [34.7795, -0.32225], [34.77925, -0.32225], [34.77925, -0.322], [34.779, -0.322], [34.779, -0.32075], [34.77925, -0.32075], [34.77925, -0.3205], [34.779, -0.3205], [34.779, -0.32], [34.77925, -0.32], [34.77925, -0.3195], [34.779, -0.3195]]], [[[34.76975, -0.32025], [34.76975, -0.32], [34.7695, -0.32], [34.7695, -0.3195], [34.769, -0.3195], [34.769, -0.32025], [34.76975, -0.32025]]], [[[34.769, -0.3195], [34.769, -0.31925000000000003], [34.76875, -0.31925000000000003], [34.76875, -0.3195], [34.769, -0.3195]]], [[[34.77, -0.3195], [34.77, -0.31875000000000003], [34.76975, -0.31875000000000003], [34.76975, -0.3195], [34.77, -0.3195]]], [[[34.769, -0.31775000000000003], [34.769, -0.31725000000000003], [34.7685, -0.31725000000000003], [34.7685, -0.317], [34.76875, -0.317], [34.76875, -0.31675000000000003], [34.769, -0.31675000000000003], [34.769, -0.3165], [34.76875, -0.3165], [34.76875, -0.316], [34.7685, -0.316], [34.7685, -0.3165], [34.76825, -0.3165], [34.76825, -0.3175], [34.768, -0.3175], [34.768, -0.31825000000000003], [34.76775, -0.31825000000000003], [34.76775, -0.31925000000000003], [34.7675, -0.31925000000000003], [34.7675, -0.3195], [34.768, -0.3195], [34.768, -0.32], [34.76825, -0.32], [34.76825, -0.32025], [34.76875, -0.32025], [34.76875, -0.3195], [34.7685, -0.3195], [34.7685, -0.31925000000000003], [34.76875, -0.31925000000000003], [34.76875, -0.31875000000000003], [34.7685, -0.31875000000000003], [34.7685, -0.318], [34.76875, -0.318], [34.76875, -0.31775000000000003], [34.769, -0.31775000000000003]]], [[[34.7715, -0.31775000000000003], [34.7715, -0.3175], [34.77125, -0.3175], [34.77125, -0.317], [34.771, -0.317], [34.771, -0.31775000000000003], [34.7715, -0.31775000000000003]]], [[[34.76675, -0.3175], [34.76675, -0.31725000000000003], [34.767, -0.31725000000000003], [34.767, -0.31675000000000003], [34.7665, -0.31675000000000003], [34.7665, -0.3175], [34.76675, -0.3175]]], [[[34.77875, -0.317], [34.77875, -0.31725000000000003], [34.7785, -0.31725000000000003], [34.7785, -0.3175], [34.78, -0.3175], [34.78, -0.31725000000000003], [34.779, -0.31725000000000003], [34.779, -0.31675000000000003], [34.77875, -0.31675000000000003], [34.77875, -0.3165], [34.77825, -0.3165], [34.77825, -0.31675000000000003], [34.7785, -0.31675000000000003], [34.7785, -0.317], [34.77875, -0.317]]], [[[34.771, -0.31675000000000003], [34.771, -0.3165], [34.77075, -0.3165], [34.77075, -0.31675000000000003], [34.771, -0.31675000000000003]]], [[[34.7705, -0.3155], [34.7705, -0.31525000000000003], [34.77025, -0.31525000000000003], [34.77025, -0.31575000000000003], [34.7705, -0.31575000000000003], [34.7705, -0.316], [34.77075, -0.316], [34.77075, -0.3155], [34.7705, -0.3155]]], [[[34.7765, -0.3165], [34.7765, -0.31575000000000003], [34.776, -0.31575000000000003], [34.776, -0.31525000000000003], [34.77575, -0.31525000000000003], [34.77575, -0.31475000000000003], [34.7755, -0.31475000000000003], [34.7755, -0.3145], [34.7745, -0.3145], [34.7745, -0.31425000000000003], [34.77425, -0.31425000000000003], [34.77425, -0.31475000000000003], [34.77475, -0.31475000000000003], [34.77475, -0.315], [34.775, -0.315], [34.775, -0.31525000000000003], [34.77525, -0.31525000000000003], [34.77525, -0.316], [34.776, -0.316], [34.776, -0.3165], [34.7765, -0.3165]]], [[[34.77025, -0.31525000000000003], [34.77025, -0.31475000000000003], [34.77, -0.31475000000000003], [34.77, -0.31525000000000003], [34.77025, -0.31525000000000003]]], [[[34.765, -0.315], [34.765, -0.31475000000000003], [34.76475, -0.31475000000000003], [34.76475, -0.315], [34.765, -0.315]]], [[[34.77425, -0.315], [34.77425, -0.31475000000000003], [34.774, -0.31475000000000003], [34.774, -0.315], [34.77425, -0.315]]], [[[34.7625, -0.31325000000000003], [34.7625, -0.313], [34.762, -0.313], [34.762, -0.31375000000000003], [34.7625, -0.31375000000000003], [34.7625, -0.3135], [34.76275, -0.3135], [34.76275, -0.31325000000000003], [34.7625, -0.31325000000000003]]], [[[34.76, -0.31325000000000003], [34.76, -0.313], [34.75975, -0.313], [34.75975, -0.31325000000000003], [34.76, -0.31325000000000003]]], [[[34.76775, -0.31325000000000003], [34.76775, -0.3135], [34.76825, -0.3135], [34.76825, -0.31325000000000003], [34.7685, -0.31325000000000003], [34.7685, -0.313], [34.76875, -0.313], [34.76875, -0.3125], [34.769, -0.3125], [34.769, -0.31225], [34.7685, -0.31225], [34.7685, -0.3125], [34.76825, -0.3125], [34.76825, -0.313], [34.768, -0.313], [34.768, -0.31325000000000003], [34.76775, -0.31325000000000003]]], [[[34.7655, -0.312], [34.7655, -0.31125], [34.76525, -0.31125], [34.76525, -0.312], [34.7655, -0.312]]], [[[34.76125, -0.31125], [34.76125, -0.311], [34.761, -0.311], [34.761, -0.31125], [34.76125, -0.31125]]], [[[34.7615, -0.311], [34.7615, -0.31075], [34.76125, -0.31075], [34.76125, -0.311], [34.7615, -0.311]]], [[[34.76375, -0.31025], [34.76375, -0.30975], [34.76325, -0.30975], [34.76325, -0.3105], [34.76175, -0.3105], [34.76175, -0.31075], [34.7635, -0.31075], [34.7635, -0.31025], [34.76375, -0.31025]]], [[[34.76325, -0.30975], [34.76325, -0.3095], [34.76275, -0.3095], [34.76275, -0.30975], [34.76325, -0.30975]]], [[[34.76425, -0.3085], [34.76425, -0.30825], [34.764, -0.30825], [34.764, -0.3085], [34.76425, -0.3085]]], [[[34.77125, -0.30625], [34.77125, -0.3055], [34.771, -0.3055], [34.771, -0.305], [34.7715, -0.305], [34.7715, -0.30475], [34.77075, -0.30475], [34.77075, -0.3045], [34.77, -0.3045], [34.77, -0.30425], [34.7695, -0.30425], [34.7695, -0.3045], [34.769, -0.3045], [34.769, -0.30475], [34.76875, -0.30475], [34.76875, -0.30525], [34.769, -0.30525], [34.769, -0.3055], [34.7695, -0.3055], [34.7695, -0.306], [34.76975, -0.306], [34.76975, -0.30525], [34.77025, -0.30525], [34.77025, -0.3055], [34.77, -0.3055], [34.77, -0.306], [34.77025, -0.306], [34.77025, -0.30625], [34.77, -0.30625], [34.77, -0.3065], [34.76975, -0.3065], [34.76975, -0.30625], [34.7695, -0.30625], [34.7695, -0.3065], [34.769, -0.3065], [34.769, -0.30675], [34.76875, -0.30675], [34.76875, -0.3075], [34.768, -0.3075], [34.768, -0.30775], [34.76775, -0.30775], [34.76775, -0.308], [34.7675, -0.308], [34.7675, -0.30825], [34.76725, -0.30825], [34.76725, -0.308], [34.76675, -0.308], [34.76675, -0.30725], [34.7665, -0.30725], [34.7665, -0.30775], [34.76625, -0.30775], [34.76625, -0.30725], [34.765, -0.30725], [34.765, -0.3075], [34.76475, -0.3075], [34.76475, -0.308], [34.7645, -0.308], [34.7645, -0.30825], [34.765, -0.30825], [34.765, -0.30775], [34.76525, -0.30775], [34.76525, -0.308], [34.766, -0.308], [34.766, -0.30825], [34.7655, -0.30825], [34.7655, -0.3085], [34.765, -0.3085], [34.765, -0.30875], [34.76525, -0.30875], [34.76525, -0.309], [34.765, -0.309], [34.765, -0.30975], [34.76525, -0.30975], [34.76525, -0.311], [34.7655, -0.311], [34.7655, -0.31125], [34.7665, -0.31125], [34.7665, -0.31175], [34.76675, -0.31175], [34.76675, -0.3115], [34.767, -0.3115], [34.767, -0.31125], [34.76675, -0.31125], [34.76675, -0.311], [34.7665, -0.311], [34.7665, -0.31025], [34.76625, -0.31025], [34.76625, -0.31], [34.766, -0.31], [34.766, -0.309], [34.76675, -0.309], [34.76675, -0.3095], [34.767, -0.3095], [34.767, -0.309], [34.76775, -0.309], [34.76775, -0.30875], [34.768, -0.30875], [34.768, -0.3085], [34.7685, -0.3085], [34.7685, -0.30825], [34.76875, -0.30825], [34.76875, -0.308], [34.7695, -0.308], [34.7695, -0.30775], [34.76975, -0.30775], [34.76975, -0.3075], [34.7705, -0.3075], [34.7705, -0.30675], [34.77075, -0.30675], [34.77075, -0.3065], [34.771, -0.3065], [34.771, -0.30625], [34.77125, -0.30625]]], [[[34.77075, -0.308], [34.77075, -0.3085], [34.77125, -0.3085], [34.77125, -0.30875], [34.77175, -0.30875], [34.77175, -0.30775], [34.7715, -0.30775], [34.7715, -0.30725], [34.77125, -0.30725], [34.77125, -0.307], [34.771, -0.307], [34.771, -0.308], [34.77075, -0.308]]], [[[34.77375, -0.3085], [34.77375, -0.308], [34.774, -0.308], [34.774, -0.3075], [34.77425, -0.3075], [34.77425, -0.307], [34.774, -0.307], [34.774, -0.30725], [34.7735, -0.30725], [34.7735, -0.307], [34.772, -0.307], [34.772, -0.30775], [34.7725, -0.30775], [34.7725, -0.308], [34.773, -0.308], [34.773, -0.3085], [34.77375, -0.3085]]], [[[34.7675, -0.307], [34.7675, -0.30725], [34.768, -0.30725], [34.768, -0.30675], [34.76825, -0.30675], [34.76825, -0.3065], [34.7685, -0.3065], [34.7685, -0.30625], [34.76825, -0.30625], [34.76825, -0.306], [34.76775, -0.306], [34.76775, -0.307], [34.7675, -0.307]]], [[[34.773, -0.305], [34.773, -0.30525], [34.7725, -0.30525], [34.7725, -0.306], [34.774, -0.306], [34.774, -0.3055], [34.7735, -0.3055], [34.7735, -0.30525], [34.77325, -0.30525], [34.77325, -0.305], [34.773, -0.305]]], [[[34.775, -0.3055], [34.775, -0.30525], [34.77475, -0.30525], [34.77475, -0.3055], [34.775, -0.3055]]], [[[34.77225, -0.305], [34.77225, -0.30475], [34.77175, -0.30475], [34.77175, -0.305], [34.7715, -0.305], [34.7715, -0.30525], [34.772, -0.30525], [34.772, -0.305], [34.77225, -0.305]]], [[[34.775, -0.305], [34.775, -0.30475], [34.77475, -0.30475], [34.77475, -0.305], [34.775, -0.305]]], [[[34.77525, -0.30475], [34.77525, -0.3045], [34.775, -0.3045], [34.775, -0.30475], [34.77525, -0.30475]]], [[[34.76275, -0.304], [34.76275, -0.30375], [34.762, -0.30375], [34.762, -0.304], [34.76275, -0.304]]], [[[34.7635, -0.30375], [34.7635, -0.3035], [34.76275, -0.3035], [34.76275, -0.30375], [34.7635, -0.30375]]], [[[34.76425, -0.3035], [34.76425, -0.30325], [34.7635, -0.30325], [34.7635, -0.3035], [34.76425, -0.3035]]], [[[34.76525, -0.30325], [34.76525, -0.303], [34.765, -0.303], [34.765, -0.30325], [34.76525, -0.30325]]], [[[34.777, -0.1555], [34.777, -0.15525], [34.77675, -0.15525], [34.77675, -0.1555], [34.777, -0.1555]]], [[[34.77675, -0.14925], [34.77675, -0.14975], [34.777, -0.14975], [34.777, -0.15], [34.77725, -0.15], [34.77725, -0.14975], [34.77775, -0.14975], [34.77775, -0.1495], [34.777, -0.1495], [34.777, -0.14925], [34.77675, -0.14925]]], [[[34.779, -0.1495], [34.779, -0.14925], [34.7785, -0.14925], [34.7785, -0.1495], [34.779, -0.1495]]], [[[34.77675, -0.1225], [34.77675, -0.122], [34.77575, -0.122], [34.77575, -0.1225], [34.77675, -0.1225]]], [[[34.77525, -0.122], [34.77525, -0.12175], [34.775, -0.12175], [34.775, -0.122], [34.77525, -0.122]]], [[[34.77475, -0.1215], [34.77475, -0.12175], [34.775, -0.12175], [34.775, -0.1215], [34.77475, -0.1215]]], [[[34.77425, -0.1215], [34.77425, -0.12125], [34.7735, -0.12125], [34.7735, -0.1215], [34.77425, -0.1215]]], [[[34.77675, -0.12125], [34.77675, -0.121], [34.7765, -0.121], [34.7765, -0.12125], [34.776, -0.12125], [34.776, -0.1215], [34.77725, -0.1215], [34.77725, -0.12125], [34.77675, -0.12125]]], [[[34.7745, -0.12075], [34.7745, -0.1205], [34.774, -0.1205], [34.774, -0.12025], [34.77375, -0.12025], [34.77375, -0.12075], [34.7745, -0.12075]]], [[[34.77575, -0.12025], [34.77575, -0.12], [34.7755, -0.12], [34.7755, -0.12025], [34.77575, -0.12025]]], [[[34.77675, -0.1205], [34.77675, -0.12075], [34.77725, -0.12075], [34.77725, -0.1205], [34.7775, -0.1205], [34.7775, -0.11975000000000001], [34.77775, -0.11975000000000001], [34.77775, -0.11875000000000001], [34.778, -0.11875000000000001], [34.778, -0.11850000000000001], [34.777, -0.11850000000000001], [34.777, -0.11950000000000001], [34.77675, -0.11950000000000001], [34.77675, -0.12025], [34.7765, -0.12025], [34.7765, -0.1205], [34.77675, -0.1205]]], [[[34.77575, -0.11950000000000001], [34.77575, -0.12], [34.776, -0.12], [34.776, -0.11900000000000001], [34.7755, -0.11900000000000001], [34.7755, -0.11950000000000001], [34.77575, -0.11950000000000001]]], [[[34.7765, -0.11850000000000001], [34.776, -0.11850000000000001], [34.776, -0.11875000000000001], [34.7765, -0.11875000000000001], [34.7765, -0.11850000000000001]]], [[[34.7745, -0.11825000000000001], [34.7745, -0.11850000000000001], [34.775, -0.11850000000000001], [34.775, -0.11800000000000001], [34.77475, -0.11800000000000001], [34.77475, -0.11825000000000001], [34.7745, -0.11825000000000001]]], [[[34.778, -0.11825000000000001], [34.778, -0.11800000000000001], [34.77775, -0.11800000000000001], [34.77775, -0.11825000000000001], [34.778, -0.11825000000000001]]], [[[34.7765, -0.11775000000000001], [34.7765, -0.11750000000000001], [34.776, -0.11750000000000001], [34.776, -0.11775000000000001], [34.7765, -0.11775000000000001]]], [[[34.7755, -0.11750000000000001], [34.7755, -0.11725000000000001], [34.775, -0.11725000000000001], [34.775, -0.11750000000000001], [34.7755, -0.11750000000000001]]], [[[34.764, -0.07375], [34.764, -0.0735], [34.76375, -0.0735], [34.76375, -0.07375], [34.764, -0.07375]]], [[[34.76525, -0.0735], [34.76525, -0.073], [34.765, -0.073], [34.765, -0.07325], [34.76425, -0.07325], [34.76425, -0.07375], [34.7645, -0.07375], [34.7645, -0.0735], [34.76525, -0.0735]]], [[[34.77, -0.06575], [34.77, -0.0655], [34.769, -0.0655], [34.769, -0.0665], [34.76975, -0.0665], [34.76975, -0.06625], [34.77025, -0.06625], [34.77025, -0.06575], [34.77, -0.06575]]], [[[34.781, -0.38925], [34.781, -0.3885], [34.7805, -0.3885], [34.7805, -0.38925], [34.78025, -0.38925], [34.78025, -0.3895], [34.78125, -0.3895], [34.78125, -0.38925], [34.781, -0.38925]]], [[[34.79875, -0.3545], [34.79875, -0.354], [34.7985, -0.354], [34.7985, -0.35375], [34.79825, -0.35375], [34.79825, -0.3545], [34.79875, -0.3545]]], [[[34.79875, -0.3525], [34.79875, -0.35225], [34.7985, -0.35225], [34.7985, -0.3525], [34.79875, -0.3525]]], [[[34.798, -0.3525], [34.798, -0.35225], [34.79775, -0.35225], [34.79775, -0.3525], [34.798, -0.3525]]], [[[34.7975, -0.352], [34.7975, -0.35225], [34.79775, -0.35225], [34.79775, -0.352], [34.7975, -0.352]]], [[[34.7975, -0.352], [34.7975, -0.35175], [34.79725, -0.35175], [34.79725, -0.352], [34.7975, -0.352]]], [[[34.79725, -0.35125], [34.79725, -0.35100000000000003], [34.79675, -0.35100000000000003], [34.79675, -0.35125], [34.79725, -0.35125]]], [[[34.792, -0.34625], [34.79175, -0.34625], [34.79175, -0.34650000000000003], [34.792, -0.34650000000000003], [34.792, -0.34625]]], [[[34.791, -0.34450000000000003], [34.791, -0.34425], [34.79075, -0.34425], [34.79075, -0.34450000000000003], [34.791, -0.34450000000000003]]], [[[34.7925, -0.34325], [34.7925, -0.343], [34.79225, -0.343], [34.79225, -0.34325], [34.7925, -0.34325]]], [[[34.78625, -0.3425], [34.78625, -0.342], [34.786, -0.342], [34.786, -0.3425], [34.78625, -0.3425]]], [[[34.79325, -0.341], [34.79325, -0.34075], [34.79375, -0.34075], [34.79375, -0.34025], [34.793, -0.34025], [34.793, -0.341], [34.79325, -0.341]]], [[[34.79425, -0.34075], [34.79425, -0.34025], [34.794, -0.34025], [34.794, -0.34075], [34.79425, -0.34075]]], [[[34.79475, -0.34025], [34.79475, -0.34], [34.7945, -0.34], [34.7945, -0.34025], [34.79475, -0.34025]]], [[[34.785, -0.33825], [34.785, -0.338], [34.78475, -0.338], [34.78475, -0.33825], [34.785, -0.33825]]], [[[34.78825, -0.338], [34.78825, -0.33825], [34.788, -0.33825], [34.788, -0.33875], [34.78825, -0.33875], [34.78825, -0.3385], [34.7885, -0.3385], [34.7885, -0.3375], [34.78825, -0.3375], [34.78825, -0.33725], [34.78775, -0.33725], [34.78775, -0.3375], [34.788, -0.3375], [34.788, -0.338], [34.78825, -0.338]]], [[[34.7855, -0.33775], [34.7855, -0.33725], [34.78525, -0.33725], [34.78525, -0.33775], [34.7855, -0.33775]]], [[[34.785, -0.33725], [34.785, -0.33675], [34.78475, -0.33675], [34.78475, -0.33725], [34.785, -0.33725]]], [[[34.78425, -0.33575], [34.78425, -0.3355], [34.784, -0.3355], [34.784, -0.33575], [34.78425, -0.33575]]], [[[34.78625, -0.33525], [34.78625, -0.335], [34.78675, -0.335], [34.78675, -0.33475], [34.786, -0.33475], [34.786, -0.33525], [34.78625, -0.33525]]], [[[34.78725, -0.335], [34.78725, -0.33475], [34.7875, -0.33475], [34.7875, -0.3345], [34.7885, -0.3345], [34.7885, -0.334], [34.789, -0.334], [34.789, -0.33375], [34.78875, -0.33375], [34.78875, -0.33325], [34.7875, -0.33325], [34.7875, -0.33375], [34.787, -0.33375], [34.787, -0.334], [34.78625, -0.334], [34.78625, -0.33425], [34.786, -0.33425], [34.786, -0.3345], [34.787, -0.3345], [34.787, -0.335], [34.78725, -0.335]]], [[[34.784, -0.33425], [34.784, -0.334], [34.7835, -0.334], [34.7835, -0.33425], [34.784, -0.33425]]], [[[34.785, -0.3325], [34.78475, -0.3325], [34.78475, -0.33275], [34.785, -0.33275], [34.785, -0.3325]]], [[[34.789, -0.32975], [34.789, -0.3295], [34.78875, -0.3295], [34.78875, -0.32975], [34.789, -0.32975]]], [[[34.79375, -0.3275], [34.79375, -0.32725], [34.79275, -0.32725], [34.79275, -0.327], [34.79225, -0.327], [34.79225, -0.32625], [34.7915, -0.32625], [34.7915, -0.326], [34.79025, -0.326], [34.79025, -0.3255], [34.78975, -0.3255], [34.78975, -0.327], [34.79025, -0.327], [34.79025, -0.3285], [34.79075, -0.3285], [34.79075, -0.32875], [34.79125, -0.32875], [34.79125, -0.329], [34.7925, -0.329], [34.7925, -0.32925], [34.793, -0.32925], [34.793, -0.3295], [34.79325, -0.3295], [34.79325, -0.32975], [34.794, -0.32975], [34.794, -0.33025], [34.79425, -0.33025], [34.79425, -0.3305], [34.7945, -0.3305], [34.7945, -0.33075], [34.79475, -0.33075], [34.79475, -0.331], [34.795, -0.331], [34.795, -0.33125], [34.79525, -0.33125], [34.79525, -0.331], [34.7955, -0.331], [34.7955, -0.3305], [34.79525, -0.3305], [34.79525, -0.3285], [34.795, -0.3285], [34.795, -0.328], [34.79475, -0.328], [34.79475, -0.32775], [34.7945, -0.32775], [34.7945, -0.3275], [34.79375, -0.3275]]], [[[34.78925, -0.3275], [34.78925, -0.32725], [34.789, -0.32725], [34.789, -0.3275], [34.78925, -0.3275]]], [[[34.78775, -0.32675], [34.78775, -0.32575], [34.7875, -0.32575], [34.7875, -0.32675], [34.78775, -0.32675]]], [[[34.7875, -0.32575], [34.7875, -0.3255], [34.78725, -0.3255], [34.78725, -0.32575], [34.7875, -0.32575]]], [[[34.79075, -0.3255], [34.79075, -0.32525], [34.7905, -0.32525], [34.7905, -0.325], [34.79025, -0.325], [34.79025, -0.3255], [34.79075, -0.3255]]], [[[34.79125, -0.32525], [34.79125, -0.325], [34.79075, -0.325], [34.79075, -0.32525], [34.79125, -0.32525]]], [[[34.79125, -0.32425], [34.79125, -0.3245], [34.79175, -0.3245], [34.79175, -0.324], [34.7915, -0.324], [34.7915, -0.32425], [34.79125, -0.32425]]], [[[34.78575, -0.324], [34.78575, -0.32375], [34.7855, -0.32375], [34.7855, -0.324], [34.78575, -0.324]]], [[[34.78, -0.32475], [34.78, -0.3245], [34.78025, -0.3245], [34.78025, -0.32375], [34.7805, -0.32375], [34.7805, -0.3235], [34.78025, -0.3235], [34.78025, -0.323], [34.78, -0.323], [34.78, -0.32275], [34.77925, -0.32275], [34.77925, -0.323], [34.7795, -0.323], [34.7795, -0.32375], [34.78, -0.32375], [34.78, -0.324], [34.7785, -0.324], [34.7785, -0.32475], [34.77875, -0.32475], [34.77875, -0.3245], [34.779, -0.3245], [34.779, -0.32475], [34.78, -0.32475]]], [[[34.78875, -0.32275], [34.78875, -0.3235], [34.78825, -0.3235], [34.78825, -0.324], [34.78875, -0.324], [34.78875, -0.32375], [34.78925, -0.32375], [34.78925, -0.323], [34.789, -0.323], [34.789, -0.32275], [34.78875, -0.32275]]], [[[34.79075, -0.32425], [34.79075, -0.32375], [34.791, -0.32375], [34.791, -0.324], [34.7915, -0.324], [34.7915, -0.3235], [34.79125, -0.3235], [34.79125, -0.32275], [34.791, -0.32275], [34.791, -0.3225], [34.79075, -0.3225], [34.79075, -0.323], [34.79025, -0.323], [34.79025, -0.32275], [34.7895, -0.32275], [34.7895, -0.323], [34.78975, -0.323], [34.78975, -0.3235], [34.79025, -0.3235], [34.79025, -0.32375], [34.7905, -0.32375], [34.7905, -0.32425], [34.79075, -0.32425]]], [[[34.79075, -0.3225], [34.79075, -0.32225], [34.7905, -0.32225], [34.7905, -0.3225], [34.79075, -0.3225]]], [[[34.785, -0.32225], [34.785, -0.322], [34.78475, -0.322], [34.78475, -0.32225], [34.785, -0.32225]]], [[[34.7905, -0.32175], [34.79025, -0.32175], [34.79025, -0.32225], [34.7905, -0.32225], [34.7905, -0.32175]]], [[[34.79025, -0.32175], [34.79025, -0.32125], [34.78975, -0.32125], [34.78975, -0.32175], [34.79025, -0.32175]]], [[[34.789, -0.32025], [34.789, -0.32], [34.78825, -0.32], [34.78825, -0.32025], [34.78875, -0.32025], [34.78875, -0.3205], [34.789, -0.3205], [34.789, -0.32075], [34.7895, -0.32075], [34.7895, -0.32125], [34.78975, -0.32125], [34.78975, -0.3205], [34.7895, -0.3205], [34.7895, -0.32025], [34.789, -0.32025]]], [[[34.787, -0.3215], [34.787, -0.321], [34.78725, -0.321], [34.78725, -0.32075], [34.7875, -0.32075], [34.7875, -0.3205], [34.78725, -0.3205], [34.78725, -0.32], [34.78825, -0.32], [34.78825, -0.3195], [34.787, -0.3195], [34.787, -0.32075], [34.78675, -0.32075], [34.78675, -0.321], [34.78575, -0.321], [34.78575, -0.32075], [34.785, -0.32075], [34.785, -0.321], [34.7845, -0.321], [34.7845, -0.32125], [34.78625, -0.32125], [34.78625, -0.3215], [34.787, -0.3215]]], [[[34.78175, -0.3195], [34.78175, -0.31925000000000003], [34.7815, -0.31925000000000003], [34.7815, -0.3195], [34.78175, -0.3195]]], [[[34.78125, -0.3185], [34.78125, -0.318], [34.781, -0.318], [34.781, -0.3185], [34.78125, -0.3185]]], [[[34.7805, -0.3175], [34.7805, -0.31775000000000003], [34.78075, -0.31775000000000003], [34.78075, -0.318], [34.781, -0.318], [34.781, -0.3175], [34.7805, -0.3175]]], [[[34.7815, -0.31775000000000003], [34.7815, -0.3175], [34.78125, -0.3175], [34.78125, -0.31775000000000003], [34.7815, -0.31775000000000003]]], [[[34.78425, -0.3175], [34.78425, -0.31725000000000003], [34.784, -0.31725000000000003], [34.784, -0.3175], [34.78425, -0.3175]]], [[[34.78075, -0.31675000000000003], [34.78075, -0.3165], [34.77925, -0.3165], [34.77925, -0.31675000000000003], [34.7795, -0.31675000000000003], [34.7795, -0.317], [34.7805, -0.317], [34.7805, -0.31675000000000003], [34.78075, -0.31675000000000003]]], [[[34.78375, -0.3155], [34.78375, -0.31525000000000003], [34.7835, -0.31525000000000003], [34.7835, -0.3155], [34.78375, -0.3155]]], [[[34.78525, -0.314], [34.78525, -0.31375000000000003], [34.78575, -0.31375000000000003], [34.78575, -0.3135], [34.78625, -0.3135], [34.78625, -0.31375000000000003], [34.78725, -0.31375000000000003], [34.78725, -0.313], [34.7875, -0.313], [34.7875, -0.31225], [34.787, -0.31225], [34.787, -0.3125], [34.786, -0.3125], [34.786, -0.313], [34.78475, -0.313], [34.78475, -0.31325000000000003], [34.78425, -0.31325000000000003], [34.78425, -0.3135], [34.784, -0.3135], [34.784, -0.31375000000000003], [34.78375, -0.31375000000000003], [34.78375, -0.31425000000000003], [34.784, -0.31425000000000003], [34.784, -0.315], [34.78375, -0.315], [34.78375, -0.31525000000000003], [34.784, -0.31525000000000003], [34.784, -0.31575000000000003], [34.78425, -0.31575000000000003], [34.78425, -0.316], [34.7845, -0.316], [34.7845, -0.31675000000000003], [34.78425, -0.31675000000000003], [34.78425, -0.31725000000000003], [34.7845, -0.31725000000000003], [34.7845, -0.31775000000000003], [34.78525, -0.31775000000000003], [34.78525, -0.3175], [34.786, -0.3175], [34.786, -0.31725000000000003], [34.78625, -0.31725000000000003], [34.78625, -0.317], [34.78525, -0.317], [34.78525, -0.316], [34.78625, -0.316], [34.78625, -0.3165], [34.789, -0.3165], [34.789, -0.316], [34.7895, -0.316], [34.7895, -0.31575000000000003], [34.78975, -0.31575000000000003], [34.78975, -0.316], [34.7905, -0.316], [34.7905, -0.31575000000000003], [34.79075, -0.31575000000000003], [34.79075, -0.3155], [34.79125, -0.3155], [34.79125, -0.315], [34.792, -0.315], [34.792, -0.31475000000000003], [34.7915, -0.31475000000000003], [34.7915, -0.3145], [34.79125, -0.3145], [34.79125, -0.31425000000000003], [34.791, -0.31425000000000003], [34.791, -0.3145], [34.79075, -0.3145], [34.79075, -0.315], [34.791, -0.315], [34.791, -0.31525000000000003], [34.79025, -0.31525000000000003], [34.79025, -0.315], [34.7905, -0.315], [34.7905, -0.31475000000000003], [34.78975, -0.31475000000000003], [34.78975, -0.31525000000000003], [34.78875, -0.31525000000000003], [34.78875, -0.3155], [34.7885, -0.3155], [34.7885, -0.31575000000000003], [34.788, -0.31575000000000003], [34.788, -0.3155], [34.78775, -0.3155], [34.78775, -0.31575000000000003], [34.787, -0.31575000000000003], [34.787, -0.3155], [34.7855, -0.3155], [34.7855, -0.31525000000000003], [34.78525, -0.31525000000000003], [34.78525, -0.3155], [34.78475, -0.3155], [34.78475, -0.31525000000000003], [34.785, -0.31525000000000003], [34.785, -0.31475000000000003], [34.78475, -0.31475000000000003], [34.78475, -0.314], [34.78525, -0.314]]], [[[34.787, -0.3145], [34.787, -0.31475000000000003], [34.78725, -0.31475000000000003], [34.78725, -0.315], [34.788, -0.315], [34.788, -0.31475000000000003], [34.78775, -0.31475000000000003], [34.78775, -0.3145], [34.788, -0.3145], [34.788, -0.31425000000000003], [34.78725, -0.31425000000000003], [34.78725, -0.3145], [34.787, -0.3145]]], [[[34.7905, -0.3135], [34.7905, -0.313], [34.78975, -0.313], [34.78975, -0.3135], [34.7905, -0.3135]]], [[[34.7895, -0.3125], [34.7895, -0.31225], [34.789, -0.31225], [34.789, -0.3125], [34.7895, -0.3125]]], [[[34.78425, -0.2985], [34.78375, -0.2985], [34.78375, -0.29875], [34.78425, -0.29875], [34.78425, -0.2985]]], [[[34.798, -0.187], [34.798, -0.18675], [34.79775, -0.18675], [34.79775, -0.18725], [34.798, -0.18725], [34.798, -0.1875], [34.79825, -0.1875], [34.79825, -0.187], [34.798, -0.187]]], [[[34.79725, -0.18625], [34.79725, -0.1865], [34.7975, -0.1865], [34.7975, -0.18675], [34.79775, -0.18675], [34.79775, -0.18625], [34.79725, -0.18625]]], [[[34.798, -0.1855], [34.798, -0.18575], [34.79825, -0.18575], [34.79825, -0.18525], [34.79775, -0.18525], [34.79775, -0.1855], [34.798, -0.1855]]], [[[34.7985, -0.18425], [34.7985, -0.18525], [34.79875, -0.18525], [34.79875, -0.18575], [34.79925, -0.18575], [34.79925, -0.18525], [34.799, -0.18525], [34.799, -0.18475], [34.79875, -0.18475], [34.79875, -0.18425], [34.7985, -0.18425]]], [[[34.7845, -0.17675], [34.7845, -0.1765], [34.78425, -0.1765], [34.78425, -0.17675], [34.7845, -0.17675]]], [[[34.78525, -0.17625], [34.78525, -0.176], [34.785, -0.176], [34.785, -0.17625], [34.78525, -0.17625]]], [[[34.78475, -0.17525000000000002], [34.78475, -0.17425000000000002], [34.784, -0.17425000000000002], [34.784, -0.17475000000000002], [34.78425, -0.17475000000000002], [34.78425, -0.17500000000000002], [34.7845, -0.17500000000000002], [34.7845, -0.17525000000000002], [34.78475, -0.17525000000000002]]], [[[34.7805, -0.1605], [34.7805, -0.16025], [34.78025, -0.16025], [34.78025, -0.1605], [34.7805, -0.1605]]], [[[34.7805, -0.16], [34.7805, -0.16025], [34.78075, -0.16025], [34.78075, -0.15975], [34.78025, -0.15975], [34.78025, -0.16], [34.7805, -0.16]]], [[[34.78225, -0.16], [34.78225, -0.1595], [34.78175, -0.1595], [34.78175, -0.16], [34.78225, -0.16]]], [[[34.7835, -0.1595], [34.7835, -0.15925], [34.78275, -0.15925], [34.78275, -0.1595], [34.7835, -0.1595]]], [[[34.7845, -0.15925], [34.7845, -0.159], [34.78425, -0.159], [34.78425, -0.15875], [34.784, -0.15875], [34.784, -0.15925], [34.7845, -0.15925]]], [[[34.784, -0.15875], [34.784, -0.1585], [34.7835, -0.1585], [34.7835, -0.15875], [34.784, -0.15875]]], [[[34.78325, -0.158], [34.78325, -0.15775], [34.78225, -0.15775], [34.78225, -0.158], [34.78325, -0.158]]], [[[34.79825, -0.05575], [34.79825, -0.05625], [34.7985, -0.05625], [34.7985, -0.0565], [34.79875, -0.0565], [34.79875, -0.05675], [34.799, -0.05675], [34.799, -0.056], [34.79875, -0.056], [34.79875, -0.05575], [34.79825, -0.05575]]], [[[34.7965, -0.05425], [34.7965, -0.05525], [34.79675, -0.05525], [34.79675, -0.0555], [34.79725, -0.0555], [34.79725, -0.05525], [34.79775, -0.05525], [34.79775, -0.05475], [34.7975, -0.05475], [34.7975, -0.05425], [34.7965, -0.05425]]], [[[34.79875, -0.055], [34.79875, -0.0545], [34.7985, -0.0545], [34.7985, -0.055], [34.79875, -0.055]]], [[[34.858, -0.41525], [34.858, -0.41500000000000004], [34.85775, -0.41500000000000004], [34.85775, -0.41525], [34.858, -0.41525]]], [[[34.85975, -0.395], [34.85975, -0.39475], [34.8595, -0.39475], [34.8595, -0.395], [34.85975, -0.395]]], [[[34.83975, -0.3935], [34.83975, -0.393], [34.8395, -0.393], [34.8395, -0.3935], [34.83975, -0.3935]]], [[[34.83575, -0.3905], [34.83575, -0.39025], [34.8355, -0.39025], [34.8355, -0.3905], [34.83575, -0.3905]]], [[[34.82625, -0.3895], [34.82625, -0.38925], [34.826, -0.38925], [34.826, -0.3895], [34.82625, -0.3895]]], [[[34.82475, -0.3885], [34.82475, -0.38825], [34.82425, -0.38825], [34.82425, -0.3885], [34.82475, -0.3885]]], [[[34.823, -0.38725], [34.823, -0.387], [34.82275, -0.387], [34.82275, -0.38725], [34.823, -0.38725]]], [[[34.812, -0.35325], [34.812, -0.3535], [34.8125, -0.3535], [34.8125, -0.35275], [34.81225, -0.35275], [34.81225, -0.35325], [34.812, -0.35325]]], [[[34.81125, -0.352], [34.81125, -0.35175], [34.811, -0.35175], [34.811, -0.35150000000000003], [34.8105, -0.35150000000000003], [34.8105, -0.352], [34.81125, -0.352]]], [[[34.86025, -0.28700000000000003], [34.86025, -0.28675], [34.86, -0.28675], [34.86, -0.28700000000000003], [34.86025, -0.28700000000000003]]], [[[34.85775, -0.27525], [34.85775, -0.275], [34.8575, -0.275], [34.8575, -0.27525], [34.85775, -0.27525]]], [[[34.81975, -0.25475000000000003], [34.81975, -0.2545], [34.8195, -0.2545], [34.8195, -0.25475000000000003], [34.81975, -0.25475000000000003]]], [[[34.825, -0.24675], [34.825, -0.2465], [34.82475, -0.2465], [34.82475, -0.24675], [34.825, -0.24675]]], [[[34.82525, -0.24425], [34.825, -0.24425], [34.825, -0.2435], [34.82475, -0.2435], [34.82475, -0.2445], [34.82525, -0.2445], [34.82525, -0.24425]]], [[[34.82475, -0.2435], [34.82475, -0.243], [34.82425, -0.243], [34.82425, -0.2435], [34.82475, -0.2435]]], [[[34.824, -0.24275], [34.824, -0.243], [34.82425, -0.243], [34.82425, -0.24275], [34.824, -0.24275]]], [[[34.84225, -0.24175], [34.84225, -0.2415], [34.842, -0.2415], [34.842, -0.24175], [34.84225, -0.24175]]], [[[34.81675, -0.23725000000000002], [34.81675, -0.23700000000000002], [34.8165, -0.23700000000000002], [34.8165, -0.23725000000000002], [34.81675, -0.23725000000000002]]], [[[34.819, -0.23425], [34.819, -0.234], [34.81875, -0.234], [34.81875, -0.23425], [34.819, -0.23425]]], [[[34.8185, -0.234], [34.8185, -0.23375], [34.81825, -0.23375], [34.81825, -0.234], [34.8185, -0.234]]], [[[34.81875, -0.23375], [34.81875, -0.2335], [34.819, -0.2335], [34.819, -0.233], [34.8185, -0.233], [34.8185, -0.23375], [34.81875, -0.23375]]], [[[34.82725, -0.22325], [34.82725, -0.22275], [34.827, -0.22275], [34.827, -0.22325], [34.82725, -0.22325]]], [[[34.8265, -0.2215], [34.8265, -0.22125], [34.82625, -0.22125], [34.82625, -0.2215], [34.8265, -0.2215]]], [[[34.81675, -0.214], [34.81675, -0.21375], [34.817, -0.21375], [34.817, -0.2135], [34.8165, -0.2135], [34.8165, -0.214], [34.81675, -0.214]]], [[[34.81925, -0.212], [34.8195, -0.212], [34.8195, -0.21175], [34.81925, -0.21175], [34.81925, -0.212]]], [[[34.82, -0.2115], [34.8195, -0.2115], [34.8195, -0.21175], [34.82, -0.21175], [34.82, -0.2115]]], [[[34.82, -0.2115], [34.82025, -0.2115], [34.82025, -0.21125], [34.82, -0.21125], [34.82, -0.2115]]], [[[34.8205, -0.211], [34.82025, -0.211], [34.82025, -0.21125], [34.8205, -0.21125], [34.8205, -0.211]]], [[[34.80975, -0.21075], [34.8095, -0.21075], [34.8095, -0.21125], [34.80975, -0.21125], [34.80975, -0.21075]]], [[[34.81925, -0.211], [34.81925, -0.21075], [34.819, -0.21075], [34.819, -0.211], [34.81925, -0.211]]], [[[34.8095, -0.21075], [34.8095, -0.2105], [34.80925, -0.2105], [34.80925, -0.21075], [34.8095, -0.21075]]], [[[34.812, -0.20975], [34.812, -0.2095], [34.81175, -0.2095], [34.81175, -0.20975], [34.812, -0.20975]]], [[[34.81825, -0.2095], [34.81825, -0.20925], [34.818, -0.20925], [34.818, -0.2095], [34.81825, -0.2095]]], [[[34.81925, -0.20875], [34.81925, -0.2085], [34.819, -0.2085], [34.819, -0.20875], [34.81925, -0.20875]]], [[[34.81825, -0.20825], [34.81825, -0.20800000000000002], [34.81725, -0.20800000000000002], [34.81725, -0.20825], [34.8175, -0.20825], [34.8175, -0.2085], [34.818, -0.2085], [34.818, -0.20825], [34.81825, -0.20825]]], [[[34.8175, -0.20750000000000002], [34.8175, -0.20725000000000002], [34.81725, -0.20725000000000002], [34.81725, -0.20750000000000002], [34.8175, -0.20750000000000002]]], [[[34.8155, -0.20750000000000002], [34.8155, -0.20725000000000002], [34.81525, -0.20725000000000002], [34.81525, -0.20750000000000002], [34.8155, -0.20750000000000002]]], [[[34.81625, -0.20725000000000002], [34.81625, -0.20700000000000002], [34.816, -0.20700000000000002], [34.816, -0.20725000000000002], [34.81625, -0.20725000000000002]]], [[[34.81575, -0.20675000000000002], [34.81575, -0.20700000000000002], [34.816, -0.20700000000000002], [34.816, -0.20675000000000002], [34.81575, -0.20675000000000002]]], [[[34.81325, -0.20675000000000002], [34.81325, -0.20650000000000002], [34.813, -0.20650000000000002], [34.813, -0.20675000000000002], [34.81325, -0.20675000000000002]]], [[[34.8155, -0.20675000000000002], [34.8155, -0.20650000000000002], [34.81575, -0.20650000000000002], [34.81575, -0.20625000000000002], [34.81525, -0.20625000000000002], [34.81525, -0.20675000000000002], [34.8155, -0.20675000000000002]]], [[[34.81375, -0.20650000000000002], [34.81375, -0.20625000000000002], [34.81325, -0.20625000000000002], [34.81325, -0.20650000000000002], [34.81375, -0.20650000000000002]]], [[[34.80975, -0.20650000000000002], [34.80975, -0.20625000000000002], [34.8095, -0.20625000000000002], [34.8095, -0.20650000000000002], [34.80975, -0.20650000000000002]]], [[[34.81475, -0.20550000000000002], [34.815, -0.20550000000000002], [34.815, -0.20525000000000002], [34.8145, -0.20525000000000002], [34.8145, -0.20600000000000002], [34.81475, -0.20600000000000002], [34.81475, -0.20550000000000002]]], [[[34.812, -0.198], [34.812, -0.1975], [34.81175, -0.1975], [34.81175, -0.198], [34.812, -0.198]]], [[[34.8125, -0.19775], [34.8125, -0.19725], [34.81225, -0.19725], [34.81225, -0.19775], [34.8125, -0.19775]]], [[[34.808, -0.19425], [34.808, -0.19375], [34.80775, -0.19375], [34.80775, -0.19425], [34.808, -0.19425]]], [[[34.80625, -0.1935], [34.80625, -0.19325], [34.806, -0.19325], [34.806, -0.1935], [34.80625, -0.1935]]], [[[34.80825, -0.19325], [34.80825, -0.19275], [34.808, -0.19275], [34.808, -0.19325], [34.80825, -0.19325]]], [[[34.80775, -0.192], [34.80775, -0.1915], [34.8075, -0.1915], [34.8075, -0.192], [34.80775, -0.192]]], [[[34.80475, -0.19075], [34.80475, -0.1905], [34.8045, -0.1905], [34.8045, -0.19075], [34.80475, -0.19075]]], [[[34.81, -0.1905], [34.81, -0.19025], [34.80975, -0.19025], [34.80975, -0.1905], [34.81, -0.1905]]], [[[34.80475, -0.189], [34.80475, -0.18875], [34.8045, -0.18875], [34.8045, -0.189], [34.80475, -0.189]]], [[[34.80325, -0.18675], [34.80325, -0.1865], [34.803, -0.1865], [34.803, -0.18675], [34.80325, -0.18675]]], [[[34.80425, -0.1865], [34.80425, -0.18625], [34.804, -0.18625], [34.804, -0.1865], [34.80425, -0.1865]]], [[[34.803, -0.1865], [34.803, -0.18625], [34.80275, -0.18625], [34.80275, -0.1865], [34.803, -0.1865]]], [[[34.80175, -0.186], [34.80175, -0.18575], [34.8015, -0.18575], [34.8015, -0.1865], [34.80175, -0.1865], [34.80175, -0.18675], [34.802, -0.18675], [34.802, -0.186], [34.80175, -0.186]]], [[[34.804, -0.18625], [34.804, -0.18575], [34.8035, -0.18575], [34.8035, -0.18625], [34.804, -0.18625]]], [[[34.8035, -0.18575], [34.8035, -0.1855], [34.80325, -0.1855], [34.80325, -0.18575], [34.8035, -0.18575]]], [[[34.80275, -0.18575], [34.80275, -0.1855], [34.8025, -0.1855], [34.8025, -0.18575], [34.80275, -0.18575]]], [[[34.80125, -0.18525], [34.80125, -0.18475], [34.801, -0.18475], [34.801, -0.1855], [34.80125, -0.1855], [34.80125, -0.18575], [34.8015, -0.18575], [34.8015, -0.18525], [34.80125, -0.18525]]], [[[34.80025, -0.1855], [34.80025, -0.18525], [34.8, -0.18525], [34.8, -0.18475], [34.79975, -0.18475], [34.79975, -0.1855], [34.80025, -0.1855]]], [[[34.80225, -0.18525], [34.80225, -0.18475], [34.802, -0.18475], [34.802, -0.18525], [34.80225, -0.18525]]], [[[34.803, -0.18475], [34.803, -0.1845], [34.80275, -0.1845], [34.80275, -0.18475], [34.803, -0.18475]]], [[[34.79975, -0.18475], [34.79975, -0.18425], [34.7995, -0.18425], [34.7995, -0.18475], [34.79975, -0.18475]]], [[[34.801, -0.1845], [34.801, -0.18425], [34.80075, -0.18425], [34.80075, -0.1845], [34.801, -0.1845]]], [[[34.80075, -0.18425], [34.80075, -0.184], [34.80025, -0.184], [34.80025, -0.18425], [34.80075, -0.18425]]], [[[34.80275, -0.184], [34.80275, -0.18375], [34.80225, -0.18375], [34.80225, -0.184], [34.80275, -0.184]]], [[[34.80225, -0.1835], [34.80225, -0.183], [34.802, -0.183], [34.802, -0.1835], [34.80225, -0.1835]]], [[[34.8075, -0.14775], [34.8075, -0.1475], [34.807, -0.1475], [34.807, -0.14725], [34.80675, -0.14725], [34.80675, -0.14775], [34.8075, -0.14775]]], [[[34.87175, -0.424], [34.87175, -0.42375], [34.8715, -0.42375], [34.8715, -0.424], [34.87175, -0.424]]], [[[34.8985, -0.39475], [34.8985, -0.395], [34.898, -0.395], [34.898, -0.39525], [34.8975, -0.39525], [34.8975, -0.395], [34.897, -0.395], [34.897, -0.3945], [34.89625, -0.3945], [34.89625, -0.39425], [34.89525, -0.39425], [34.89525, -0.3945], [34.895, -0.3945], [34.895, -0.39475], [34.89475, -0.39475], [34.89475, -0.395], [34.89425, -0.395], [34.89425, -0.3955], [34.894, -0.3955], [34.894, -0.396], [34.8935, -0.396], [34.8935, -0.39625], [34.89325, -0.39625], [34.89325, -0.39675], [34.893, -0.39675], [34.893, -0.39725], [34.8925, -0.39725], [34.8925, -0.3975], [34.892, -0.3975], [34.892, -0.39775], [34.89175, -0.39775], [34.89175, -0.398], [34.8915, -0.398], [34.8915, -0.39825], [34.89125, -0.39825], [34.89125, -0.3985], [34.891, -0.3985], [34.891, -0.39875], [34.89075, -0.39875], [34.89075, -0.3995], [34.8905, -0.3995], [34.8905, -0.39975], [34.8895, -0.39975], [34.8895, -0.3995], [34.88875, -0.3995], [34.88875, -0.399], [34.8885, -0.399], [34.8885, -0.39875], [34.888, -0.39875], [34.888, -0.39825], [34.88775, -0.39825], [34.88775, -0.39775], [34.8875, -0.39775], [34.8875, -0.3975], [34.8865, -0.3975], [34.8865, -0.39725], [34.886, -0.39725], [34.886, -0.397], [34.88525, -0.397], [34.88525, -0.39675], [34.88475, -0.39675], [34.88475, -0.397], [34.884, -0.397], [34.884, -0.39725], [34.883, -0.39725], [34.883, -0.3975], [34.88225, -0.3975], [34.88225, -0.39725], [34.88175, -0.39725], [34.88175, -0.3975], [34.8815, -0.3975], [34.8815, -0.39775], [34.88275, -0.39775], [34.88275, -0.398], [34.883, -0.398], [34.883, -0.39825], [34.88575, -0.39825], [34.88575, -0.3985], [34.886, -0.3985], [34.886, -0.39875], [34.8865, -0.39875], [34.8865, -0.399], [34.887, -0.399], [34.887, -0.3995], [34.88725, -0.3995], [34.88725, -0.39975], [34.8875, -0.39975], [34.8875, -0.4], [34.88775, -0.4], [34.88775, -0.40025], [34.888, -0.40025], [34.888, -0.401], [34.88825, -0.401], [34.88825, -0.40225], [34.8885, -0.40225], [34.8885, -0.4025], [34.88875, -0.4025], [34.88875, -0.403], [34.88925, -0.403], [34.88925, -0.4025], [34.8905, -0.4025], [34.8905, -0.40225], [34.89125, -0.40225], [34.89125, -0.4025], [34.89175, -0.4025], [34.89175, -0.403], [34.89225, -0.403], [34.89225, -0.4025], [34.892, -0.4025], [34.892, -0.40225], [34.89175, -0.40225], [34.89175, -0.40175], [34.8915, -0.40175], [34.8915, -0.40075], [34.89175, -0.40075], [34.89175, -0.40025], [34.89225, -0.40025], [34.89225, -0.4], [34.8925, -0.4], [34.8925, -0.398], [34.89275, -0.398], [34.89275, -0.39775], [34.893, -0.39775], [34.893, -0.3975], [34.89325, -0.3975], [34.89325, -0.39725], [34.894, -0.39725], [34.894, -0.397], [34.89425, -0.397], [34.89425, -0.39675], [34.8945, -0.39675], [34.8945, -0.3965], [34.89475, -0.3965], [34.89475, -0.39525], [34.895, -0.39525], [34.895, -0.395], [34.89525, -0.395], [34.89525, -0.39475], [34.89625, -0.39475], [34.89625, -0.395], [34.8965, -0.395], [34.8965, -0.39525], [34.897, -0.39525], [34.897, -0.3955], [34.8975, -0.3955], [34.8975, -0.396], [34.8985, -0.396], [34.8985, -0.3955], [34.899, -0.3955], [34.899, -0.39525], [34.89925, -0.39525], [34.89925, -0.39475], [34.8995, -0.39475], [34.8995, -0.3945], [34.89875, -0.3945], [34.89875, -0.39475], [34.8985, -0.39475]]], [[[34.9, -0.39425], [34.9, -0.39375], [34.89975, -0.39375], [34.89975, -0.394], [34.8995, -0.394], [34.8995, -0.3945], [34.89975, -0.3945], [34.89975, -0.39425], [34.9, -0.39425]]], [[[34.8965, -0.315], [34.8965, -0.3145], [34.896, -0.3145], [34.896, -0.315], [34.8965, -0.315]]], [[[34.86625, -0.30625], [34.86575, -0.30625], [34.86575, -0.3065], [34.86625, -0.3065], [34.86625, -0.30625]]], [[[34.871, -0.306], [34.871, -0.3055], [34.86975, -0.3055], [34.86975, -0.306], [34.8685, -0.306], [34.8685, -0.30625], [34.87025, -0.30625], [34.87025, -0.306], [34.871, -0.306]]], [[[34.8715, -0.3055], [34.8715, -0.30525], [34.87125, -0.30525], [34.87125, -0.3055], [34.8715, -0.3055]]], [[[34.87225, -0.30525], [34.87225, -0.305], [34.87175, -0.305], [34.87175, -0.30525], [34.87225, -0.30525]]], [[[34.87325, -0.305], [34.87325, -0.30475], [34.87275, -0.30475], [34.87275, -0.305], [34.87325, -0.305]]], [[[34.888, -0.30175], [34.888, -0.3015], [34.8875, -0.3015], [34.8875, -0.30075], [34.88775, -0.30075], [34.88775, -0.30025], [34.8875, -0.30025], [34.8875, -0.3005], [34.88725, -0.3005], [34.88725, -0.30025], [34.887, -0.30025], [34.887, -0.30075], [34.88625, -0.30075], [34.88625, -0.301], [34.886, -0.301], [34.886, -0.30125], [34.88525, -0.30125], [34.88525, -0.3015], [34.885, -0.3015], [34.885, -0.30125], [34.88475, -0.30125], [34.88475, -0.3015], [34.88425, -0.3015], [34.88425, -0.30175], [34.884, -0.30175], [34.884, -0.302], [34.88275, -0.302], [34.88275, -0.30225], [34.88225, -0.30225], [34.88225, -0.30275], [34.88175, -0.30275], [34.88175, -0.30225], [34.88125, -0.30225], [34.88125, -0.30275], [34.88075, -0.30275], [34.88075, -0.302], [34.88025, -0.302], [34.88025, -0.30225], [34.87875, -0.30225], [34.87875, -0.30275], [34.87725, -0.30275], [34.87725, -0.303], [34.877, -0.303], [34.877, -0.30325], [34.87675, -0.30325], [34.87675, -0.30375], [34.87625, -0.30375], [34.87625, -0.304], [34.876, -0.304], [34.876, -0.30375], [34.87575, -0.30375], [34.87575, -0.3035], [34.876, -0.3035], [34.876, -0.30325], [34.8755, -0.30325], [34.8755, -0.3035], [34.875, -0.3035], [34.875, -0.30375], [34.8745, -0.30375], [34.8745, -0.304], [34.87425, -0.304], [34.87425, -0.3045], [34.87375, -0.3045], [34.87375, -0.30475], [34.8735, -0.30475], [34.8735, -0.305], [34.87325, -0.305], [34.87325, -0.30525], [34.8735, -0.30525], [34.8735, -0.3055], [34.87425, -0.3055], [34.87425, -0.30525], [34.87475, -0.30525], [34.87475, -0.305], [34.87525, -0.305], [34.87525, -0.30475], [34.87625, -0.30475], [34.87625, -0.30425], [34.87675, -0.30425], [34.87675, -0.3045], [34.87725, -0.3045], [34.87725, -0.30425], [34.878, -0.30425], [34.878, -0.304], [34.8775, -0.304], [34.8775, -0.30375], [34.87775, -0.30375], [34.87775, -0.3035], [34.87825, -0.3035], [34.87825, -0.30375], [34.8785, -0.30375], [34.8785, -0.3035], [34.879, -0.3035], [34.879, -0.30325], [34.8795, -0.30325], [34.8795, -0.3035], [34.8805, -0.3035], [34.8805, -0.30375], [34.88075, -0.30375], [34.88075, -0.30425], [34.88125, -0.30425], [34.88125, -0.304], [34.8815, -0.304], [34.8815, -0.3035], [34.88175, -0.3035], [34.88175, -0.30325], [34.8825, -0.30325], [34.8825, -0.303], [34.883, -0.303], [34.883, -0.30275], [34.884, -0.30275], [34.884, -0.30225], [34.88525, -0.30225], [34.88525, -0.30275], [34.8855, -0.30275], [34.8855, -0.303], [34.886, -0.303], [34.886, -0.30325], [34.88825, -0.30325], [34.88825, -0.30275], [34.888, -0.30275], [34.888, -0.30225], [34.88775, -0.30225], [34.88775, -0.30175], [34.888, -0.30175]]], [[[34.8745, -0.2985], [34.8745, -0.29925], [34.87425, -0.29925], [34.87425, -0.3005], [34.87525, -0.3005], [34.87525, -0.29925], [34.8755, -0.29925], [34.8755, -0.29825], [34.87575, -0.29825], [34.87575, -0.298], [34.87525, -0.298], [34.87525, -0.29825], [34.87475, -0.29825], [34.87475, -0.2985], [34.8745, -0.2985]]], [[[34.86575, -0.28800000000000003], [34.86575, -0.28775], [34.8655, -0.28775], [34.8655, -0.28800000000000003], [34.86575, -0.28800000000000003]]], [[[34.86425, -0.28700000000000003], [34.86425, -0.28675], [34.864, -0.28675], [34.864, -0.28700000000000003], [34.86425, -0.28700000000000003]]], [[[34.86325, -0.28625], [34.86325, -0.28600000000000003], [34.862, -0.28600000000000003], [34.862, -0.28625], [34.86325, -0.28625]]], [[[34.86375, -0.28600000000000003], [34.86375, -0.28575], [34.8635, -0.28575], [34.8635, -0.28600000000000003], [34.86375, -0.28600000000000003]]], [[[34.86575, -0.28350000000000003], [34.86575, -0.28300000000000003], [34.8655, -0.28300000000000003], [34.8655, -0.28350000000000003], [34.86575, -0.28350000000000003]]], [[[34.865, -0.28075], [34.865, -0.2805], [34.86475, -0.2805], [34.86475, -0.28075], [34.865, -0.28075]]], [[[34.88175, -0.27975], [34.88175, -0.2795], [34.8815, -0.2795], [34.8815, -0.27975], [34.88175, -0.27975]]], [[[34.88475, -0.27775], [34.88475, -0.2775], [34.8855, -0.2775], [34.8855, -0.27725], [34.88525, -0.27725], [34.88525, -0.277], [34.88375, -0.277], [34.88375, -0.27675], [34.8835, -0.27675], [34.8835, -0.2765], [34.883, -0.2765], [34.883, -0.2775], [34.88275, -0.2775], [34.88275, -0.27775], [34.883, -0.27775], [34.883, -0.278], [34.8835, -0.278], [34.8835, -0.27775], [34.884, -0.27775], [34.884, -0.278], [34.88425, -0.278], [34.88425, -0.27775], [34.88475, -0.27775]]], [[[34.8815, -0.2775], [34.88175, -0.2775], [34.88175, -0.27725], [34.882, -0.27725], [34.882, -0.277], [34.88225, -0.277], [34.88225, -0.27675], [34.8825, -0.27675], [34.8825, -0.27625], [34.882, -0.27625], [34.882, -0.2765], [34.88175, -0.2765], [34.88175, -0.277], [34.8815, -0.277], [34.8815, -0.2775]]], [[[34.88825, -0.276], [34.88825, -0.27575], [34.888, -0.27575], [34.888, -0.27625], [34.88825, -0.27625], [34.88825, -0.2765], [34.8885, -0.2765], [34.8885, -0.276], [34.88825, -0.276]]], [[[34.892, -0.2755], [34.892, -0.27525], [34.89175, -0.27525], [34.89175, -0.2755], [34.892, -0.2755]]], [[[34.8885, -0.27525], [34.8885, -0.27425], [34.888, -0.27425], [34.888, -0.27525], [34.8885, -0.27525]]], [[[34.87725, -0.27425], [34.87725, -0.274], [34.877, -0.274], [34.877, -0.27425], [34.87725, -0.27425]]], [[[34.89275, -0.274], [34.89275, -0.27375], [34.8925, -0.27375], [34.8925, -0.274], [34.89275, -0.274]]], [[[34.8785, -0.27375], [34.8785, -0.2735], [34.878, -0.2735], [34.878, -0.27375], [34.8785, -0.27375]]], [[[34.895, -0.2735], [34.895, -0.27325], [34.89475, -0.27325], [34.89475, -0.2735], [34.895, -0.2735]]], [[[34.87875, -0.273], [34.87875, -0.27325], [34.8785, -0.27325], [34.8785, -0.2735], [34.879, -0.2735], [34.879, -0.27325], [34.87925, -0.27325], [34.87925, -0.273], [34.8795, -0.273], [34.8795, -0.27275], [34.879, -0.27275], [34.879, -0.273], [34.87875, -0.273]]], [[[34.895, -0.273], [34.895, -0.27275], [34.89475, -0.27275], [34.89475, -0.273], [34.895, -0.273]]], [[[34.874, -0.27175], [34.874, -0.2725], [34.87425, -0.2725], [34.87425, -0.27225], [34.8745, -0.27225], [34.8745, -0.27175], [34.87425, -0.27175], [34.87425, -0.271], [34.874, -0.271], [34.874, -0.27075], [34.87375, -0.27075], [34.87375, -0.271], [34.8735, -0.271], [34.8735, -0.2715], [34.87375, -0.2715], [34.87375, -0.27175], [34.874, -0.27175]]], [[[34.88575, -0.2715], [34.88575, -0.271], [34.8855, -0.271], [34.8855, -0.2715], [34.88575, -0.2715]]], [[[34.8735, -0.271], [34.8735, -0.27075], [34.87325, -0.27075], [34.87325, -0.271], [34.8735, -0.271]]], [[[34.87325, -0.27075], [34.87325, -0.2705], [34.87275, -0.2705], [34.87275, -0.27075], [34.87325, -0.27075]]], [[[34.87075, -0.2705], [34.87075, -0.27025], [34.8705, -0.27025], [34.8705, -0.27], [34.87025, -0.27], [34.87025, -0.2705], [34.87075, -0.2705]]], [[[34.865, -0.26975], [34.86475, -0.26975], [34.86475, -0.27025], [34.865, -0.27025], [34.865, -0.26975]]], [[[34.87425, -0.27], [34.87425, -0.2695], [34.874, -0.2695], [34.874, -0.27], [34.87425, -0.27]]], [[[34.878, -0.26975], [34.878, -0.26925], [34.87775, -0.26925], [34.87775, -0.26975], [34.878, -0.26975]]], [[[34.8645, -0.26975], [34.8645, -0.26925], [34.86425, -0.26925], [34.86425, -0.26975], [34.8645, -0.26975]]], [[[34.8815, -0.2695], [34.8815, -0.269], [34.88125, -0.269], [34.88125, -0.2695], [34.8815, -0.2695]]], [[[34.862, -0.26825], [34.862, -0.268], [34.86175, -0.268], [34.86175, -0.26825], [34.862, -0.26825]]], [[[34.88025, -0.2775], [34.88075, -0.2775], [34.88075, -0.27725], [34.881, -0.27725], [34.881, -0.277], [34.88125, -0.277], [34.88125, -0.27675], [34.8815, -0.27675], [34.8815, -0.27625], [34.882, -0.27625], [34.882, -0.27575], [34.8825, -0.27575], [34.8825, -0.2755], [34.88275, -0.2755], [34.88275, -0.275], [34.883, -0.275], [34.883, -0.2745], [34.8835, -0.2745], [34.8835, -0.274], [34.884, -0.274], [34.884, -0.27375], [34.88425, -0.27375], [34.88425, -0.2735], [34.8845, -0.2735], [34.8845, -0.272], [34.885, -0.272], [34.885, -0.27175], [34.8855, -0.27175], [34.8855, -0.2715], [34.885, -0.2715], [34.885, -0.27025], [34.88525, -0.27025], [34.88525, -0.26925], [34.8855, -0.26925], [34.8855, -0.269], [34.88575, -0.269], [34.88575, -0.26875], [34.886, -0.26875], [34.886, -0.2685], [34.88625, -0.2685], [34.88625, -0.26825], [34.88725, -0.26825], [34.88725, -0.2695], [34.887, -0.2695], [34.887, -0.2705], [34.88725, -0.2705], [34.88725, -0.27075], [34.88775, -0.27075], [34.88775, -0.271], [34.88825, -0.271], [34.88825, -0.27175], [34.889, -0.27175], [34.889, -0.2715], [34.89, -0.2715], [34.89, -0.271], [34.89075, -0.271], [34.89075, -0.2715], [34.89175, -0.2715], [34.89175, -0.271], [34.8925, -0.271], [34.8925, -0.2715], [34.89275, -0.2715], [34.89275, -0.27175], [34.89325, -0.27175], [34.89325, -0.272], [34.8935, -0.272], [34.8935, -0.27225], [34.89425, -0.27225], [34.89425, -0.2725], [34.8945, -0.2725], [34.8945, -0.27275], [34.89475, -0.27275], [34.89475, -0.272], [34.89575, -0.272], [34.89575, -0.2715], [34.896, -0.2715], [34.896, -0.271], [34.8965, -0.271], [34.8965, -0.27025], [34.897, -0.27025], [34.897, -0.27], [34.8975, -0.27], [34.8975, -0.26975], [34.89775, -0.26975], [34.89775, -0.2695], [34.89875, -0.2695], [34.89875, -0.26875], [34.899, -0.26875], [34.899, -0.2685], [34.89925, -0.2685], [34.89925, -0.26825], [34.8995, -0.26825], [34.8995, -0.268], [34.9, -0.268], [34.9, -0.2675], [34.89975, -0.2675], [34.89975, -0.26675], [34.9, -0.26675], [34.9, -0.262], [34.89975, -0.262], [34.89975, -0.26175], [34.9, -0.26175], [34.9, -0.26075], [34.89925, -0.26075], [34.89925, -0.2605], [34.899, -0.2605], [34.899, -0.26075], [34.89875, -0.26075], [34.89875, -0.26125], [34.8985, -0.26125], [34.8985, -0.2615], [34.89825, -0.2615], [34.89825, -0.26175], [34.898, -0.26175], [34.898, -0.262], [34.89775, -0.262], [34.89775, -0.263], [34.897, -0.263], [34.897, -0.26275], [34.89675, -0.26275], [34.89675, -0.26225], [34.8965, -0.26225], [34.8965, -0.26175], [34.89625, -0.26175], [34.89625, -0.2615], [34.89575, -0.2615], [34.89575, -0.26125], [34.89525, -0.26125], [34.89525, -0.2615], [34.895, -0.2615], [34.895, -0.26175], [34.8935, -0.26175], [34.8935, -0.26225], [34.894, -0.26225], [34.894, -0.2625], [34.8945, -0.2625], [34.8945, -0.26275], [34.89425, -0.26275], [34.89425, -0.263], [34.8945, -0.263], [34.8945, -0.26325], [34.89475, -0.26325], [34.89475, -0.2635], [34.895, -0.2635], [34.895, -0.26375], [34.89475, -0.26375], [34.89475, -0.26425], [34.895, -0.26425], [34.895, -0.26475], [34.89525, -0.26475], [34.89525, -0.265], [34.8955, -0.265], [34.8955, -0.26575], [34.89575, -0.26575], [34.89575, -0.26625], [34.896, -0.26625], [34.896, -0.2665], [34.89575, -0.2665], [34.89575, -0.267], [34.89625, -0.267], [34.89625, -0.26675], [34.8965, -0.26675], [34.8965, -0.267], [34.89675, -0.267], [34.89675, -0.26725], [34.8975, -0.26725], [34.8975, -0.268], [34.89775, -0.268], [34.89775, -0.26825], [34.8975, -0.26825], [34.8975, -0.2685], [34.89625, -0.2685], [34.89625, -0.26875], [34.89575, -0.26875], [34.89575, -0.2685], [34.89525, -0.2685], [34.89525, -0.26825], [34.89475, -0.26825], [34.89475, -0.2685], [34.895, -0.2685], [34.895, -0.269], [34.89475, -0.269], [34.89475, -0.26925], [34.894, -0.26925], [34.894, -0.269], [34.89275, -0.269], [34.89275, -0.26875], [34.8925, -0.26875], [34.8925, -0.2685], [34.89225, -0.2685], [34.89225, -0.268], [34.892, -0.268], [34.892, -0.2675], [34.8915, -0.2675], [34.8915, -0.26725], [34.89125, -0.26725], [34.89125, -0.267], [34.891, -0.267], [34.891, -0.266], [34.89075, -0.266], [34.89075, -0.26575], [34.8905, -0.26575], [34.8905, -0.26525], [34.88975, -0.26525], [34.88975, -0.26425], [34.8895, -0.26425], [34.8895, -0.264], [34.88925, -0.264], [34.88925, -0.262], [34.889, -0.262], [34.889, -0.2615], [34.88925, -0.2615], [34.88925, -0.26125], [34.8895, -0.26125], [34.8895, -0.2605], [34.88925, -0.2605], [34.88925, -0.25975], [34.889, -0.25975], [34.889, -0.259], [34.88875, -0.259], [34.88875, -0.25875], [34.889, -0.25875], [34.889, -0.25825], [34.88925, -0.25825], [34.88925, -0.25775], [34.889, -0.25775], [34.889, -0.25725], [34.8885, -0.25725], [34.8885, -0.25775], [34.888, -0.25775], [34.888, -0.25875], [34.88775, -0.25875], [34.88775, -0.259], [34.8875, -0.259], [34.8875, -0.25925], [34.88775, -0.25925], [34.88775, -0.2595], [34.888, -0.2595], [34.888, -0.26025], [34.88775, -0.26025], [34.88775, -0.26125], [34.8875, -0.26125], [34.8875, -0.26175], [34.88725, -0.26175], [34.88725, -0.26225], [34.887, -0.26225], [34.887, -0.26275], [34.8865, -0.26275], [34.8865, -0.263], [34.886, -0.263], [34.886, -0.26375], [34.88625, -0.26375], [34.88625, -0.26425], [34.886, -0.26425], [34.886, -0.26475], [34.88525, -0.26475], [34.88525, -0.26575], [34.88475, -0.26575], [34.88475, -0.266], [34.885, -0.266], [34.885, -0.26625], [34.88475, -0.26625], [34.88475, -0.2665], [34.8845, -0.2665], [34.8845, -0.26675], [34.88425, -0.26675], [34.88425, -0.26825], [34.8845, -0.26825], [34.8845, -0.26875], [34.88475, -0.26875], [34.88475, -0.27025], [34.8845, -0.27025], [34.8845, -0.27075], [34.88425, -0.27075], [34.88425, -0.271], [34.884, -0.271], [34.884, -0.27175], [34.88375, -0.27175], [34.88375, -0.272], [34.8835, -0.272], [34.8835, -0.27225], [34.88275, -0.27225], [34.88275, -0.2725], [34.8825, -0.2725], [34.8825, -0.273], [34.88225, -0.273], [34.88225, -0.27325], [34.882, -0.27325], [34.882, -0.273], [34.88175, -0.273], [34.88175, -0.27225], [34.881, -0.27225], [34.881, -0.2725], [34.88075, -0.2725], [34.88075, -0.27275], [34.881, -0.27275], [34.881, -0.273], [34.88125, -0.273], [34.88125, -0.2735], [34.8815, -0.2735], [34.8815, -0.2745], [34.88125, -0.2745], [34.88125, -0.275], [34.881, -0.275], [34.881, -0.27425], [34.88075, -0.27425], [34.88075, -0.2745], [34.88025, -0.2745], [34.88025, -0.275], [34.8805, -0.275], [34.8805, -0.27575], [34.88075, -0.27575], [34.88075, -0.27625], [34.8805, -0.27625], [34.8805, -0.2765], [34.88025, -0.2765], [34.88025, -0.27675], [34.88, -0.27675], [34.88, -0.27775], [34.88025, -0.27775], [34.88025, -0.2775]], [[34.89675, -0.26575], [34.89575, -0.26575], [34.89575, -0.26525], [34.896, -0.26525], [34.896, -0.26475], [34.897, -0.26475], [34.897, -0.2655], [34.89675, -0.2655], [34.89675, -0.26575]], [[34.882, -0.2755], [34.882, -0.27575], [34.8815, -0.27575], [34.8815, -0.2755], [34.882, -0.2755]], [[34.89825, -0.2625], [34.8995, -0.2625], [34.8995, -0.263], [34.89925, -0.263], [34.89925, -0.26325], [34.89825, -0.26325], [34.89825, -0.263], [34.898, -0.263], [34.898, -0.26275], [34.89825, -0.26275], [34.89825, -0.2625]]], [[[34.884, -0.26725], [34.884, -0.267], [34.8835, -0.267], [34.8835, -0.26725], [34.884, -0.26725]]], [[[34.869, -0.26475], [34.869, -0.26375], [34.86825, -0.26375], [34.86825, -0.26425], [34.86725, -0.26425], [34.86725, -0.264], [34.86675, -0.264], [34.86675, -0.26375], [34.86425, -0.26375], [34.86425, -0.2635], [34.86375, -0.2635], [34.86375, -0.26375], [34.864, -0.26375], [34.864, -0.264], [34.86425, -0.264], [34.86425, -0.266], [34.864, -0.266], [34.864, -0.26625], [34.86375, -0.26625], [34.86375, -0.2665], [34.8635, -0.2665], [34.8635, -0.26675], [34.86325, -0.26675], [34.86325, -0.26825], [34.8635, -0.26825], [34.8635, -0.2675], [34.86375, -0.2675], [34.86375, -0.26725], [34.8645, -0.26725], [34.8645, -0.268], [34.86475, -0.268], [34.86475, -0.2685], [34.865, -0.2685], [34.865, -0.26875], [34.86475, -0.26875], [34.86475, -0.269], [34.8655, -0.269], [34.8655, -0.26875], [34.86575, -0.26875], [34.86575, -0.2685], [34.86625, -0.2685], [34.86625, -0.26825], [34.86725, -0.26825], [34.86725, -0.2685], [34.86775, -0.2685], [34.86775, -0.26825], [34.8675, -0.26825], [34.8675, -0.268], [34.86725, -0.268], [34.86725, -0.2675], [34.8675, -0.2675], [34.8675, -0.26725], [34.86775, -0.26725], [34.86775, -0.2675], [34.86825, -0.2675], [34.86825, -0.26875], [34.86925, -0.26875], [34.86925, -0.27025], [34.86975, -0.27025], [34.86975, -0.27], [34.87025, -0.27], [34.87025, -0.26975], [34.87, -0.26975], [34.87, -0.2695], [34.8705, -0.2695], [34.8705, -0.26925], [34.87075, -0.26925], [34.87075, -0.2695], [34.87175, -0.2695], [34.87175, -0.26975], [34.872, -0.26975], [34.872, -0.27025], [34.8725, -0.27025], [34.8725, -0.2705], [34.87275, -0.2705], [34.87275, -0.27], [34.8725, -0.27], [34.8725, -0.2695], [34.87275, -0.2695], [34.87275, -0.26925], [34.8735, -0.26925], [34.8735, -0.26875], [34.87325, -0.26875], [34.87325, -0.268], [34.8735, -0.268], [34.8735, -0.2675], [34.87375, -0.2675], [34.87375, -0.268], [34.874, -0.268], [34.874, -0.2685], [34.87425, -0.2685], [34.87425, -0.26875], [34.8745, -0.26875], [34.8745, -0.268], [34.87475, -0.268], [34.87475, -0.26725], [34.8745, -0.26725], [34.8745, -0.2665], [34.87475, -0.2665], [34.87475, -0.26625], [34.874, -0.26625], [34.874, -0.2665], [34.87375, -0.2665], [34.87375, -0.26625], [34.87275, -0.26625], [34.87275, -0.2665], [34.87325, -0.2665], [34.87325, -0.26675], [34.87275, -0.26675], [34.87275, -0.267], [34.8725, -0.267], [34.8725, -0.26725], [34.87175, -0.26725], [34.87175, -0.2675], [34.871, -0.2675], [34.871, -0.26675], [34.87075, -0.26675], [34.87075, -0.2665], [34.871, -0.2665], [34.871, -0.26575], [34.8705, -0.26575], [34.8705, -0.26525], [34.87, -0.26525], [34.87, -0.26575], [34.87025, -0.26575], [34.87025, -0.2665], [34.86975, -0.2665], [34.86975, -0.26575], [34.86925, -0.26575], [34.86925, -0.26475], [34.869, -0.26475]], [[34.868, -0.265], [34.86775, -0.265], [34.86775, -0.26475], [34.868, -0.26475], [34.868, -0.265]], [[34.8655, -0.266], [34.86525, -0.266], [34.86525, -0.26525], [34.86575, -0.26525], [34.86575, -0.26575], [34.86625, -0.26575], [34.86625, -0.26625], [34.8655, -0.26625], [34.8655, -0.266]], [[34.86825, -0.26725], [34.868, -0.26725], [34.868, -0.267], [34.86775, -0.267], [34.86775, -0.26675], [34.86825, -0.26675], [34.86825, -0.26725]], [[34.87025, -0.2675], [34.8705, -0.2675], [34.8705, -0.268], [34.87025, -0.268], [34.87025, -0.2675]], [[34.8705, -0.2685], [34.8705, -0.268], [34.87175, -0.268], [34.87175, -0.26875], [34.87075, -0.26875], [34.87075, -0.2685], [34.8705, -0.2685]]], [[[34.88075, -0.266], [34.88075, -0.26575], [34.8805, -0.26575], [34.8805, -0.2655], [34.88025, -0.2655], [34.88025, -0.26475], [34.88, -0.26475], [34.88, -0.26425], [34.8795, -0.26425], [34.8795, -0.264], [34.87925, -0.264], [34.87925, -0.26425], [34.87875, -0.26425], [34.87875, -0.2655], [34.8795, -0.2655], [34.8795, -0.26575], [34.879, -0.26575], [34.879, -0.2665], [34.87925, -0.2665], [34.87925, -0.267], [34.88, -0.267], [34.88, -0.26725], [34.88025, -0.26725], [34.88025, -0.2675], [34.879, -0.2675], [34.879, -0.268], [34.8785, -0.268], [34.8785, -0.26725], [34.878, -0.26725], [34.878, -0.26825], [34.87775, -0.26825], [34.87775, -0.2685], [34.8775, -0.2685], [34.8775, -0.269], [34.878, -0.269], [34.878, -0.26875], [34.879, -0.26875], [34.879, -0.269], [34.8795, -0.269], [34.8795, -0.2695], [34.88025, -0.2695], [34.88025, -0.269], [34.8805, -0.269], [34.8805, -0.26875], [34.881, -0.26875], [34.881, -0.2685], [34.88125, -0.2685], [34.88125, -0.26825], [34.8815, -0.26825], [34.8815, -0.268], [34.88125, -0.268], [34.88125, -0.26725], [34.881, -0.26725], [34.881, -0.266], [34.88075, -0.266]], [[34.88025, -0.266], [34.88, -0.266], [34.88, -0.26575], [34.88025, -0.26575], [34.88025, -0.266]], [[34.8805, -0.267], [34.88025, -0.267], [34.88025, -0.26675], [34.8805, -0.26675], [34.8805, -0.267]]], [[[34.8725, -0.26675], [34.8725, -0.2665], [34.87225, -0.2665], [34.87225, -0.26675], [34.8725, -0.26675]]], [[[34.872, -0.2665], [34.872, -0.26625], [34.87175, -0.26625], [34.87175, -0.2665], [34.872, -0.2665]]], [[[34.88425, -0.26625], [34.88425, -0.266], [34.884, -0.266], [34.884, -0.26625], [34.88425, -0.26625]]], [[[34.87175, -0.26625], [34.87175, -0.266], [34.8715, -0.266], [34.8715, -0.26625], [34.87175, -0.26625]]], [[[34.89325, -0.26525], [34.89325, -0.265], [34.893, -0.265], [34.893, -0.264], [34.89275, -0.264], [34.89275, -0.26425], [34.8925, -0.26425], [34.8925, -0.264], [34.89225, -0.264], [34.89225, -0.26375], [34.89175, -0.26375], [34.89175, -0.26475], [34.892, -0.26475], [34.892, -0.265], [34.8925, -0.265], [34.8925, -0.2655], [34.89275, -0.2655], [34.89275, -0.266], [34.8925, -0.266], [34.8925, -0.2665], [34.89275, -0.2665], [34.89275, -0.26675], [34.89325, -0.26675], [34.89325, -0.267], [34.8935, -0.267], [34.8935, -0.26725], [34.894, -0.26725], [34.894, -0.2675], [34.89425, -0.2675], [34.89425, -0.268], [34.89475, -0.268], [34.89475, -0.26725], [34.89425, -0.26725], [34.89425, -0.267], [34.894, -0.267], [34.894, -0.2665], [34.8935, -0.2665], [34.8935, -0.26625], [34.894, -0.26625], [34.894, -0.266], [34.8935, -0.266], [34.8935, -0.26525], [34.89325, -0.26525]]], [[[34.8615, -0.26425], [34.8615, -0.265], [34.86175, -0.265], [34.86175, -0.2655], [34.86225, -0.2655], [34.86225, -0.26525], [34.86275, -0.26525], [34.86275, -0.265], [34.862, -0.265], [34.862, -0.26425], [34.8615, -0.26425]]], [[[34.86125, -0.264], [34.86125, -0.26425], [34.8615, -0.26425], [34.8615, -0.264], [34.86125, -0.264]]], [[[34.8825, -0.26375], [34.8825, -0.2635], [34.88225, -0.2635], [34.88225, -0.26375], [34.8825, -0.26375]]], [[[34.86075, -0.26325], [34.86075, -0.26375], [34.861, -0.26375], [34.861, -0.264], [34.86125, -0.264], [34.86125, -0.26375], [34.8615, -0.26375], [34.8615, -0.2635], [34.861, -0.2635], [34.861, -0.26325], [34.86075, -0.26325]]], [[[34.89275, -0.263], [34.89275, -0.26275], [34.89175, -0.26275], [34.89175, -0.263], [34.89275, -0.263]]], [[[34.862, -0.263], [34.862, -0.26275], [34.86275, -0.26275], [34.86275, -0.2625], [34.863, -0.2625], [34.863, -0.26225], [34.86325, -0.26225], [34.86325, -0.2605], [34.863, -0.2605], [34.863, -0.26], [34.86225, -0.26], [34.86225, -0.26025], [34.862, -0.26025], [34.862, -0.26075], [34.86175, -0.26075], [34.86175, -0.26175], [34.862, -0.26175], [34.862, -0.262], [34.86225, -0.262], [34.86225, -0.2625], [34.86175, -0.2625], [34.86175, -0.26275], [34.8615, -0.26275], [34.8615, -0.2635], [34.86175, -0.2635], [34.86175, -0.263], [34.862, -0.263]]], [[[34.883, -0.26175], [34.883, -0.2615], [34.88275, -0.2615], [34.88275, -0.26175], [34.883, -0.26175]]], [[[34.88525, -0.26075], [34.88525, -0.2605], [34.88475, -0.2605], [34.88475, -0.26075], [34.88525, -0.26075]]], [[[34.8835, -0.26075], [34.8835, -0.2605], [34.883, -0.2605], [34.883, -0.26025], [34.88275, -0.26025], [34.88275, -0.26075], [34.8835, -0.26075]]], [[[34.88425, -0.26025], [34.88425, -0.26], [34.884, -0.26], [34.884, -0.26025], [34.88425, -0.26025]]], [[[34.88175, -0.25975], [34.88175, -0.2595], [34.88125, -0.2595], [34.88125, -0.25975], [34.88175, -0.25975]]], [[[34.88275, -0.2595], [34.88275, -0.25975], [34.8835, -0.25975], [34.8835, -0.25925], [34.883, -0.25925], [34.883, -0.2595], [34.88275, -0.2595]]], [[[34.89425, -0.2595], [34.89425, -0.25925], [34.8935, -0.25925], [34.8935, -0.2595], [34.89425, -0.2595]]], [[[34.863, -0.25825], [34.863, -0.258], [34.86275, -0.258], [34.86275, -0.25825], [34.863, -0.25825]]], [[[34.88925, -0.257], [34.88925, -0.25625], [34.8885, -0.25625], [34.8885, -0.257], [34.88925, -0.257]]], [[[34.872, -0.16725], [34.872, -0.167], [34.87175, -0.167], [34.87175, -0.16725], [34.872, -0.16725]]]]}}]}