{"type": "FeatureCollection", "name": "winam_major_rivers", "crs": {"type": "name", "properties": {"name": "urn:ogc:def:crs:OGC:1.3:CRS84"}}, "properties": {"source": "KEN_Rivers (ILRI / OCHA Kenya, KEN_Rivers-250_polyline)", "source_scale": "1:250,000", "length_window_wgs84": [33.8, -1.4, 35.6, 0.9], "selection": "named watercourses only, dissolved by NAME, total mapped course >= 5.0 km; geometry clipped to the AOI padded by 0.4 deg", "length_measured": "on the full mapped course within length_window_wgs84, before clipping", "dist_to_gulf_reference": "winam_gulf_water_mask_occ05.geojson", "metric_crs": "EPSG:32736", "response_blind": true, "note": "length_km and dist_to_gulf_km are carried so the notebook can apply its own declared major-river thresholds; this file makes no such decision itself"}, "features": [{"type": "Feature", "properties": {"name": "Nzoia", "length_km": 301.402, "dist_to_gulf_km": 8.307, "n_segments": 24}, "geometry": {"type": "MultiLineString", "coordinates": [[[33.953502, 0.066815], [33.956674, 0.067087], [33.958522, 0.066993], [33.959435, 0.066853], [33.960689, 0.066116], [33.961099, 0.065817], [33.961716, 0.066391], [33.962287, 0.066758], [33.963062, 0.066297], [33.963701, 0.065974], [33.964682, 0.066203], [33.965208, 0.067007], [33.966007, 0.068133], [33.966556, 0.069212], [33.967036, 0.070178], [33.967584, 0.070844], [33.968405, 0.070544], [33.969659, 0.069737], [33.970527, 0.070265], [33.970345, 0.071507], [33.970278, 0.072794], [33.970211, 0.074105], [33.969915, 0.07514], [33.970121, 0.075784], [33.971193, 0.076035], [33.971946, 0.075183], [33.973132, 0.074906], [33.974729, 0.075272], [33.97578, 0.076098], [33.976602, 0.076856], [33.977263, 0.075958], [33.977558, 0.075061], [33.977946, 0.074762], [33.978745, 0.075335], [33.979066, 0.077243], [33.980071, 0.078392], [33.981234, 0.077677], [33.98242, 0.076641], [33.983332, 0.07641], [33.98477, 0.07696], [33.985137, 0.078661], [33.985069, 0.079765], [33.985732, 0.080592], [33.986827, 0.081234], [33.986851, 0.082475], [33.986489, 0.08558], [33.986719, 0.087373], [33.987085, 0.088614], [33.987473, 0.089487], [33.988204, 0.090314], [33.987885, 0.090889], [33.987087, 0.091166], [33.98565, 0.091168], [33.984144, 0.09186], [33.98467, 0.092894], [33.985697, 0.093904], [33.986292, 0.0948], [33.986954, 0.095742], [33.98805, 0.096361], [33.989168, 0.096221], [33.990377, 0.096404], [33.991199, 0.096771], [33.992934, 0.097619], [33.993549, 0.096446], [33.993296, 0.094607], [33.994185, 0.093226], [33.995439, 0.093017], [33.996467, 0.093844], [33.997426, 0.095153], [33.997998, 0.096371], [33.99825, 0.098049], [33.998844, 0.098623], [33.999619, 0.097932], [34.000553, 0.096184]], [[34.120932, 0.130312], [34.121321, 0.1313], [34.120842, 0.131852], [34.119768, 0.132174], [34.118215, 0.132358], [34.117233, 0.132933], [34.117028, 0.133691], [34.117828, 0.134725], [34.119177, 0.135575], [34.120389, 0.136792], [34.120961, 0.138124], [34.120962, 0.139043], [34.119797, 0.139894], [34.118427, 0.140492], [34.117491, 0.141296], [34.118108, 0.142123], [34.119571, 0.142513], [34.121033, 0.142558], [34.122678, 0.142788], [34.124118, 0.143109], [34.125809, 0.143751], [34.127798, 0.144991], [34.129535, 0.146369], [34.130518, 0.146437], [34.130974, 0.14584], [34.131752, 0.146207], [34.132597, 0.146873], [34.133306, 0.147286], [34.13358, 0.146482], [34.133922, 0.145838], [34.134835, 0.145562], [34.136755, 0.146412], [34.139086, 0.147215], [34.141509, 0.148179], [34.14288, 0.148707], [34.143566, 0.148936], [34.144617, 0.148614], [34.144845, 0.14781], [34.143655, 0.146547], [34.143061, 0.14549], [34.143288, 0.144387], [34.14411, 0.143582], [34.144932, 0.143237], [34.146349, 0.143949], [34.148064, 0.145672], [34.149116, 0.146567], [34.150053, 0.147394], [34.150808, 0.148289], [34.151952, 0.149943], [34.152889, 0.150655], [34.154832, 0.151596], [34.156477, 0.152101], [34.157849, 0.15364], [34.15961, 0.155316], [34.160754, 0.156717], [34.161759, 0.157475], [34.165301, 0.157841], [34.167289, 0.158552], [34.169049, 0.159057], [34.170259, 0.158321], [34.171219, 0.158183], [34.172727, 0.158091], [34.173915, 0.158182], [34.174784, 0.158894], [34.175584, 0.159881], [34.176842, 0.16103], [34.177528, 0.162362], [34.177666, 0.163419], [34.177827, 0.164797], [34.178148, 0.165647], [34.178468, 0.166543], [34.178994, 0.16737], [34.180549, 0.168265], [34.181669, 0.169138], [34.182971, 0.169344], [34.185005, 0.169412], [34.186787, 0.16948], [34.188113, 0.169939], [34.189164, 0.170398], [34.190329, 0.170857], [34.191495, 0.171339], [34.193711, 0.171292], [34.194693, 0.170304], [34.196655, 0.167247], [34.197591, 0.166144], [34.198276, 0.165592]], [[34.198276, 0.165592], [34.20019, 0.165033], [34.201195, 0.164113], [34.202703, 0.16294], [34.204029, 0.162203], [34.205789, 0.161534], [34.207823, 0.160544], [34.20924, 0.160037], [34.210727, 0.160172], [34.211871, 0.160952], [34.212764, 0.161846], [34.213885, 0.162856], [34.215372, 0.163474], [34.216791, 0.164115], [34.218232, 0.164986], [34.219171, 0.165972], [34.219195, 0.167488], [34.219905, 0.168108], [34.221529, 0.168197], [34.222467, 0.168655], [34.223497, 0.169389], [34.224458, 0.170582], [34.225374, 0.171454], [34.225718, 0.172119], [34.226063, 0.174025], [34.225882, 0.175656], [34.225883, 0.176897], [34.22552, 0.179286], [34.225223, 0.18032], [34.225476, 0.181744], [34.226096, 0.183902], [34.226852, 0.185004], [34.227104, 0.185784], [34.226168, 0.187072], [34.225552, 0.188198], [34.225964, 0.188772], [34.227177, 0.18923], [34.228595, 0.189917], [34.230471, 0.190787], [34.232256, 0.191428], [34.234041, 0.192758], [34.235482, 0.193583], [34.236444, 0.194592], [34.237566, 0.196152], [34.238253, 0.197001], [34.238573, 0.197253], [34.240425, 0.197021], [34.242368, 0.196261], [34.24351, 0.195111], [34.245361, 0.193546], [34.246, 0.192374], [34.248034, 0.191705], [34.248604, 0.190349], [34.248878, 0.189361], [34.249174, 0.188718], [34.250501, 0.188716]], [[34.326183, 0.250813], [34.33061, 0.252504], [34.332596, 0.253465], [34.334285, 0.254265], [34.337385, 0.253473], [34.340006, 0.252982], [34.341808, 0.253298], [34.343747, 0.253661], [34.345435, 0.25384], [34.34637, 0.253952], [34.347626, 0.254961], [34.34813, 0.255904], [34.348229, 0.256156]], [[34.348229, 0.256156], [34.348428, 0.256663], [34.348909, 0.257812], [34.349117, 0.258848], [34.349437, 0.259468]], [[34.349437, 0.259468], [34.349963, 0.259904], [34.350785, 0.260639], [34.352019, 0.261671], [34.353754, 0.262932], [34.355124, 0.263895]], [[34.355124, 0.263895], [34.356335, 0.264881], [34.35727, 0.264947], [34.35806334944305, 0.2645090153639356]], [[34.35806334944305, 0.2645090153639356], [34.358067, 0.264507]], [[34.358067, 0.264507], [34.359275, 0.264204], [34.360735, 0.264338], [34.361306, 0.265142], [34.362379, 0.265645], [34.363679, 0.265849], [34.364637, 0.265685], [34.365412, 0.265797], [34.366007, 0.266716], [34.366489, 0.267981], [34.366058, 0.269134], [34.365445, 0.270494], [34.36535938980931, 0.2709185290152157]], [[34.36535938980931, 0.2709185290152157], [34.365129, 0.272061], [34.36536, 0.273303], [34.36616, 0.274245], [34.367689, 0.275046], [34.368444, 0.275803], [34.369449, 0.276629], [34.370339, 0.276972], [34.37125, 0.276877], [34.3719438836489, 0.27670295468078104]], [[34.3719438836489, 0.27670295468078104], [34.372458, 0.276574], [34.373164, 0.27595], [34.373753, 0.274383], [34.374116, 0.273322], [34.374798, 0.272584], [34.376395, 0.272602], [34.377717, 0.272528], [34.379769, 0.272338], [34.381251, 0.272518], [34.382483, 0.272859], [34.382896, 0.273917], [34.383332, 0.275205], [34.383608, 0.276332], [34.383383, 0.277622], [34.383453, 0.27852], [34.383796, 0.279141], [34.384754, 0.278976], [34.386211, 0.278074], [34.387486, 0.276942], [34.388419, 0.276064], [34.389812, 0.276958], [34.390521, 0.278153], [34.391253, 0.279072], [34.391574, 0.279923], [34.39242, 0.281301], [34.394065, 0.282586], [34.396575, 0.283292], [34.39767, 0.283611], [34.399701, 0.284295], [34.400318, 0.285007], [34.400958, 0.285972], [34.402874, 0.286173], [34.404423, 0.285685], [34.405586, 0.285359], [34.406567, 0.285724], [34.407641, 0.286642], [34.40853, 0.286824], [34.409581, 0.28758], [34.411178, 0.288036], [34.412548, 0.288768], [34.413803, 0.289271], [34.41426, 0.289684], [34.414376, 0.29065], [34.414265, 0.292009], [34.414223, 0.29369], [34.414384, 0.294656], [34.414911, 0.295737], [34.415278, 0.296703], [34.415736, 0.297783], [34.416332, 0.299163], [34.41654, 0.300175], [34.416907, 0.301464], [34.417502, 0.302175], [34.418416, 0.303301], [34.419036, 0.305164], [34.418354, 0.306317], [34.417788, 0.307953], [34.41672, 0.309637], [34.415605, 0.310999], [34.415219, 0.31176], [34.413488, 0.312525], [34.41309446795498, 0.31285341693528856]], [[34.41309446795498, 0.31285341693528856], [34.411826, 0.313912], [34.410756, 0.314767], [34.409549, 0.315208], [34.408958, 0.315924], [34.408026, 0.317262], [34.408142, 0.318436], [34.40908, 0.319998], [34.409722, 0.321332], [34.410682, 0.322641], [34.412761, 0.324476], [34.413243, 0.326133], [34.414114, 0.327903], [34.415464, 0.330086], [34.417246, 0.331968], [34.419508, 0.333757], [34.423796, 0.334434], [34.427102, 0.334516], [34.429247, 0.335177], [34.431825, 0.335814], [34.433627, 0.336131], [34.435361, 0.336471], [34.437734, 0.337361], [34.439903, 0.338483], [34.440863, 0.339493], [34.441573, 0.341056], [34.44276, 0.341973], [34.444608, 0.342474], [34.446203, 0.341939], [34.41309446795498, 0.31285341693528856]], [[34.41309446795498, 0.31285341693528856], [34.3719438836489, 0.27670295468078104]], [[34.3719438836489, 0.27670295468078104], [34.36535938980931, 0.2709185290152157]], [[34.36535938980931, 0.2709185290152157], [34.35806334944305, 0.2645090153639356]], [[34.35806334944305, 0.2645090153639356], [34.35721314435738, 0.2637621169328126]], [[34.35721314435738, 0.2637621169328126], [34.348267, 0.255903], [34.348229, 0.256156]], [[34.348229, 0.256156], [34.348087, 0.257101], [34.347975, 0.258092], [34.347977, 0.258828], [34.348114, 0.259265], [34.349437, 0.259468]], [[34.349437, 0.259468], [34.355124, 0.263895]], [[34.355124, 0.263895], [34.356492, 0.26366], [34.35721314435738, 0.2637621169328126]], [[34.35721314435738, 0.2637621169328126], [34.35729, 0.263773], [34.358067, 0.264507]], [[34.44649, 0.3419], [34.450517, 0.343423], [34.452667, 0.344796], [34.453969, 0.345298], [34.454792, 0.345594], [34.455888, 0.345935], [34.457168, 0.346575], [34.459888, 0.347854], [34.463111, 0.349546], [34.465145, 0.350436], [34.467224, 0.351326], [34.468413, 0.35199], [34.469191, 0.352677], [34.469627, 0.353458], [34.471498, 0.353244], [34.472569, 0.35262], [34.474006, 0.351833], [34.476676, 0.35164], [34.480151, 0.353583], [34.480611, 0.354893], [34.480227, 0.356643], [34.480093, 0.357724], [34.480484, 0.359057], [34.480854, 0.360736], [34.480604, 0.361381], [34.480291, 0.363958], [34.480478, 0.365729], [34.481326, 0.366991], [34.48183, 0.367772], [34.481561, 0.369521], [34.481863, 0.371383], [34.481728, 0.372488], [34.4818, 0.373523], [34.484104, 0.373239], [34.486522, 0.372403], [34.488187, 0.372029], [34.488757, 0.371567], [34.489463, 0.370852], [34.490833, 0.371031], [34.491565, 0.371857], [34.492549, 0.372613], [34.493737, 0.372954]], [[34.494015, 0.372872], [34.495114, 0.373787], [34.49653, 0.37554], [34.498175, 0.377294], [34.498815, 0.377894], [34.500621, 0.377989]], [[34.500621, 0.377989], [34.50156, 0.378597], [34.502291, 0.37823], [34.502703, 0.376918], [34.503367, 0.375515], [34.503961, 0.374802], [34.504145, 0.373743], [34.504192, 0.372983], [34.504467, 0.372293], [34.505243, 0.371765], [34.505859, 0.371352], [34.506452, 0.371308], [34.506977, 0.371677], [34.507432, 0.372093], [34.508344, 0.372441], [34.509667, 0.372559], [34.511423, 0.372448], [34.512633, 0.372082], [34.514458, 0.371672], [34.515211, 0.371582], [34.515735, 0.372067], [34.516008, 0.372712], [34.516258, 0.373266], [34.516393, 0.37421], [34.516391, 0.375385], [34.516321, 0.37672], [34.516434, 0.377757], [34.516934, 0.378495], [34.517755, 0.378774], [34.518645, 0.37873], [34.519192, 0.37857], [34.519762, 0.379078], [34.520444, 0.3803], [34.521947, 0.382376]], [[34.522191, 0.382532], [34.524169, 0.384899], [34.525572, 0.386917], [34.527455, 0.389347], [34.528304, 0.390149], [34.530269, 0.390509], [34.531685, 0.390642], [34.532715, 0.391258], [34.533425, 0.391739], [34.534061, 0.391046], [34.534624, 0.389595], [34.535141, 0.387961], [34.535591, 0.386671], [34.536317, 0.38561], [34.537617, 0.385467], [34.539493, 0.386219], [34.540908, 0.386305], [34.542187, 0.386346], [34.543052, 0.385975], [34.543988, 0.385857], [34.545359, 0.386288], [34.547186, 0.386465], [34.548441, 0.386322], [34.54958, 0.385743], [34.550606, 0.385555], [34.551065, 0.38599], [34.550982, 0.387807], [34.550462, 0.388706], [34.550101, 0.389673], [34.552076, 0.391919], [34.553133, 0.393294], [34.554119, 0.394371], [34.555493, 0.395171], [34.556729, 0.39581], [34.557757, 0.396059], [34.558331, 0.396608], [34.558909, 0.398216], [34.559461, 0.398973], [34.560309, 0.399705], [34.56056387596236, 0.4]], [[34.56497801827677, 0.4], [34.564967, 0.39994], [34.564435, 0.398493], [34.564385, 0.397712], [34.565089, 0.396927], [34.566184, 0.396854], [34.567787, 0.397859], [34.56986785955056, 0.4]], [[34.25079, 0.188734], [34.251666, 0.189142], [34.25312, 0.189557], [34.253779, 0.189925], [34.254461, 0.190386], [34.254893, 0.191099], [34.254869, 0.191882], [34.253755, 0.193124], [34.253276, 0.194229], [34.253503, 0.195288], [34.254525, 0.196439], [34.255502, 0.197153], [34.256502, 0.197268], [34.257934, 0.197223], [34.25923, 0.197016], [34.260162, 0.197109], [34.260935, 0.197224], [34.262231, 0.197087], [34.263481, 0.196926], [34.265095, 0.196743], [34.266822, 0.196698], [34.268163, 0.197181], [34.269117, 0.197895], [34.269981, 0.19854], [34.271526, 0.199254], [34.274753, 0.200268], [34.275776, 0.200867], [34.276548, 0.201719], [34.277388, 0.202916], [34.277683, 0.204113], [34.278091, 0.204827], [34.279751, 0.205104], [34.281615, 0.20522], [34.283228, 0.205289], [34.285228, 0.20582], [34.286615, 0.206304], [34.287864, 0.206995], [34.288931, 0.209066], [34.290293, 0.211438], [34.29111, 0.213486], [34.291541, 0.214775], [34.292927, 0.216295], [34.293585, 0.217699], [34.293607, 0.218505]], [[34.293607, 0.218505], [34.293107, 0.219425], [34.292561, 0.220161], [34.292606, 0.220576], [34.292992, 0.221243], [34.294469, 0.221934]], [[34.294469, 0.221934], [34.29510956649897, 0.22265522462781542]], [[34.29510956649897, 0.22265522462781542], [34.295287, 0.222855], [34.296422, 0.22403], [34.297263, 0.225204], [34.298148, 0.226861], [34.29926, 0.228841], [34.300351, 0.23013], [34.30169, 0.233606], [34.302075, 0.235172], [34.301847, 0.23646], [34.301573, 0.237404]], [[34.301573, 0.237404], [34.301573, 0.238301], [34.30164, 0.239245], [34.301299, 0.239751]], [[34.301299, 0.239751], [34.300889, 0.240396], [34.30082, 0.241915], [34.301524, 0.243894], [34.302819, 0.244976], [34.305182, 0.245852], [34.307046, 0.245807], [34.312091, 0.247006], [34.317727, 0.248642], [34.322932, 0.249772], [34.32592, 0.250693], [34.29503623878839, 0.22245268685623246]], [[34.29503623878839, 0.22245268685623246], [34.294469, 0.221934]], [[34.294469, 0.221934], [34.29435881499041, 0.2205815810304503]], [[34.29435881499041, 0.2205815810304503], [34.294334, 0.220277], [34.294334, 0.219288], [34.293607, 0.218505]], [[34.293607, 0.218505], [34.29435881499041, 0.2205815810304503]], [[34.29435881499041, 0.2205815810304503], [34.29503623878839, 0.22245268685623246]], [[34.29503623878839, 0.22245268685623246], [34.29510956649897, 0.22265522462781542]], [[34.29510956649897, 0.22265522462781542], [34.300765497930364, 0.23827741901045665]], [[34.300765497930364, 0.23827741901045665], [34.301299, 0.239751]], [[34.301299, 0.239751], [34.300686, 0.238531], [34.300765497930364, 0.23827741901045665]], [[34.300765497930364, 0.23827741901045665], [34.30096, 0.237657], [34.301573, 0.237404]]]}}, {"type": "Feature", "properties": {"name": "Migori", "length_km": 201.195, "dist_to_gulf_km": 4.283, "n_segments": 10}, "geometry": {"type": "MultiLineString", "coordinates": [[[34.623238, -0.54124], [34.624538, -0.542578], [34.626181, -0.54433], [34.627412, -0.546082], [34.628917, -0.548018], [34.629828, -0.549953], [34.630557, -0.551864], [34.631309, -0.553477], [34.633087, -0.556334], [34.634046, -0.556636], [34.634433, -0.557741], [34.635139, -0.558778], [34.635549, -0.559998], [34.635548, -0.561264], [34.635591, -0.563335], [34.635635, -0.564807], [34.63536, -0.565888], [34.634604, -0.567543], [34.633368, -0.569726], [34.632886, -0.571726], [34.632862, -0.573038], [34.633135, -0.574074], [34.633362, -0.574879], [34.63295, -0.575845], [34.632149, -0.577407], [34.631623, -0.578303], [34.631256, -0.579522], [34.630957, -0.581247]], [[34.136386, -0.940918], [34.138721, -0.941516], [34.140576, -0.942138], [34.14243, -0.94345], [34.143255, -0.944324], [34.14401, -0.944716], [34.145155, -0.944808], [34.145201, -0.944808], [34.144056, -0.946051], [34.14401, -0.947502], [34.145247, -0.949804], [34.14530012631579, -0.9500000000000001]], [[34.14663429443691, -0.9500000000000001], [34.146758, -0.949827], [34.147719, -0.94833], [34.148658, -0.948399], [34.148818, -0.949297], [34.149757, -0.948376], [34.150192, -0.948445], [34.149986, -0.949803], [34.15006800552922, -0.9500000000000001]], [[34.15292020719603, -0.9500000000000001], [34.152779, -0.949503], [34.153947, -0.948582], [34.154862, -0.948328], [34.155343, -0.948282], [34.155137, -0.947499], [34.154313, -0.946809], [34.155274, -0.946325], [34.156259, -0.948651], [34.156763, -0.949894], [34.157196729468595, -0.9500000000000001]], [[34.157555569683254, -0.9500000000000001], [34.156419, -0.947891], [34.156602, -0.946947], [34.157724, -0.947223], [34.158846, -0.945772], [34.159487, -0.945219], [34.15999, -0.946324], [34.160563, -0.946508], [34.159807, -0.944736], [34.160334, -0.944045], [34.161341, -0.945058], [34.162509, -0.945403], [34.163058, -0.946692], [34.163699, -0.946369], [34.163928, -0.945057], [34.16521, -0.944665], [34.165943, -0.945287], [34.164936, -0.946047], [34.164249, -0.947429], [34.16473, -0.948695], [34.165875, -0.948902], [34.166973, -0.948671], [34.166996, -0.947658], [34.167248, -0.946714], [34.167889, -0.946553], [34.168919, -0.948118], [34.170156, -0.947957], [34.171483, -0.946713], [34.172262, -0.947818], [34.173063, -0.949107], [34.173681, -0.94715], [34.175948, -0.945998], [34.176657, -0.944893], [34.176566, -0.943327], [34.177298, -0.943719], [34.177687, -0.942498], [34.179153, -0.943097], [34.180938, -0.944685], [34.181694, -0.943971], [34.181236, -0.9416], [34.182495, -0.942405], [34.183708, -0.94328], [34.182999, -0.940954], [34.18467, -0.941207], [34.184853, -0.942244], [34.185196, -0.942865]]]}}, {"type": "Feature", "properties": {"name": "Yala", "length_km": 146.776, "dist_to_gulf_km": 0.0, "n_segments": 9}, "geometry": {"type": "MultiLineString", "coordinates": [[[34.155451, 0.001084], [34.156725, -0.000211], [34.158161, -0.001207], [34.159322, -0.002203], [34.160299, -0.003473], [34.160959, -0.004074], [34.161208, -0.004558], [34.161343, -0.005179], [34.161544, -0.006054], [34.160927, -0.006142], [34.160241, -0.006069], [34.160125, -0.006436], [34.160603, -0.006852], [34.161513, -0.007823], [34.162061, -0.007918], [34.162339, -0.007277], [34.163021, -0.007993], [34.164958, -0.0092], [34.165368, -0.00957], [34.166054, -0.009689], [34.16706, -0.009465], [34.168003, -0.008368], [34.16858, -0.007199], [34.16913, -0.007065], [34.169499, -0.006354], [34.169822, -0.005621], [34.170141, -0.005968], [34.170207, -0.006359], [34.170527, -0.006521], [34.170731, -0.006729], [34.171051, -0.006777], [34.172524, -0.00481], [34.173191, -0.003895], [34.173721, -0.003048], [34.174111, -0.002705], [34.174297, -0.002201], [34.175004, -0.002527], [34.175553, -0.002461], [34.176033, -0.002487], [34.17656, -0.002191], [34.17866, -0.002985], [34.179548, -0.003726], [34.180229, -0.004695], [34.181666, -0.005416], [34.181687, -0.005715], [34.182029, -0.005901], [34.182352, -0.005351], [34.183081, -0.005861], [34.183261, -0.006368], [34.182987, -0.006412], [34.182754, -0.007399], [34.182841, -0.00825], [34.183412, -0.008276], [34.184803, -0.009066], [34.18542, -0.009162], [34.18585, -0.01013], [34.185573, -0.010633], [34.185137, -0.01093], [34.184791, -0.01164], [34.184627, -0.012535], [34.184648, -0.012834], [34.18545, -0.012448], [34.18547, -0.013115], [34.185739, -0.014082], [34.185921, -0.014312], [34.186334, -0.014062], [34.186611, -0.013535], [34.187637, -0.014162], [34.18857, -0.014926], [34.188932, -0.015801], [34.188953, -0.016238], [34.189432, -0.016471], [34.190463, -0.015994], [34.191357, -0.015517], [34.19193, -0.015061], [34.191497, -0.014851], [34.190629, -0.01457], [34.190129, -0.014131], [34.190861, -0.013928], [34.191363, -0.014207], [34.19198, -0.014303], [34.192462, -0.013823], [34.192212, -0.013546], [34.191322, -0.013173], [34.191209, -0.012827], [34.191668, -0.012623], [34.192218, -0.012213], [34.192697, -0.012469], [34.193202, -0.011989], [34.193615, -0.011739], [34.194232, -0.011789], [34.194756, -0.012159], [34.19512, -0.012552], [34.195691, -0.012579], [34.196539, -0.01217], [34.196861, -0.011758], [34.197477, -0.012038], [34.197797, -0.012178], [34.1978, -0.011511], [34.198262, -0.010434], [34.198587, -0.009402], [34.198797, -0.008553], [34.199277, -0.008533], [34.199504, -0.008833], [34.199802, -0.008697], [34.199622, -0.008052], [34.199944, -0.007801], [34.200263, -0.007987], [34.200493, -0.007598], [34.200679, -0.007024], [34.201549, -0.006639], [34.201501, -0.007236], [34.202047, -0.007837], [34.202841, -0.008968], [34.203119, -0.008326], [34.203739, -0.007755], [34.20392, -0.00817], [34.204009, -0.008607], [34.204467, -0.008403], [34.205179, -0.00781], [34.205773, -0.007813], [34.205908, -0.00832], [34.206043, -0.008849], [34.205763, -0.009973], [34.205989, -0.01048], [34.206355, -0.010368], [34.206472, -0.00984], [34.207182, -0.009637], [34.207732, -0.009296], [34.208623, -0.00937], [34.208346, -0.00992], [34.208551, -0.010243], [34.208984, -0.010452], [34.209462, -0.010846], [34.209804, -0.011101], [34.209624, -0.010387], [34.209923, -0.010113], [34.210287, -0.010529], [34.210837, -0.010234], [34.211178, -0.010626], [34.211315, -0.010742], [34.211774, -0.010354], [34.212622, -0.009923], [34.212414, -0.010381], [34.213468, -0.009882], [34.214038, -0.010092], [34.214351, -0.011519], [34.214879, -0.011131], [34.215111, -0.010443], [34.215, -0.009799], [34.216052, -0.009713], [34.216712, -0.010269], [34.21655, -0.010751], [34.216777, -0.011097], [34.21719, -0.010708], [34.218059, -0.01076], [34.217964, -0.011334], [34.21753, -0.011239], [34.2173, -0.011697], [34.217777, -0.012321], [34.218347, -0.012646], [34.217797, -0.012964], [34.217863, -0.013447], [34.218476, -0.014301], [34.219322, -0.014352], [34.219614, -0.015342], [34.219292, -0.015708], [34.219337, -0.015984], [34.219679, -0.01617], [34.219515, -0.016973], [34.219354, -0.017202], [34.219742, -0.017388], [34.219971, -0.017298], [34.219919, -0.018446], [34.220399, -0.01861], [34.221334, -0.018937], [34.220943, -0.019486], [34.22012, -0.019597], [34.219774, -0.020192], [34.219588, -0.020811], [34.220273, -0.020999], [34.22114, -0.021326], [34.220749, -0.021806], [34.220931, -0.022037], [34.22127, -0.022913], [34.221451, -0.023212], [34.221748, -0.02326], [34.221698, -0.024271], [34.221081, -0.024083], [34.22053, -0.024563], [34.220138, -0.025273], [34.220778, -0.025322], [34.221648, -0.025075], [34.222148, -0.025652], [34.221825, -0.02634], [34.222487, -0.026482], [34.222944, -0.026599], [34.222848, -0.027518], [34.222914, -0.028162], [34.223071, -0.028691], [34.223713, -0.028305], [34.223823, -0.029248], [34.224463, -0.029343], [34.225287, -0.029141], [34.225674, -0.029488], [34.225671, -0.029925], [34.225509, -0.030544], [34.225187, -0.03091], [34.225001, -0.031484], [34.225068, -0.031829], [34.225617, -0.031809], [34.22678, -0.032482], [34.228124, -0.033318], [34.229151, -0.033738], [34.230452, -0.034182], [34.23141, -0.03467], [34.232365, -0.035779], [34.232635, -0.036654], [34.233043, -0.037323], [34.233684, -0.037258], [34.235677, -0.036373], [34.237372, -0.035671], [34.238147, -0.03625], [34.238808, -0.036645], [34.23972, -0.037133], [34.241115, -0.037004], [34.242968, -0.036624], [34.243926, -0.037227], [34.245429, -0.038362], [34.247661, -0.040099], [34.25053, -0.042644]], [[34.25053, -0.042644], [34.251518, -0.043664], [34.252337, -0.043691], [34.253179, -0.043765], [34.253542, -0.04402], [34.253744, -0.044989], [34.253743, -0.045542], [34.253992, -0.04582], [34.254606, -0.04633], [34.255083, -0.046563], [34.255469, -0.046657], [34.25588, -0.046084], [34.257838, -0.045887], [34.259295, -0.04548], [34.260275, -0.045025], [34.261299, -0.044846], [34.261641, -0.044779], [34.261778, -0.044457], [34.261621, -0.04342], [34.262464, -0.043102], [34.263352, -0.042784], [34.264923, -0.042562], [34.265765, -0.042429], [34.266721, -0.042411], [34.267086, -0.042206], [34.267951, -0.041773], [34.269498, -0.042104], [34.269861, -0.04252], [34.270314, -0.043237], [34.27086, -0.043378], [34.272089, -0.04327], [34.272886, -0.042929], [34.273979, -0.042566], [34.274821, -0.042363], [34.27596, -0.041932], [34.27728, -0.042031], [34.278188, -0.04275], [34.279053, -0.042617], [34.279441, -0.042273], [34.280512, -0.041542], [34.281878, -0.04125], [34.283745, -0.040754], [34.285087, -0.041014], [34.285861, -0.040788], [34.287114, -0.040311], [34.287932, -0.040777], [34.289047, -0.040667], [34.29064, -0.0404], [34.291506, -0.040128], [34.292485, -0.039696], [34.293077, -0.039584], [34.293488, -0.039287], [34.294173, -0.038369], [34.295266, -0.038052], [34.296245, -0.037758], [34.297543, -0.037189], [34.299934, -0.036396], [34.301253, -0.036864], [34.302549, -0.037309], [34.303391, -0.037129], [34.304235, -0.036443], [34.305101, -0.035733], [34.306557, -0.035949], [34.307538, -0.034756], [34.308404, -0.034531], [34.309974, -0.034217], [34.31125, -0.033648], [34.312615, -0.033794], [34.314094, -0.033894], [34.315755, -0.033765], [34.316849, -0.033057], [34.31726, -0.032736], [34.318739, -0.032514], [34.319991, -0.032429], [34.322198, -0.032303], [34.323152, -0.032815], [34.323902, -0.033372], [34.324836, -0.032893], [34.326885, -0.032328], [34.327591, -0.032148], [34.328092, -0.03192], [34.329049, -0.031327], [34.331304, -0.030625], [34.332261, -0.030215], [34.333559, -0.029578], [34.334652, -0.029192], [34.33563, -0.029635], [34.336336, -0.029316], [34.337476, -0.02847], [34.337977, -0.028289], [34.339091, -0.028525], [34.340116, -0.028277], [34.340662, -0.027981], [34.342553, -0.027231], [34.343693, -0.026339], [34.344535, -0.026228], [34.345105, -0.025886], [34.348632, -0.025836], [34.349838, -0.025566], [34.351204, -0.025459], [34.352728, -0.025536], [34.35316, -0.025838], [34.353661, -0.025495], [34.354524, -0.025984], [34.355365, -0.026426], [34.356801, -0.025536], [34.358123, -0.024483], [34.358807, -0.02421], [34.360358, -0.022698], [34.361703, -0.021715], [34.36266, -0.021122], [34.364733, -0.020234], [34.367716, -0.019445], [34.369104, -0.01913], [34.370995, -0.018426], [34.371769, -0.018085], [34.372909, -0.017354], [34.373728, -0.017243], [34.374729, -0.017318], [34.376253, -0.017741], [34.377779, -0.017081], [34.37828, -0.016807], [34.378828, -0.016027], [34.379921, -0.015595], [34.3809, -0.015347], [34.381789, -0.014915], [34.383084, -0.015613], [34.384244, -0.015573], [34.385906, -0.015191], [34.386907, -0.015219], [34.388, -0.015064], [34.389048, -0.014747], [34.389527, -0.01422], [34.390778, -0.014273], [34.391665, -0.014485], [34.392417, -0.014098], [34.394102, -0.013623], [34.394783, -0.014134], [34.395487, -0.014483], [34.396694, -0.014282], [34.397649, -0.014311], [34.398469, -0.014108], [34.398855, -0.014179], [34.399695, -0.014875], [34.400106, -0.014463], [34.401589, -0.013019], [34.402204, -0.012539], [34.402843, -0.012082], [34.403321, -0.011946], [34.403978, -0.01294]], [[34.403978, -0.01294], [34.405661, -0.013088], [34.406094, -0.012814], [34.406323, -0.012239], [34.406962, -0.011551], [34.407692, -0.011095], [34.408149, -0.010245], [34.408605, -0.009833], [34.409082, -0.010158], [34.409811, -0.009793], [34.410834, -0.010306], [34.411653, -0.010057], [34.412518, -0.009854], [34.413111, -0.00965], [34.41384, -0.009263], [34.414614, -0.009037], [34.414887, -0.009061], [34.414316, -0.009703], [34.413928, -0.010323], [34.414086, -0.010761], [34.41445, -0.010763], [34.414813, -0.010996], [34.415132, -0.011021], [34.415499, -0.009802], [34.415388, -0.00881], [34.415277, -0.00775], [34.415257, -0.006852], [34.416692, -0.00626], [34.417581, -0.005689], [34.418425, -0.004727], [34.418995, -0.004407], [34.419267, -0.004754], [34.41956, -0.005677], [34.419855, -0.005932], [34.42006, -0.005887], [34.420176, -0.005197], [34.420336, -0.004737], [34.421065, -0.004557], [34.423363, -0.004339], [34.424364, -0.004598], [34.424976, -0.005154], [34.425614, -0.005135], [34.42618, -0.005944], [34.426862, -0.006155], [34.428137, -0.005748], [34.428891, -0.004715], [34.429711, -0.00442], [34.430168, -0.003801], [34.431489, -0.003048], [34.432333, -0.00243], [34.432426, -0.001486], [34.432406, -0.000519], [34.432705, 0.000516], [34.432751, 0.000931]], [[34.750273, 0.164867], [34.751645, 0.165685], [34.752488, 0.165633], [34.753351, 0.165146], [34.754168, 0.164452], [34.754624, 0.164541], [34.75559, 0.166188], [34.756484, 0.1671], [34.757236, 0.16721], [34.757643, 0.166634], [34.757821, 0.165783], [34.758162, 0.165712], [34.758937, 0.165615], [34.759691, 0.166024], [34.760286, 0.166502], [34.761194, 0.165854], [34.761923, 0.165688], [34.762651, 0.165477], [34.76276, 0.164535], [34.762801, 0.163869], [34.763027, 0.1635], [34.763529, 0.163543], [34.764168, 0.1637], [34.765101, 0.163464], [34.76551, 0.163278], [34.766013, 0.163596], [34.767038, 0.163452], [34.767767, 0.163401], [34.768545, 0.163947], [34.769118, 0.164678], [34.769741, 0.165937], [34.769357, 0.166582], [34.769157, 0.167548], [34.769501, 0.167982], [34.769979, 0.167933], [34.770393, 0.168619], [34.771058, 0.169327], [34.771697, 0.16946], [34.771746, 0.170149], [34.771932, 0.170836], [34.772592, 0.170671], [34.773342, 0.170253], [34.773615, 0.170297], [34.774164, 0.170615], [34.774329, 0.171624], [34.774607, 0.172472], [34.775292, 0.172697], [34.775661, 0.173476], [34.775666, 0.174509], [34.775921, 0.175265], [34.776127, 0.175493], [34.776995, 0.175809], [34.77777, 0.175827], [34.778343, 0.176443], [34.780792, 0.178333], [34.781546, 0.178787], [34.782138, 0.178738], [34.782575, 0.179446], [34.782786, 0.18057], [34.782994, 0.181028], [34.783839, 0.18139], [34.786193, 0.182706], [34.787104, 0.182632], [34.787877, 0.182214], [34.788422, 0.181912], [34.788942, 0.181082], [34.789919, 0.180617], [34.791331, 0.180447], [34.792312, 0.180647], [34.793021, 0.181079], [34.793772, 0.180936], [34.794569, 0.180725], [34.794799, 0.181136], [34.795353, 0.182419], [34.796582, 0.182066], [34.797402, 0.182153], [34.798476, 0.182674], [34.799638, 0.182667], [34.800777, 0.182591], [34.80112, 0.182795], [34.801602, 0.183389], [34.802174, 0.183776], [34.803038, 0.183357], [34.803584, 0.183216], [34.804452, 0.183555], [34.804704, 0.183874], [34.804799, 0.184608], [34.806149, 0.185518], [34.806626, 0.185285], [34.807214, 0.184386], [34.808258, 0.183645], [34.809559, 0.184004], [34.810677, 0.184318], [34.811274, 0.185072], [34.811847, 0.185849], [34.812488, 0.186235], [34.81342, 0.185862], [34.813762, 0.185906], [34.814425, 0.186315], [34.815933, 0.187109], [34.817304, 0.187766], [34.818698, 0.188354], [34.819197, 0.188098], [34.819994, 0.187955], [34.820475, 0.188411], [34.821752, 0.188426], [34.823211, 0.1886], [34.824875, 0.188751], [34.826107, 0.188949], [34.826875, 0.187728], [34.827577, 0.186897], [34.828375, 0.186846], [34.829152, 0.187438], [34.830199, 0.187064], [34.83088, 0.186577], [34.833884, 0.185961], [34.834202, 0.185661], [34.835595, 0.186272], [34.836624, 0.186885], [34.8371, 0.186446], [34.838194, 0.186462], [34.839245, 0.186891], [34.839379, 0.186408], [34.840928, 0.186399], [34.842776, 0.186685], [34.843663, 0.18645], [34.844413, 0.18594], [34.844362, 0.185114], [34.844495, 0.184264], [34.845975, 0.184186], [34.847187, 0.184821], [34.847238, 0.185853], [34.847491, 0.186288], [34.848196, 0.186123], [34.848903, 0.186233], [34.849842, 0.186962], [34.850796, 0.186519], [34.852666, 0.186668], [34.852989, 0.18747], [34.852948, 0.188342], [34.852293, 0.189379], [34.852138, 0.190253], [34.852051, 0.191034], [34.852785, 0.191856], [34.854317, 0.192856], [34.855464, 0.19418], [34.856036, 0.19475], [34.856562, 0.194954], [34.857222, 0.194858], [34.857607, 0.19435], [34.859088, 0.194387], [34.860068, 0.194449], [34.860298, 0.194723], [34.859732, 0.195461], [34.859895, 0.196172], [34.860469, 0.196972], [34.860591, 0.198417], [34.860392, 0.199544], [34.860784, 0.200367], [34.861653, 0.200959], [34.862542, 0.201045], [34.863179, 0.200788], [34.863219, 0.199847], [34.863239, 0.19925], [34.863989, 0.198878], [34.865106, 0.198894], [34.865949, 0.19898], [34.866288, 0.198404], [34.866126, 0.1979], [34.866741, 0.197896], [34.867695, 0.197293], [34.868513, 0.19699], [34.870498, 0.197275], [34.871706, 0.197405], [34.871712, 0.198576], [34.871423, 0.19984], [34.871132, 0.200738], [34.871407, 0.201172], [34.872392, 0.202061], [34.873603, 0.202581], [34.874102, 0.202165], [34.874993, 0.202595], [34.876766, 0.201827], [34.877737, 0.200145], [34.878053, 0.199615], [34.878531, 0.199589], [34.878878, 0.200528], [34.879902, 0.200177], [34.880493, 0.200012], [34.883138, 0.200225], [34.88416, 0.199644], [34.885547, 0.19897], [34.886989, 0.200155], [34.887315, 0.201484], [34.886818, 0.202359], [34.885931, 0.202709], [34.88534, 0.202943], [34.885163, 0.203954], [34.886417, 0.204084], [34.887108, 0.205342], [34.887044, 0.20626], [34.888347, 0.206987], [34.889371, 0.206613], [34.89069, 0.206214], [34.89161, 0.207701], [34.892528, 0.208957], [34.893829, 0.209385], [34.894647, 0.208852], [34.896195, 0.208704], [34.896856, 0.208585], [34.897381, 0.208812], [34.89772, 0.208235], [34.89687, 0.207093], [34.896591, 0.205947], [34.897908, 0.205135], [34.89843, 0.204765], [34.899001, 0.204899], [34.899542, 0.203977], [34.899241, 0.203038], [34.900377, 0.202388], [34.901398, 0.201624], [34.901872, 0.200771], [34.90287, 0.199961], [34.903163, 0.199363], [34.903476, 0.198236], [34.904725, 0.197424], [34.906164, 0.198081], [34.907512, 0.198646], [34.907962, 0.197679], [34.908297, 0.196392], [34.908821, 0.196319], [34.910512, 0.19725], [34.911746, 0.197793], [34.912232, 0.199282], [34.913903, 0.200626], [34.914699, 0.200299], [34.914376, 0.199612], [34.914211, 0.198626], [34.915164, 0.197863], [34.916368, 0.197212], [34.916384, 0.195927], [34.915853, 0.19453], [34.91518, 0.192422], [34.914029, 0.19018], [34.913197, 0.188096], [34.912504, 0.186356], [34.912157, 0.185325], [34.912926, 0.184287], [34.913926, 0.183799], [34.915108, 0.183332], [34.91618, 0.183371], [34.91677, 0.182908], [34.916925, 0.182127], [34.916668, 0.181004], [34.917782, 0.180492], [34.918991, 0.18069], [34.919818, 0.181994], [34.920597, 0.182723], [34.921621, 0.182556], [34.922492, 0.183331], [34.923816, 0.183759], [34.924795, 0.183707], [34.926096, 0.18418], [34.927326, 0.18392], [34.929451, 0.185008], [34.931282, 0.186489], [34.932332, 0.186987], [34.933926, 0.186656], [34.934993, 0.186006], [34.934898, 0.185249], [34.936124, 0.184415], [34.937744, 0.184887], [34.939204, 0.185084], [34.940021, 0.184459], [34.940472, 0.183676], [34.941176, 0.183166], [34.942314, 0.182975], [34.943364, 0.183221], [34.943178, 0.182648], [34.94534, 0.181992], [34.944629, 0.181193], [34.942701, 0.17868], [34.941911, 0.175862], [34.941493, 0.174303], [34.941099, 0.173158], [34.940911, 0.172034], [34.941318, 0.171481], [34.941748, 0.170927], [34.942339, 0.170671], [34.943548, 0.170962], [34.944916, 0.171022], [34.945297, 0.169895], [34.945408, 0.169274], [34.94504, 0.168611], [34.944151, 0.168593], [34.943737, 0.167861], [34.944529, 0.166984], [34.945714, 0.166885], [34.946782, 0.166442]], [[34.946782, 0.166442], [34.947538, 0.166692], [34.948335, 0.166876], [34.949268, 0.166578], [34.949701, 0.1669], [34.949318, 0.168557], [34.949297, 0.169063], [34.949413, 0.16996], [34.949869, 0.170375], [34.950165, 0.170168], [34.950299, 0.169386], [34.951232, 0.169018], [34.952053, 0.169571], [34.952146, 0.170583], [34.952058, 0.171734], [34.953358, 0.172471], [34.95347, 0.171827], [34.953286, 0.170929], [34.953807, 0.170078], [34.953965, 0.169319], [34.955422, 0.169205], [34.955988, 0.167825], [34.956463, 0.166537], [34.95687, 0.165318], [34.957964, 0.165756], [34.958647, 0.165526], [34.958758, 0.164445], [34.96067, 0.164331], [34.961742, 0.164953], [34.962291, 0.165919], [34.963158, 0.166587], [34.963136, 0.167208], [34.963411, 0.168014], [34.964869, 0.168199], [34.966283, 0.169212], [34.967127, 0.169627], [34.969315, 0.170503], [34.970085, 0.169077], [34.970832, 0.167076], [34.972532, 0.163695], [34.973166, 0.162384], [34.973505, 0.161164], [34.973775, 0.159807], [34.974205, 0.158795], [34.974705, 0.158243], [34.975161, 0.158451], [34.975505, 0.159785], [34.975439, 0.160429], [34.975075, 0.160866], [34.975463, 0.161235], [34.976328, 0.161189], [34.976713, 0.160062], [34.978469, 0.161375], [34.979266, 0.161283], [34.979969, 0.160317], [34.980583, 0.159858], [34.981199, 0.160479], [34.981635, 0.161653], [34.981795, 0.162067], [34.982637, 0.1617], [34.983387, 0.161194], [34.984503, 0.161218], [34.985208, 0.161218], [34.986006, 0.161495], [34.987123, 0.161841], [34.987758, 0.160875], [34.988554, 0.160369], [34.9891, 0.160255], [34.989398, 0.161037], [34.989923, 0.161728], [34.991448, 0.161499], [34.991924, 0.160648], [34.991034, 0.159796], [34.990144, 0.158829], [34.98948, 0.157218], [34.989043, 0.155653], [34.98943, 0.155308], [34.990341, 0.15547], [34.990338, 0.154343], [34.990336, 0.153491], [34.990767, 0.152778], [34.991153, 0.152203], [34.991608, 0.152043], [34.992291, 0.152227], [34.992973, 0.151561], [34.993425, 0.150318], [34.993766, 0.150112], [34.99561, 0.149998], [34.996338, 0.149607], [34.996633, 0.148986], [34.996926, 0.147974], [34.997402, 0.147192], [34.998358, 0.146664], [34.998925, 0.146089], [34.999358, 0.146227], [35.000526, 0.148109]], [[34.500039, 0.059994], [34.501865, 0.060581], [34.502823, 0.060714], [34.503643, 0.060617], [34.504531, 0.060406], [34.505625, 0.060538], [34.506543, 0.061841], [34.507822, 0.0625], [34.511816, 0.063625], [34.512866, 0.063941], [34.513894, 0.064349], [34.514968, 0.064962], [34.515492, 0.06496], [34.515853, 0.064292], [34.516421, 0.063853], [34.518652, 0.063336], [34.51895, 0.063656], [34.519089, 0.064091], [34.518955, 0.064597], [34.518959, 0.065538], [34.520063, 0.067781], [34.520731, 0.069223], [34.521215, 0.07039], [34.52184, 0.072407], [34.522072, 0.073254], [34.521984, 0.074058], [34.522376, 0.075066], [34.522061, 0.07587], [34.521515, 0.076126], [34.520399, 0.07627], [34.520336, 0.077509], [34.520909, 0.078149], [34.521548, 0.078329], [34.522117, 0.078165], [34.52269, 0.07869], [34.5229, 0.079905], [34.522906, 0.081144], [34.522912, 0.082475], [34.52335, 0.083574], [34.524082, 0.084029], [34.524516, 0.084187], [34.524972, 0.084392], [34.525407, 0.084779], [34.525865, 0.085098], [34.527415, 0.085227], [34.527917, 0.085248], [34.528349, 0.085085], [34.52867, 0.085588], [34.529265, 0.085998], [34.529812, 0.085995], [34.530175, 0.085649], [34.530813, 0.085599], [34.531589, 0.085779], [34.532434, 0.086302], [34.533806, 0.087304], [34.534858, 0.087987], [34.536246, 0.087566], [34.536861, 0.087334], [34.537524, 0.087858], [34.538097, 0.088451], [34.538576, 0.088678], [34.539214, 0.08856], [34.539828, 0.08835], [34.540489, 0.088232], [34.541493, 0.088525], [34.542225, 0.089049], [34.541979, 0.090174], [34.541414, 0.091072], [34.541052, 0.091717], [34.540987, 0.092474], [34.541127, 0.093162], [34.541473, 0.094055], [34.54134, 0.094928], [34.540934, 0.095733], [34.540685, 0.096171], [34.540255, 0.096839], [34.540921, 0.09773], [34.541153, 0.098624], [34.540564, 0.099499], [34.539975, 0.100328], [34.539797, 0.101087], [34.539618, 0.101845], [34.540353, 0.103126], [34.541655, 0.10367], [34.542684, 0.104536], [34.543192, 0.105864], [34.543562, 0.106941], [34.543772, 0.107949], [34.544413, 0.108611], [34.545189, 0.108951], [34.546196, 0.109841], [34.547458, 0.111509], [34.547803, 0.112265], [34.547785, 0.113298], [34.54761, 0.114767], [34.54711, 0.115183], [34.546221, 0.115188], [34.545331, 0.114894], [34.544375, 0.115129], [34.543989, 0.115406], [34.544698, 0.116068], [34.547301, 0.11711], [34.547077, 0.117868], [34.546989, 0.118534], [34.547561, 0.118967], [34.548861, 0.119143], [34.54975, 0.119162], [34.550595, 0.119501], [34.551005, 0.119522], [34.552029, 0.119195], [34.552879, 0.120521], [34.552518, 0.121327], [34.551953, 0.122408], [34.551891, 0.123877], [34.553194, 0.124559], [34.5542, 0.125379], [34.554091, 0.126344], [34.554416, 0.127627], [34.554808, 0.128543], [34.554652, 0.129278], [34.554883, 0.130011], [34.555318, 0.130491], [34.5553, 0.131477], [34.555532, 0.132234], [34.556697, 0.132916], [34.557339, 0.133807], [34.558138, 0.134032], [34.558798, 0.133845], [34.559798, 0.133128], [34.560547, 0.132482], [34.561137, 0.131905], [34.562091, 0.131257], [34.562794, 0.130565], [34.563817, 0.130031], [34.564139, 0.130535], [34.564829, 0.131816], [34.566446, 0.131715], [34.567561, 0.131227], [34.568402, 0.130833], [34.570044, 0.130938], [34.572052, 0.131432], [34.572964, 0.131611], [34.57399, 0.131766], [34.574154, 0.132614], [34.574411, 0.134059], [34.574915, 0.134469], [34.575603, 0.135544], [34.57636, 0.136526], [34.578207, 0.136654], [34.579828, 0.137311]], [[34.579828, 0.137311], [34.580437, 0.138183], [34.581032, 0.138755], [34.581604, 0.139051], [34.582448, 0.139046], [34.583109, 0.138973], [34.583884, 0.138946], [34.585093, 0.139008], [34.58587, 0.139303], [34.586306, 0.140175], [34.586653, 0.141325], [34.58686, 0.141853], [34.587501, 0.142287], [34.58846, 0.142673], [34.589122, 0.142853], [34.58967, 0.142942], [34.59033, 0.14257], [34.590853, 0.142152], [34.591354, 0.141827], [34.591924, 0.141939], [34.592177, 0.14249], [34.59202, 0.143205], [34.591886, 0.143781], [34.592162, 0.144471], [34.592894, 0.144973], [34.594105, 0.145588], [34.594358, 0.146208], [34.594726, 0.146805], [34.59516, 0.147125], [34.595641, 0.147721], [34.596077, 0.14834], [34.596604, 0.148982], [34.597016, 0.149233], [34.597633, 0.149505], [34.598043, 0.14948], [34.599593, 0.149125], [34.600095, 0.14933], [34.600804, 0.149832], [34.601538, 0.150726], [34.601995, 0.151069], [34.602908, 0.151317], [34.603433, 0.151337], [34.603934, 0.151104], [34.604366, 0.150779], [34.604594, 0.150639], [34.604982, 0.150729], [34.605211, 0.151073], [34.605352, 0.152063], [34.605491, 0.152753], [34.605815, 0.153856], [34.606547, 0.154543], [34.607164, 0.154793], [34.60787, 0.154397], [34.608735, 0.154139], [34.609305, 0.154043], [34.610172, 0.154038], [34.610994, 0.154241], [34.611679, 0.154421], [34.612111, 0.154188], [34.61261, 0.153356], [34.613178, 0.152984], [34.613633, 0.152682], [34.614567, 0.152308], [34.615935, 0.152231], [34.616779, 0.152065], [34.617485, 0.151785], [34.618305, 0.151595], [34.61892, 0.151362], [34.619308, 0.151567], [34.619356, 0.152027], [34.619336, 0.152695], [34.619633, 0.152923], [34.620453, 0.152619], [34.621136, 0.152339], [34.621979, 0.15215], [34.622414, 0.152447], [34.622689, 0.152814], [34.6234, 0.154007], [34.62395, 0.154649], [34.624477, 0.155198], [34.624774, 0.155358], [34.625252, 0.155101], [34.62589, 0.154798], [34.626461, 0.154979], [34.627167, 0.154768], [34.627624, 0.155042], [34.628334, 0.155843], [34.629157, 0.156437], [34.629934, 0.156732], [34.630482, 0.156867], [34.630821, 0.156128], [34.63107, 0.155597], [34.631641, 0.155663], [34.632646, 0.15621], [34.633972, 0.156893], [34.635411, 0.157575], [34.635961, 0.158056], [34.636169, 0.158953], [34.636332, 0.159666], [34.63647, 0.160148], [34.636701, 0.160723], [34.636977, 0.16132], [34.63762, 0.162606], [34.6381, 0.162879], [34.638922, 0.163082], [34.639424, 0.163033], [34.640131, 0.163144], [34.64093, 0.163393], [34.64173, 0.163756], [34.642805, 0.164441], [34.644541, 0.165122], [34.645589, 0.164908], [34.646226, 0.164398], [34.647389, 0.164391], [34.648554, 0.164891], [34.649651, 0.165414], [34.65052, 0.166008], [34.651208, 0.166971], [34.651623, 0.168097], [34.652037, 0.169016], [34.652654, 0.169335], [34.653817, 0.169374], [34.654979, 0.168999], [34.656096, 0.168854], [34.657464, 0.1688], [34.65865, 0.168655], [34.659152, 0.168675], [34.659423, 0.168051], [34.659261, 0.167477], [34.659486, 0.166692], [34.659918, 0.166321], [34.660762, 0.166432], [34.662038, 0.166056], [34.663154, 0.165611], [34.664427, 0.164568], [34.665201, 0.164057], [34.665817, 0.164329], [34.666253, 0.164903], [34.667599, 0.164941], [34.668399, 0.165443], [34.669199, 0.165945], [34.67011, 0.165594], [34.670611, 0.165268], [34.671502, 0.165816], [34.671914, 0.166251], [34.672463, 0.166478], [34.67308, 0.16682], [34.674086, 0.16739], [34.674749, 0.167962], [34.675095, 0.168881], [34.675623, 0.169799], [34.675969, 0.170695], [34.676495, 0.171199], [34.677796, 0.171513], [34.678549, 0.171486], [34.678779, 0.172014], [34.678849, 0.172497], [34.678601, 0.173213], [34.679037, 0.173832], [34.679586, 0.174174], [34.680065, 0.17424], [34.680726, 0.174075], [34.681956, 0.173792], [34.682458, 0.173881], [34.683257, 0.174061], [34.683896, 0.174034], [34.684898, 0.173636], [34.685468, 0.173702], [34.685812, 0.174253], [34.686248, 0.174872], [34.686912, 0.175559], [34.687505, 0.175648], [34.688234, 0.175252], [34.689077, 0.17504], [34.689966, 0.174873], [34.690284, 0.174549], [34.690668, 0.173718], [34.691101, 0.173646], [34.691764, 0.17408], [34.692359, 0.174583], [34.693088, 0.17421], [34.69393, 0.173837], [34.69457, 0.174133], [34.695371, 0.174819], [34.696102, 0.175068], [34.69683, 0.174764], [34.697742, 0.174528], [34.698608, 0.174339]], [[34.698608, 0.174339], [34.699907, 0.174077], [34.701002, 0.174438], [34.70191, 0.17397], [34.702819, 0.173664], [34.705094, 0.173325], [34.706161, 0.172879], [34.707212, 0.173402], [34.708436, 0.172517], [34.709319, 0.17175], [34.710167, 0.172528], [34.711358, 0.173717], [34.713105, 0.172737], [34.713851, 0.171763], [34.714642, 0.170928], [34.71523, 0.170163], [34.716483, 0.170269], [34.717139, 0.169642], [34.718318, 0.168804], [34.719365, 0.16875], [34.720482, 0.16895], [34.72294, 0.16877], [34.72385, 0.168672], [34.724828, 0.168549], [34.726127, 0.168632], [34.727127, 0.168417], [34.72815, 0.168041], [34.728768, 0.168659], [34.729477, 0.169138], [34.730751, 0.168944], [34.731888, 0.168705], [34.733208, 0.168557], [34.734277, 0.168365], [34.734432, 0.167673], [34.73422, 0.166522], [34.735675, 0.166258], [34.736907, 0.166572], [34.737384, 0.166361], [34.736902, 0.165742], [34.736602, 0.165076], [34.737462, 0.164332], [34.738573, 0.163471], [34.739663, 0.163072], [34.740915, 0.16297], [34.742372, 0.162868], [34.743397, 0.162975], [34.743948, 0.163778], [34.744452, 0.164258], [34.745248, 0.164114], [34.746343, 0.164475], [34.747484, 0.164858], [34.748578, 0.165104], [34.749126, 0.165238], [34.749646, 0.164681], [34.750076, 0.164309], [34.750273, 0.164867]], [[34.432751, 0.000931], [34.432638, 0.002341], [34.433458, 0.003192], [34.434163, 0.004112], [34.434572, 0.004894], [34.43498, 0.006205], [34.435481, 0.006619], [34.435801, 0.00639], [34.436234, 0.006575], [34.436712, 0.007012], [34.437053, 0.007472], [34.437234, 0.008529], [34.437619, 0.009725], [34.438165, 0.010484], [34.438802, 0.011312], [34.438961, 0.011933], [34.43921, 0.012461], [34.439871, 0.012853], [34.441533, 0.014396], [34.442239, 0.014718], [34.442694, 0.015546], [34.443241, 0.015685], [34.444131, 0.015411], [34.444861, 0.015274], [34.445181, 0.014838], [34.446229, 0.0153], [34.44771, 0.015762], [34.448441, 0.015534], [34.449422, 0.015329], [34.450037, 0.015674], [34.450013, 0.016111], [34.450308, 0.017122], [34.451014, 0.017353], [34.451379, 0.017308], [34.451628, 0.018388], [34.452287, 0.019883], [34.453585, 0.020643], [34.454225, 0.019886], [34.454955, 0.019956], [34.455365, 0.019934], [34.455594, 0.019314], [34.455413, 0.018648], [34.456005, 0.019085], [34.456437, 0.019683], [34.457189, 0.020397], [34.457416, 0.020604], [34.457668, 0.020053], [34.458124, 0.019893], [34.45858, 0.020055], [34.458579, 0.020928], [34.458623, 0.02187], [34.45894, 0.022583], [34.459031, 0.022927], [34.458687, 0.024075], [34.459279, 0.02449], [34.460213, 0.024813], [34.46076, 0.025251], [34.461624, 0.026769], [34.462627, 0.026885], [34.463494, 0.026588], [34.464225, 0.026061], [34.465115, 0.02558], [34.466117, 0.026134], [34.46655, 0.026502], [34.466366, 0.027466], [34.469078, 0.028161], [34.469946, 0.027565], [34.471156, 0.026694], [34.471862, 0.027315], [34.472224, 0.028855], [34.472402, 0.031084], [34.47231, 0.031819], [34.472354, 0.032394], [34.471692, 0.033082], [34.470892, 0.033953], [34.470663, 0.034596], [34.470707, 0.035584], [34.471413, 0.035792], [34.472074, 0.035839], [34.472164, 0.036621], [34.472665, 0.037242], [34.472777, 0.038023], [34.472548, 0.038919], [34.472933, 0.039999], [34.473799, 0.040346], [34.475188, 0.041841], [34.475779, 0.042486], [34.476257, 0.043268], [34.476368, 0.044876], [34.477439, 0.045452], [34.478099, 0.046028], [34.479762, 0.046812], [34.48065, 0.04748], [34.480992, 0.048009], [34.481058, 0.048997], [34.480829, 0.049663], [34.481261, 0.050376], [34.481556, 0.051157], [34.481075, 0.052236], [34.481005, 0.053017], [34.48178, 0.05357], [34.482303, 0.054191], [34.482325, 0.054904], [34.483236, 0.055388], [34.484398, 0.055688], [34.484992, 0.05546], [34.485425, 0.055162], [34.485905, 0.054979], [34.486587, 0.055738], [34.486495, 0.056634], [34.487154, 0.057439], [34.488248, 0.057786], [34.490209, 0.058203], [34.49135, 0.057883], [34.491761, 0.057264], [34.492082, 0.056529], [34.493289, 0.05706], [34.493973, 0.057084], [34.494658, 0.056901], [34.495501, 0.057247], [34.496252, 0.058259], [34.497504, 0.059296], [34.4991, 0.059666], [34.500039, 0.059994]]]}}, {"type": "Feature", "properties": {"name": "Kuja", "length_km": 128.517, "dist_to_gulf_km": 22.846, "n_segments": 8}, "geometry": {"type": "MultiLineString", "coordinates": [[[34.442844, -0.749776], [34.442198, -0.748349], [34.440619, -0.747686], [34.440209, -0.747803], [34.439637, -0.747575], [34.43909, -0.747692], [34.438633, -0.747786], [34.438335, -0.747442], [34.437923, -0.747351], [34.437741, -0.747421], [34.437807, -0.746844], [34.438008, -0.745967], [34.437549, -0.745346], [34.437139, -0.745509], [34.436778, -0.746525], [34.436666, -0.747102], [34.43628, -0.747519], [34.436008, -0.748073], [34.435622, -0.748559], [34.435141, -0.748238], [34.434979, -0.747639], [34.434448, -0.746396], [34.434148, -0.745728], [34.433575, -0.745154], [34.433464, -0.745962], [34.433195, -0.747001], [34.433128, -0.747462], [34.433039, -0.747901], [34.432263, -0.74795], [34.431282, -0.748069], [34.430779, -0.748048], [34.430257, -0.74865], [34.429777, -0.748674], [34.428815, -0.748079], [34.428841, -0.748655], [34.429279, -0.749714]], [[34.50057, -0.760708], [34.501007, -0.759511], [34.501557, -0.758314], [34.502013, -0.758108], [34.502922, -0.758756], [34.503601, -0.75984], [34.503985, -0.760671], [34.504324, -0.76134], [34.504482, -0.761778], [34.505278, -0.761895], [34.506098, -0.761921], [34.507077, -0.761854], [34.507669, -0.761902], [34.507826, -0.762432], [34.507095, -0.763144], [34.506889, -0.76365], [34.50723, -0.763813], [34.507822, -0.763814], [34.508092, -0.76469], [34.508203, -0.765566], [34.508725, -0.765775], [34.509364, -0.765454], [34.510088, -0.766769], [34.510267, -0.767714], [34.510583, -0.768429], [34.511106, -0.768661], [34.512245, -0.768503], [34.51279, -0.768804], [34.51281, -0.769725], [34.512968, -0.769933], [34.513334, -0.769611], [34.513813, -0.769336], [34.514605, -0.77049], [34.515558, -0.771622], [34.515895, -0.772774], [34.516395, -0.773144], [34.518238, -0.77338], [34.519168, -0.774419], [34.51946, -0.775364], [34.519914, -0.775849], [34.520621, -0.775621], [34.521329, -0.774978], [34.522172, -0.774542], [34.522737, -0.775926], [34.523346, -0.777402], [34.523729, -0.77867], [34.523567, -0.779453], [34.523723, -0.780306], [34.523926, -0.781066], [34.524562, -0.781506], [34.525608, -0.781624], [34.526201, -0.781533], [34.526568, -0.780544], [34.527209, -0.779509], [34.527641, -0.779763], [34.527866, -0.78057], [34.528136, -0.781562], [34.527793, -0.781998], [34.527088, -0.781674], [34.526699, -0.782295], [34.527173, -0.78331], [34.527626, -0.784163], [34.528309, -0.78405], [34.529358, -0.783569], [34.529927, -0.783455], [34.530133, -0.783318], [34.5307, -0.783964], [34.53129, -0.784381], [34.531768, -0.784359], [34.532704, -0.783578], [34.53355, -0.782659], [34.535098, -0.782663], [34.53626, -0.782298], [34.537104, -0.781931], [34.537765, -0.781634], [34.538833, -0.782282], [34.539809, -0.783021], [34.540149, -0.783345], [34.539486, -0.784311], [34.539209, -0.785393], [34.539434, -0.786015], [34.540298, -0.786409], [34.540914, -0.786203], [34.541624, -0.784892], [34.542374, -0.785286], [34.543121, -0.786509], [34.542641, -0.786991], [34.542136, -0.788119], [34.542248, -0.788833], [34.542657, -0.788857], [34.543046, -0.788513], [34.543274, -0.788352], [34.543866, -0.788308], [34.544596, -0.787872], [34.545342, -0.789302], [34.545477, -0.789786], [34.544817, -0.789854], [34.543861, -0.789782], [34.543815, -0.789805], [34.543927, -0.79045], [34.544541, -0.790705], [34.544492, -0.791581], [34.545447, -0.791837], [34.547016, -0.79244], [34.547627, -0.793363], [34.548081, -0.793825], [34.548947, -0.793712], [34.550086, -0.793462], [34.550996, -0.793487], [34.551656, -0.793581], [34.552431, -0.793353], [34.553229, -0.793009], [34.55439, -0.792851], [34.555187, -0.792761], [34.555802, -0.792832], [34.555937, -0.793247], [34.55582, -0.794283], [34.555859, -0.796103], [34.556107, -0.796841], [34.555968, -0.797601], [34.556193, -0.798408], [34.556876, -0.79841], [34.558017, -0.797491], [34.55927, -0.797218], [34.560477, -0.796945], [34.561319, -0.797086], [34.562094, -0.796926], [34.562731, -0.796997], [34.563728, -0.798359], [34.563954, -0.798751], [34.565024, -0.798823], [34.565569, -0.799285], [34.565749, -0.799839], [34.565792, -0.800668], [34.565675, -0.801566], [34.565969, -0.80212], [34.566606, -0.802237], [34.56779, -0.802171], [34.568495, -0.802449], [34.56938, -0.803051], [34.56972, -0.803558], [34.57081, -0.804506], [34.571352, -0.805567], [34.571351, -0.806074], [34.570961, -0.806971], [34.570799, -0.807662], [34.571456, -0.808424], [34.571226, -0.809137], [34.571087, -0.80992], [34.571063, -0.810358], [34.57088, -0.81068], [34.570992, -0.811187], [34.572061, -0.811305], [34.57272, -0.811813], [34.572922, -0.812666], [34.572965, -0.813426], [34.573917, -0.814489], [34.573755, -0.815433], [34.574571, -0.816425], [34.576453, -0.818642], [34.576837, -0.81961], [34.576809, -0.820923], [34.576601, -0.822006], [34.577214, -0.822399], [34.578099, -0.82323], [34.579233, -0.824431], [34.580076, -0.824341], [34.58108, -0.82363], [34.581923, -0.82354], [34.582858, -0.823059], [34.583312, -0.823429], [34.58267, -0.824556], [34.581848, -0.825475], [34.581436, -0.826073], [34.581615, -0.827041], [34.582023, -0.82741], [34.582432, -0.827711], [34.582932, -0.828058], [34.583616, -0.827783], [34.584709, -0.827648], [34.585162, -0.828202], [34.585433, -0.828756], [34.585454, -0.829401], [34.585748, -0.829954], [34.586611, -0.830717], [34.587157, -0.830603], [34.587478, -0.830005], [34.587184, -0.829336], [34.587255, -0.828599], [34.588127, -0.826713], [34.58933, -0.827729], [34.590009, -0.828722], [34.59028, -0.829345], [34.590028, -0.829874], [34.589502, -0.830517], [34.589978, -0.831256], [34.590911, -0.831419], [34.591913, -0.831261], [34.59253, -0.830618], [34.593213, -0.830504], [34.593671, -0.829814], [34.594423, -0.829425], [34.595105, -0.829795], [34.595308, -0.830302], [34.594872, -0.831269], [34.594983, -0.832098], [34.596098, -0.832424], [34.597918, -0.832636], [34.59803, -0.833166], [34.597777, -0.833856], [34.597958, -0.834318], [34.5993, -0.834667], [34.599752, -0.835451], [34.599934, -0.835682], [34.600777, -0.835385], [34.601917, -0.834996], [34.6026, -0.834952], [34.60301, -0.834677], [34.603627, -0.834079], [34.60408, -0.834795], [34.604533, -0.835303], [34.605351, -0.835766], [34.607082, -0.835655], [34.608083, -0.835957], [34.608423, -0.836304], [34.608627, -0.836558], [34.608376, -0.83681], [34.607372, -0.837314], [34.607052, -0.837797], [34.607733, -0.838467], [34.608639, -0.839667], [34.608752, -0.840059], [34.608817, -0.840981], [34.610161, -0.84057], [34.610211, -0.839372], [34.611079, -0.838499], [34.61233, -0.838618], [34.61331, -0.83839], [34.614245, -0.838047], [34.616772, -0.837892], [34.618386, -0.838542], [34.619272, -0.839051], [34.620363, -0.839629], [34.620978, -0.839539], [34.621595, -0.838688], [34.623803, -0.838878], [34.624391, -0.839917], [34.625256, -0.839988], [34.626282, -0.839369], [34.627582, -0.838727], [34.629514, -0.839516], [34.630424, -0.83991], [34.630925, -0.839842], [34.632862, -0.83911], [34.63352, -0.839734], [34.634108, -0.840887], [34.635037, -0.84211], [34.635581, -0.842941], [34.635671, -0.843241], [34.635441, -0.844023], [34.635462, -0.844576], [34.636983, -0.84587], [34.638507, -0.845966], [34.639347, -0.846798], [34.641143, -0.847494], [34.641826, -0.847541], [34.643281, -0.848006], [34.64428, -0.848746], [34.644849, -0.848816], [34.645416, -0.849325], [34.645779, -0.849832], [34.646847, -0.850365], [34.648464, -0.850254], [34.649557, -0.85005], [34.650425, -0.849131], [34.651316, -0.848073], [34.652115, -0.847546], [34.652909, -0.848377], [34.653545, -0.848701], [34.654548, -0.848381], [34.656233, -0.848225], [34.657484, -0.848366], [34.65846, -0.849336], [34.659165, -0.849453], [34.6622, -0.847434], [34.662976, -0.84686], [34.663752, -0.84601], [34.664006, -0.844974], [34.664124, -0.843915], [34.664379, -0.842464], [34.663902, -0.842025], [34.662972, -0.841171], [34.663476, -0.840089], [34.664687, -0.83878], [34.665416, -0.838782], [34.666101, -0.838092], [34.666352, -0.837771], [34.667261, -0.83828], [34.667761, -0.838442], [34.669312, -0.837594], [34.670454, -0.836584], [34.671869, -0.835551], [34.673239, -0.834264], [34.67454, -0.833024], [34.675636, -0.832105], [34.676252, -0.8316]], [[34.139384, -0.916902], [34.141261, -0.918237], [34.143803, -0.920217], [34.144398, -0.920769], [34.144879, -0.919894], [34.145428, -0.918443], [34.146504, -0.919548], [34.148038, -0.920377], [34.149412, -0.919916], [34.150236, -0.919916], [34.150877, -0.920607], [34.151152, -0.921113], [34.152205, -0.920606], [34.153304, -0.920837], [34.153258, -0.92208], [34.152777, -0.9236], [34.15367, -0.924728], [34.153945, -0.926501], [34.153785, -0.92855], [34.15422, -0.930231], [34.154586, -0.931382], [34.154724, -0.932648], [34.154152, -0.933754], [34.154289, -0.934421], [34.155525, -0.934628], [34.156624, -0.934812], [34.157677, -0.934305], [34.159074, -0.934259], [34.160264, -0.935157], [34.160768, -0.936653], [34.161775, -0.935962], [34.162577, -0.935226], [34.163126, -0.935387], [34.162806, -0.937183], [34.163218, -0.938794], [34.163836, -0.939761], [34.162577, -0.940153], [34.162508, -0.940682], [34.163172, -0.941051], [34.164134, -0.941005], [34.165072, -0.939968], [34.165942, -0.939001], [34.167705, -0.94151], [34.169102, -0.942638], [34.170041, -0.942062], [34.171048, -0.942131], [34.172605, -0.942062], [34.174047, -0.941601], [34.175466, -0.940864], [34.17652, -0.940242], [34.177298, -0.939597], [34.176451, -0.937986], [34.175718, -0.936904], [34.175214, -0.936627], [34.175466, -0.935752], [34.177114, -0.935246], [34.177847, -0.936604], [34.178671, -0.937479], [34.179724, -0.937594], [34.180709, -0.937225], [34.181739, -0.936695], [34.182266, -0.935659], [34.182105, -0.934623], [34.182219, -0.933287], [34.18199, -0.932274], [34.18254, -0.931307], [34.183845, -0.930501], [34.184623, -0.929326], [34.185378, -0.927853], [34.186386, -0.92776], [34.187737, -0.929165], [34.188607, -0.92951], [34.190278, -0.928888], [34.191468, -0.929624], [34.191835, -0.930476], [34.192384, -0.931719], [34.193369, -0.930614], [34.195314, -0.92967], [34.198291, -0.929876], [34.199069, -0.931165], [34.19939, -0.932662], [34.199253, -0.934228], [34.198955, -0.935909], [34.199253, -0.937267], [34.200192, -0.938073], [34.204038, -0.939753], [34.203786, -0.941111], [34.203924, -0.94194], [34.204725, -0.942838], [34.206808, -0.944587], [34.208709, -0.946682], [34.209625, -0.947603], [34.209854, -0.948823], [34.210907, -0.949905], [34.21098944454713, -0.9500000000000001]], [[34.27347097763318, -0.9500000000000001], [34.273322, -0.948092], [34.273636, -0.946459], [34.274726, -0.94526], [34.275817, -0.944154], [34.277066, -0.942725], [34.277909, -0.942424], [34.278659, -0.941893], [34.278541, -0.940629], [34.277808, -0.939688], [34.27812, -0.937549], [34.277978, -0.936239], [34.277086, -0.935414], [34.277218, -0.934012], [34.279605, -0.931913], [34.28092, -0.929909], [34.280527, -0.92837], [34.280521, -0.926646], [34.280838, -0.926001], [34.282139, -0.926388], [34.283396, -0.92696], [34.285745, -0.927206], [34.287186, -0.928489], [34.288423, -0.930187], [34.289588, -0.930667], [34.290949, -0.928686], [34.292612, -0.928198], [34.294035, -0.9307], [34.292834, -0.932933], [34.292882, -0.933531], [34.29434, -0.933228], [34.297459, -0.931886], [34.300898, -0.930543], [34.304908, -0.929727], [34.30755, -0.928869], [34.308302, -0.928545], [34.30955, -0.926772], [34.31087, -0.926124], [34.311851, -0.926351], [34.312795, -0.928831], [34.313254, -0.929635], [34.3143, -0.928804], [34.31507, -0.927239], [34.316203, -0.925419], [34.317341, -0.924842], [34.318823, -0.924676], [34.320237, -0.92481], [34.321287, -0.925129], [34.322791, -0.924757], [34.322626, -0.923309], [34.322121, -0.922437], [34.322912, -0.920435], [34.323297, -0.919537], [34.3258, -0.918174], [34.329286, -0.917268], [34.331222, -0.916642], [34.333544, -0.915532], [34.335844, -0.914767], [34.338441, -0.914001], [34.339554, -0.912894], [34.340076, -0.91195], [34.34149, -0.912268], [34.342721, -0.911943], [34.34436, -0.911179], [34.34536, -0.910441], [34.345836, -0.909451], [34.346265, -0.908392], [34.346805, -0.906207], [34.347712, -0.904733], [34.348825, -0.903604]], [[34.368242, -0.90702], [34.369701, -0.907131], [34.370457, -0.907888], [34.37014, -0.908785], [34.369733, -0.909545], [34.369918, -0.91028], [34.370511, -0.910301], [34.371377, -0.91023], [34.372517, -0.910342], [34.373314, -0.910064], [34.374133, -0.909395], [34.375362, -0.908839], [34.376114, -0.908607], [34.376408, -0.907917], [34.375764, -0.906516], [34.375304, -0.905276], [34.374912, -0.903921], [34.374383, -0.902681], [34.374335, -0.901946], [34.37504, -0.901461], [34.376065, -0.901113], [34.376518, -0.900331], [34.376126, -0.899182], [34.375552, -0.897965], [34.374907, -0.896243], [34.374469, -0.894796], [34.374511, -0.893716], [34.37437, -0.89252], [34.374573, -0.89206], [34.375531, -0.892126], [34.376468, -0.892721], [34.377542, -0.893201], [34.378249, -0.893222], [34.378475, -0.89267], [34.378335, -0.89182], [34.378195, -0.890855], [34.377209, -0.889432], [34.376908, -0.888192], [34.376085, -0.887412], [34.376082, -0.886631], [34.375875, -0.886011], [34.374711, -0.885853], [34.373912, -0.885579], [34.372657, -0.885284], [34.371036, -0.884806], [34.370192, -0.884716], [34.368802, -0.884881], [34.367843, -0.884493], [34.367431, -0.884172], [34.367544, -0.883712], [34.368204, -0.883388], [34.368726, -0.882674], [34.368701, -0.882054], [34.368881, -0.881432], [34.36963, -0.880465], [34.36997, -0.879935], [34.369535, -0.879293], [34.368802, -0.878352], [34.367794, -0.87716], [34.366652, -0.876427], [34.365783, -0.875832], [34.364869, -0.875214], [34.363521, -0.874505], [34.362719, -0.873404], [34.362922, -0.872737], [34.363377, -0.872459], [34.363719, -0.872481], [34.36436, -0.873077], [34.364749, -0.873375], [34.365294, -0.872914], [34.365085, -0.871926], [34.365309, -0.870776], [34.3659, -0.870039], [34.366719, -0.869577], [34.367333, -0.869207], [34.367951, -0.869826], [34.368681, -0.869778]], [[34.368681, -0.869778], [34.368724, -0.868972], [34.36909, -0.867912], [34.369228, -0.86729], [34.368704, -0.865767], [34.368203, -0.864336], [34.368387, -0.863137], [34.368205, -0.862191], [34.368388, -0.861477], [34.367886, -0.860715], [34.36743, -0.860092], [34.367545, -0.859377], [34.368093, -0.859009], [34.368254, -0.857764], [34.368781, -0.856335], [34.368736, -0.855481], [34.369148, -0.854721], [34.369423, -0.853937], [34.369606, -0.852739], [34.36931, -0.851723], [34.369174, -0.850639], [34.370226, -0.849257], [34.370957, -0.848659], [34.371255, -0.848037], [34.370753, -0.84716], [34.371257, -0.846077], [34.371942, -0.845847], [34.371783, -0.844832], [34.371738, -0.84414], [34.372218, -0.843541], [34.37288, -0.843842], [34.373245, -0.844535], [34.373816, -0.844005], [34.374684, -0.844307], [34.375002, -0.845368], [34.375551, -0.845138], [34.376077, -0.844355], [34.377379, -0.843689], [34.377881, -0.843689], [34.378338, -0.843252], [34.378818, -0.842907], [34.379343, -0.843438], [34.380347, -0.844685], [34.381511, -0.845494], [34.382013, -0.845426], [34.382677, -0.843928], [34.38366, -0.842892], [34.384003, -0.842132], [34.383935, -0.840955], [34.384895, -0.840911], [34.385009, -0.840565], [34.384873, -0.839758], [34.385969, -0.839344], [34.386016, -0.838422], [34.385743, -0.837361], [34.386337, -0.837108], [34.387021, -0.837432], [34.38716, -0.83591], [34.387549, -0.835242], [34.38819, -0.83296], [34.389104, -0.832201], [34.389653, -0.83151], [34.390271, -0.830496], [34.390683, -0.829321], [34.391185, -0.828837], [34.392031, -0.828424], [34.392121, -0.829208], [34.392897, -0.830109], [34.393446, -0.829372], [34.393241, -0.828702], [34.393607, -0.827942], [34.393813, -0.827366], [34.393927, -0.826974], [34.393585, -0.826374], [34.393312, -0.825728], [34.392581, -0.825588], [34.391531, -0.825356], [34.391121, -0.824686], [34.390802, -0.823902], [34.389729, -0.822793], [34.388977, -0.821846], [34.38811, -0.820807], [34.387928, -0.819815], [34.388225, -0.819423], [34.387998, -0.818177], [34.387269, -0.816954], [34.387087, -0.8161], [34.386928, -0.814786], [34.386974, -0.814209], [34.386974, -0.814186], [34.387523, -0.81391], [34.388207, -0.814073], [34.388733, -0.813682], [34.389898, -0.813638], [34.39072, -0.813478]], [[34.39072, -0.813478], [34.390104, -0.813085], [34.38967, -0.812692], [34.3891, -0.812045], [34.389079, -0.810477], [34.389856, -0.808933], [34.390633, -0.808404], [34.391045, -0.807621], [34.390703, -0.807274], [34.39011, -0.806835], [34.389471, -0.806073], [34.388809, -0.805311], [34.389403, -0.805081], [34.389244, -0.804251], [34.389427, -0.803767], [34.389998, -0.803629], [34.390753, -0.802385], [34.391006, -0.800448], [34.390436, -0.799018], [34.389569, -0.798832], [34.388586, -0.799499], [34.388061, -0.799198], [34.387239, -0.799842], [34.385504, -0.799032], [34.38466, -0.798016], [34.385437, -0.797256], [34.385529, -0.796588], [34.385644, -0.795435], [34.385303, -0.793543], [34.384848, -0.79232], [34.383318, -0.791741], [34.382428, -0.791394], [34.381584, -0.790377], [34.381151, -0.789639], [34.381152, -0.788255], [34.383209, -0.786137], [34.384649, -0.785355], [34.385221, -0.784411], [34.385656, -0.783212], [34.386546, -0.78296], [34.387597, -0.783285], [34.389835, -0.782735], [34.389928, -0.781398], [34.389974, -0.780314], [34.390341, -0.779231], [34.390342, -0.778285], [34.390594, -0.776994], [34.391324, -0.77748], [34.39233, -0.776744], [34.39338, -0.776792], [34.392879, -0.77543], [34.393382, -0.775062], [34.393906, -0.77557], [34.394637, -0.775687], [34.394957, -0.775687], [34.395253, -0.77638], [34.396531, -0.777027], [34.397536, -0.777513], [34.397694, -0.778598], [34.397602, -0.779266], [34.39662, -0.779403], [34.396232, -0.779887], [34.396688, -0.780118], [34.397213, -0.780257], [34.396709, -0.781871], [34.397942, -0.782057], [34.398764, -0.782335], [34.399152, -0.782843], [34.400454, -0.782039], [34.401117, -0.781994], [34.401664, -0.782248], [34.401367, -0.783262], [34.402051, -0.783656], [34.402461, -0.784786], [34.402598, -0.784856], [34.403215, -0.784073], [34.403718, -0.784466], [34.404517, -0.784582], [34.405452, -0.785045], [34.406845, -0.785739], [34.407872, -0.786248], [34.40842, -0.786088], [34.407964, -0.78528], [34.407486, -0.783872], [34.407624, -0.782743], [34.408584, -0.782329], [34.409657, -0.781939], [34.409679, -0.782608], [34.409679, -0.783346], [34.41041, -0.78284], [34.411095, -0.783233], [34.41187, -0.784272], [34.412418, -0.784065], [34.412784, -0.78349], [34.41324, -0.784344], [34.413629, -0.783652], [34.414566, -0.783262], [34.415091, -0.782502], [34.415776, -0.782918], [34.416919, -0.782205], [34.417786, -0.782368], [34.418814, -0.782139], [34.419019, -0.782831], [34.420229, -0.782926], [34.420229, -0.783387], [34.419384, -0.783547], [34.419063, -0.784008], [34.419451, -0.784285], [34.420548, -0.783803], [34.420753, -0.783826], [34.420227, -0.784725], [34.420318, -0.785278], [34.421025, -0.786156], [34.421368, -0.786433], [34.421893, -0.78588], [34.421826, -0.784335], [34.42258, -0.784221], [34.423562, -0.784223], [34.423403, -0.783139], [34.423541, -0.781801], [34.424089, -0.781849], [34.424753, -0.78065], [34.425598, -0.780306], [34.427129, -0.779455], [34.42802, -0.778903], [34.428865, -0.778029], [34.428683, -0.777198], [34.42777, -0.777358], [34.426902, -0.777541], [34.426377, -0.777102], [34.425944, -0.776502], [34.425122, -0.776085], [34.424713, -0.774585], [34.424028, -0.774146], [34.42316, -0.774237], [34.422133, -0.773866], [34.422978, -0.773522], [34.423344, -0.772946], [34.424053, -0.772209], [34.424967, -0.771542], [34.425995, -0.770644], [34.426476, -0.769376], [34.426545, -0.7685], [34.426979, -0.768017], [34.426614, -0.767578], [34.426501, -0.767117], [34.427026, -0.767118], [34.427026, -0.766702], [34.42584, -0.765755], [34.425589, -0.765408], [34.425978, -0.76481], [34.426504, -0.763311], [34.42678, -0.761744], [34.426621, -0.760683], [34.427284, -0.760015], [34.428106, -0.759947], [34.428448, -0.76064], [34.42927, -0.760756], [34.428859, -0.759926], [34.429567, -0.759765], [34.430116, -0.759075], [34.430551, -0.757876], [34.43062, -0.756931], [34.430758, -0.756008], [34.430462, -0.755501], [34.429275, -0.754899], [34.428363, -0.754067], [34.428911, -0.753607], [34.429003, -0.753054], [34.429278, -0.752362], [34.428867, -0.751601], [34.428434, -0.750562], [34.428709, -0.749986], [34.429279, -0.750587], [34.429736, -0.750357], [34.429279, -0.749714]], [[34.442844, -0.749776], [34.443514, -0.750686], [34.443008, -0.751513], [34.443601, -0.752116], [34.44479, -0.752306], [34.44552, -0.753071], [34.445929, -0.753857], [34.44659, -0.754667], [34.447758, -0.754489], [34.44744, -0.753588], [34.446918, -0.752341], [34.44747, -0.751421], [34.447564, -0.750684], [34.447931, -0.75034], [34.448549, -0.75032], [34.449353, -0.749218], [34.449834, -0.749174], [34.450081, -0.750397], [34.450537, -0.750976], [34.450769, -0.74994], [34.451136, -0.749711], [34.451638, -0.750244], [34.45212, -0.749624], [34.4529, -0.749029], [34.453837, -0.749333], [34.454477, -0.749406], [34.455015, -0.749775], [34.455876, -0.748364], [34.456742, -0.747969], [34.45729, -0.747805], [34.458385, -0.747778], [34.458411, -0.748285], [34.457202, -0.748567], [34.457043, -0.748913], [34.456885, -0.749352], [34.456818, -0.749675], [34.457426, -0.750182], [34.458708, -0.749958], [34.459967, -0.749642], [34.461271, -0.749879], [34.461703, -0.750457], [34.461747, -0.751288], [34.462728, -0.751984], [34.464036, -0.750931], [34.464952, -0.75052], [34.465545, -0.751192], [34.465679, -0.752253], [34.46666, -0.753042], [34.467118, -0.752906], [34.467716, -0.751918], [34.468768, -0.751969], [34.47007, -0.752599], [34.47064, -0.753316], [34.470317, -0.754145], [34.469812, -0.754557], [34.470612, -0.754976], [34.471069, -0.755094], [34.471454, -0.756295], [34.472254, -0.756529], [34.472486, -0.755516], [34.47306, -0.75492], [34.474246, -0.756009], [34.475159, -0.756821], [34.476598, -0.757267], [34.477673, -0.757503], [34.478268, -0.757483], [34.479596, -0.757144], [34.480646, -0.757933], [34.480482, -0.759108], [34.479472, -0.760232], [34.479127, -0.760692], [34.479949, -0.761272], [34.481345, -0.761164], [34.482351, -0.761239], [34.483084, -0.76092], [34.482904, -0.760112], [34.48318, -0.75956], [34.484117, -0.760026], [34.484985, -0.760353], [34.485874, -0.761487], [34.486648, -0.76246], [34.487428, -0.761957], [34.488642, -0.761525], [34.490311, -0.761856], [34.491616, -0.76154], [34.493174, -0.760903], [34.493284, -0.762033], [34.49493, -0.762641], [34.495937, -0.762369], [34.496739, -0.761843], [34.497519, -0.761317], [34.498271, -0.762105], [34.499186, -0.762409], [34.50057, -0.760708]]]}}, {"type": "Feature", "properties": {"name": "Kipsonoi", "length_km": 121.234, "dist_to_gulf_km": 20.643, "n_segments": 7}, "geometry": {"type": "MultiLineString", "coordinates": [[[35.250366, -0.685], [35.250662, -0.684472], [35.250753, -0.683829], [35.250934, -0.683186], [35.25123, -0.683577], [35.251594, -0.684381], [35.252049, -0.68422], [35.252481, -0.683509], [35.252367, -0.68298], [35.252117, -0.682176], [35.252504, -0.681281], [35.253027, -0.680914], [35.253345, -0.681511], [35.253527, -0.681695], [35.2538, -0.681558], [35.254255, -0.680777], [35.254846, -0.679882], [35.255369, -0.679859], [35.255756, -0.681513], [35.255984, -0.682042], [35.256621, -0.681881], [35.257007, -0.681836], [35.257235, -0.681262], [35.257235, -0.680779], [35.257758, -0.680826], [35.258167, -0.680642], [35.258531, -0.680826], [35.258895, -0.680735], [35.258963, -0.680253], [35.259236, -0.679862], [35.259236, -0.679426], [35.259418, -0.678461], [35.2606, -0.6769], [35.261601, -0.675822], [35.262852, -0.674743], [35.263534, -0.674629], [35.264034, -0.674744], [35.26458, -0.674837], [35.265172, -0.674561], [35.265285, -0.67424], [35.264671, -0.674102], [35.264353, -0.673275], [35.264534, -0.67254], [35.265057, -0.671828], [35.265103, -0.672954], [35.26549, -0.672954], [35.265922, -0.67238], [35.266217, -0.671255], [35.266536, -0.670291], [35.267036, -0.669625], [35.267377, -0.670705], [35.267764, -0.671026], [35.268151, -0.671142], [35.268469, -0.67066], [35.268241, -0.669557], [35.267718, -0.669051], [35.267195, -0.66889], [35.267036, -0.668568], [35.267627, -0.668178], [35.268673, -0.668317], [35.269401, -0.668639], [35.269606, -0.668111], [35.270106, -0.667629], [35.270197, -0.66717], [35.269742, -0.666871], [35.269969, -0.666205], [35.271084, -0.665241], [35.272425, -0.663635], [35.273608, -0.662487], [35.274745, -0.661432], [35.274904, -0.660375], [35.275245, -0.660467], [35.27595, -0.66033], [35.276701, -0.659825], [35.276337, -0.658791], [35.276291, -0.657666], [35.277132, -0.657047], [35.277587, -0.657093], [35.277792, -0.657644], [35.278065, -0.65854], [35.278452, -0.658931], [35.278793, -0.658449], [35.279112, -0.658219], [35.279658, -0.658817], [35.280158, -0.658174], [35.280522, -0.657646], [35.281136, -0.657532], [35.280954, -0.657004], [35.2815, -0.656706], [35.282, -0.657326], [35.282364, -0.657579], [35.283137, -0.657006], [35.283911, -0.656799], [35.284206, -0.655996], [35.284593, -0.655123], [35.285684, -0.654045], [35.285252, -0.6537], [35.28507, -0.653171], [35.28582, -0.652828], [35.286275, -0.652828], [35.287071, -0.652392], [35.287799, -0.652347], [35.288686, -0.652049], [35.289073, -0.651131], [35.289664, -0.650143], [35.290596, -0.649685], [35.291756, -0.64964], [35.292302, -0.649388], [35.293257, -0.648309], [35.29535, -0.648747], [35.295737, -0.649161], [35.296101, -0.649919], [35.296351, -0.65031], [35.296806, -0.649989], [35.297283, -0.649323], [35.298102, -0.64806], [35.298557, -0.648405], [35.299012, -0.649232], [35.3, -0.6492524413793103]], [[35.085038, -0.61631], [35.085649, -0.616774], [35.085144, -0.617622], [35.084278, -0.617961], [35.082956, -0.618459], [35.082224, -0.619099], [35.082996, -0.619356], [35.083655, -0.619452], [35.084175, -0.620122], [35.084422, -0.620722], [35.085284, -0.621095], [35.086466, -0.621309], [35.087466, -0.621453], [35.087827, -0.621847], [35.087984, -0.622353], [35.087526, -0.622926], [35.086952, -0.623934], [35.08672, -0.62476], [35.086602, -0.625427], [35.086075, -0.626228], [35.085524, -0.627076], [35.08511, -0.627947], [35.084764, -0.628796], [35.0846, -0.6296], [35.084142, -0.630218], [35.083141, -0.630235], [35.082639, -0.630531], [35.082199, -0.631908], [35.082105, -0.632482], [35.081468, -0.632593], [35.081055, -0.633143], [35.082053, -0.633678], [35.082665, -0.634118], [35.082684, -0.634762], [35.082497, -0.635727], [35.082926, -0.636213], [35.083356, -0.636583], [35.082808, -0.637063], [35.082012, -0.636966], [35.081538, -0.636296], [35.080448, -0.635945], [35.079784, -0.636745], [35.080348, -0.637623], [35.081142, -0.638088], [35.082253, -0.638623], [35.083388, -0.639113], [35.08359, -0.639597], [35.082786, -0.641041], [35.082598, -0.642029], [35.082117, -0.64267], [35.081482, -0.64239], [35.081, -0.643146], [35.081201, -0.643791], [35.081266, -0.644482], [35.080646, -0.645398], [35.080232, -0.646292], [35.080594, -0.646593], [35.081117, -0.646711], [35.080726, -0.647514], [35.080084, -0.648407], [35.080056, -0.649281], [35.080578, -0.649537], [35.081331, -0.649058], [35.082262, -0.649363], [35.082556, -0.649664], [35.082393, -0.650468], [35.082344, -0.651042], [35.082295, -0.651709], [35.081746, -0.652189], [35.080681, -0.651515], [35.079299, -0.650449], [35.078712, -0.649801], [35.078, -0.651016], [35.078018, -0.651913], [35.078787, -0.652607], [35.079305, -0.653623], [35.079732, -0.654568], [35.079183, -0.655094], [35.078724, -0.655735], [35.078538, -0.656584], [35.078873, -0.657667], [35.079006, -0.658381], [35.079345, -0.658797], [35.079889, -0.658984], [35.080205, -0.659423], [35.079951, -0.660112], [35.080221, -0.660665], [35.080671, -0.661611], [35.080349, -0.662345], [35.080411, -0.663472], [35.081798, -0.663458], [35.083177, -0.665076], [35.084238, -0.666554], [35.084369, -0.667406], [35.0835, -0.668412], [35.083041, -0.669053], [35.083377, -0.670021], [35.08392, -0.670646], [35.085515, -0.67008], [35.086515, -0.67027], [35.087539, -0.670093], [35.088772, -0.669341], [35.089346, -0.668356], [35.089999, -0.669418], [35.090338, -0.669949], [35.090941, -0.671884], [35.091321, -0.673082], [35.091861, -0.674167], [35.092844, -0.673345], [35.093594, -0.673441], [35.094824, -0.673081], [35.09676, -0.672679], [35.098536, -0.67223], [35.099103, -0.672647], [35.099259, -0.673223], [35.098961, -0.673681], [35.098095, -0.673837], [35.097498, -0.674891], [35.098087, -0.675446], [35.099427, -0.675754], [35.100634, -0.675416], [35.101543, -0.675582], [35.101717, -0.677032], [35.102715, -0.677544], [35.102256, -0.678346], [35.100459, -0.678404], [35.099137, -0.678764], [35.098111, -0.679287], [35.097902, -0.680068], [35.097943, -0.68085], [35.097801, -0.68193], [35.096818, -0.682821], [35.095219, -0.684007], [35.094554, -0.685038], [35.095319, -0.68656], [35.095909, -0.686794], [35.096156, -0.687462], [35.097174, -0.688411], [35.098261, -0.689246], [35.098646, -0.689639], [35.097347, -0.690068], [35.095891, -0.690174], [35.095366, -0.69047], [35.094568, -0.690833], [35.093101, -0.692825], [35.092436, -0.693833], [35.092408, -0.694683], [35.093268, -0.695516], [35.093494, -0.695817], [35.094608, -0.696007], [35.096154, -0.696109], [35.097264, -0.696875], [35.097373, -0.697841], [35.097664, -0.698533], [35.097936, -0.69881], [35.097591, -0.699475], [35.097475, -0.699957], [35.098634, -0.700171], [35.099015, -0.701117], [35.099828, -0.702202], [35.100441, -0.70239], [35.101444, -0.701936], [35.102124, -0.7024], [35.103123, -0.702751], [35.104192, -0.702827], [35.104301, -0.703724], [35.104915, -0.703705], [35.105261, -0.702787], [35.105402, -0.701891], [35.106339, -0.701092], [35.107342, -0.700661], [35.108458, -0.700461], [35.110417, -0.699967], [35.111102, -0.699373], [35.11156, -0.698939], [35.112265, -0.698897], [35.113335, -0.698697], [35.114429, -0.69829], [35.115932, -0.697954], [35.116933, -0.697891], [35.117158, -0.698513], [35.118455, -0.698337], [35.119799, -0.698046], [35.12087, -0.697593], [35.121781, -0.697323], [35.12221, -0.697877], [35.122935, -0.698502], [35.123682, -0.699151], [35.124387, -0.699086], [35.123324, -0.698022], [35.123782, -0.697427], [35.124446, -0.696787], [35.124769, -0.695938], [35.126065, -0.6959], [35.126038, -0.696681], [35.126011, -0.697486], [35.126145, -0.697901], [35.127055, -0.697975], [35.127765, -0.69706], [35.128769, -0.696514], [35.129425, -0.697116], [35.129895, -0.698522], [35.130641, -0.699308], [35.131368, -0.69945], [35.131079, -0.698276], [35.131901, -0.697752], [35.133312, -0.6976], [35.134356, -0.69802], [35.134622, -0.699194], [35.133572, -0.699901], [35.133158, -0.700841], [35.133991, -0.702249], [35.134739, -0.702713], [35.135586, -0.701891], [35.136723, -0.701897], [35.137449, -0.702109], [35.136331, -0.702792], [35.137239, -0.703234], [35.138141, -0.704528], [35.138984, -0.704303], [35.139553, -0.704237], [35.140369, -0.704748], [35.140987, -0.704154], [35.141242, -0.70319], [35.141787, -0.703285], [35.141784, -0.703906], [35.142239, -0.703909], [35.141914, -0.705011], [35.141589, -0.706365], [35.14227, -0.706599], [35.143936, -0.70546], [35.144985, -0.705075], [35.146802, -0.705408], [35.147548, -0.706241], [35.148908, -0.707215], [35.149773, -0.70699], [35.150409, -0.707155], [35.151452, -0.707759], [35.151838, -0.708014], [35.152659, -0.707582], [35.153459, -0.706897], [35.154006, -0.706556], [35.154414, -0.706949], [35.155187, -0.707], [35.156077, -0.706338], [35.156688, -0.707032], [35.157503, -0.707727], [35.15686, -0.708827], [35.157267, -0.709266], [35.158178, -0.708949], [35.158376, -0.710216], [35.159918, -0.711122], [35.161032, -0.71122], [35.161621, -0.711615], [35.162095, -0.712239], [35.160998, -0.713336], [35.160813, -0.713772], [35.16154, -0.714006], [35.159943, -0.714824], [35.160187, -0.716021], [35.160042, -0.717492], [35.159925, -0.718089], [35.16129, -0.718121], [35.162542, -0.717921], [35.163336, -0.718363], [35.162238, -0.719483], [35.161958, -0.720677], [35.162452, -0.721876], [35.163248, -0.721904], [35.163798, -0.721125], [35.164572, -0.72113], [35.165094, -0.721294], [35.164315, -0.722278], [35.162833, -0.722982], [35.161764, -0.723045], [35.161986, -0.723943], [35.165514, -0.723435], [35.166202, -0.72252], [35.166838, -0.722685], [35.166947, -0.723513], [35.168496, -0.72304], [35.169273, -0.722377], [35.169643, -0.721184], [35.170989, -0.720479], [35.170974, -0.719076], [35.171571, -0.717999], [35.172089, -0.718922], [35.174451, -0.719626], [35.175403, -0.720299], [35.174444, -0.720891], [35.174577, -0.721559], [35.175943, -0.721291], [35.177262, -0.721299], [35.179745, -0.720693], [35.181339, -0.720358], [35.182614, -0.719974], [35.182339, -0.720479], [35.181924, -0.721488], [35.1811, -0.722403], [35.181623, -0.722521], [35.182627, -0.721929], [35.183699, -0.721223], [35.185036, -0.722266], [35.185687, -0.723856], [35.18616, -0.72471], [35.186315, -0.725447], [35.186537, -0.726414], [35.188401, -0.726655], [35.188927, -0.725991], [35.188934, -0.724865], [35.189505, -0.724408], [35.190371, -0.723931], [35.191676, -0.72249], [35.192179, -0.721964], [35.191273, -0.721338], [35.190164, -0.72025], [35.191145, -0.719658], [35.192376, -0.719229], [35.192838, -0.717875], [35.192908, -0.717576], [35.193998, -0.717905], [35.194638, -0.71738], [35.194574, -0.716551], [35.195169, -0.715911], [35.195967, -0.715571], [35.196337, -0.714401], [35.197612, -0.714132], [35.19813, -0.715078], [35.199267, -0.715154]], [[35.199267, -0.715154], [35.199791, -0.714411], [35.200182, -0.713955], [35.199191, -0.712866], [35.198834, -0.712128], [35.199362, -0.711581], [35.199863, -0.711563], [35.200221, -0.712163], [35.20042, -0.712762], [35.201129, -0.712355], [35.201567, -0.711808], [35.200849, -0.710791], [35.200517, -0.709731], [35.200793, -0.709412], [35.201109, -0.709736], [35.20267, -0.708234], [35.203637, -0.70698], [35.203278, -0.706517], [35.203443, -0.705875], [35.205039, -0.705499], [35.206094, -0.704659], [35.206533, -0.703882], [35.207604, -0.703754], [35.207343, -0.702442], [35.20726, -0.701637], [35.207648, -0.70148], [35.20805, -0.702288], [35.208537, -0.703716], [35.209077, -0.704319], [35.209692, -0.704187], [35.209789, -0.703636], [35.209001, -0.702756], [35.20921, -0.702275], [35.209913, -0.702489], [35.211045, -0.703096], [35.211703, -0.70324], [35.212572, -0.702858], [35.213639, -0.703097], [35.214206, -0.70324], [35.214589, -0.703635], [35.216047, -0.703372], [35.216664, -0.703125], [35.217111, -0.703934], [35.217812, -0.7044], [35.218953, -0.704043], [35.219918, -0.703087], [35.22067, -0.702887], [35.220997, -0.704406], [35.221854, -0.705241], [35.222442, -0.705568], [35.22341, -0.704199], [35.224375, -0.703289], [35.223971, -0.702664], [35.223407, -0.702177], [35.222593, -0.701641], [35.222851, -0.700862], [35.223802, -0.701307], [35.224819, -0.702006], [35.225756, -0.701578], [35.226745, -0.700416], [35.226097, -0.699215], [35.226129, -0.698158], [35.227109, -0.698053], [35.227554, -0.699114], [35.227933, -0.699898], [35.228382, -0.700546], [35.229517, -0.700786], [35.230567, -0.700382], [35.230276, -0.699897], [35.229017, -0.698346], [35.2311, -0.696987], [35.230819, -0.695376], [35.231115, -0.695425], [35.23168, -0.695797], [35.231937, -0.695088], [35.232125, -0.694423], [35.231637, -0.693155], [35.231603, -0.691914], [35.23197, -0.691619], [35.232327, -0.692357], [35.233003, -0.692984], [35.233416, -0.692666], [35.232966, -0.692087], [35.233635, -0.691083], [35.234498, -0.691275], [35.234786, -0.692127], [35.234438, -0.692859], [35.234569, -0.693435], [35.235, -0.693508], [35.235495, -0.694064], [35.236606, -0.69451], [35.237787, -0.694705], [35.238333, -0.694687], [35.23861, -0.69423], [35.239409, -0.694031], [35.239823, -0.69346], [35.240765, -0.692573], [35.241202, -0.69198], [35.242145, -0.690978], [35.242904, -0.690112], [35.243585, -0.690187], [35.244103, -0.690789], [35.244032, -0.691087], [35.243641, -0.691474], [35.243703, -0.692141], [35.244269, -0.692422], [35.244821, -0.691807], [35.245238, -0.690983], [35.245632, -0.690275], [35.246248, -0.690051], [35.246592, -0.689778], [35.246922, -0.688541], [35.248081, -0.688643], [35.248475, -0.687935], [35.249276, -0.68746], [35.250256, -0.687193], [35.250444, -0.686574], [35.249905, -0.685834], [35.250366, -0.685]], [[35.085038, -0.61631], [35.084312, -0.615013], [35.084155, -0.614323], [35.084591, -0.61274], [35.085572, -0.611181], [35.085575, -0.610469], [35.085667, -0.609849], [35.086374, -0.608933], [35.0869, -0.607741], [35.087131, -0.606547], [35.086906, -0.605742], [35.085976, -0.605278], [35.084726, -0.605434], [35.082774, -0.60446], [35.082003, -0.603974], [35.081596, -0.603168], [35.081554, -0.602272], [35.081147, -0.601489], [35.080945, -0.600592], [35.081996, -0.598598], [35.082135, -0.597633], [35.082976, -0.597453], [35.083726, -0.597525], [35.084568, -0.597092], [35.085116, -0.596245], [35.084958, -0.595853], [35.083912, -0.595918], [35.082663, -0.59582], [35.081961, -0.595105], [35.081078, -0.593998], [35.081306, -0.593586], [35.082261, -0.593383], [35.082421, -0.592878], [35.08306, -0.592077], [35.083879, -0.591828], [35.085105, -0.591925], [35.085743, -0.591514], [35.085882, -0.590504], [35.086044, -0.589356], [35.08632, -0.588415], [35.086344, -0.588093], [35.086003, -0.587908], [35.085209, -0.587652], [35.08471, -0.587328], [35.084962, -0.586525], [35.085031, -0.586226], [35.084238, -0.585534], [35.0844, -0.584317], [35.084086, -0.583028], [35.084021, -0.581879], [35.082682, -0.581506], [35.081934, -0.580721], [35.082301, -0.579597], [35.082872, -0.578497], [35.08308, -0.577487], [35.083513, -0.576914], [35.083697, -0.576134], [35.083315, -0.57457], [35.08293, -0.5742], [35.082249, -0.574128], [35.081616, -0.572862], [35.081415, -0.571551], [35.08026, -0.570443], [35.079647, -0.570234], [35.079156, -0.56713], [35.079748, -0.566765], [35.079796, -0.5658], [35.079116, -0.565407], [35.078705, -0.565956], [35.077999, -0.566528], [35.077388, -0.565675], [35.075913, -0.564864], [35.075437, -0.564379], [35.075805, -0.56314], [35.076218, -0.561764], [35.076676, -0.560295], [35.076111, -0.559236], [35.075389, -0.557762], [35.075618, -0.556959], [35.07637, -0.556411], [35.076374, -0.554963], [35.076469, -0.553401], [35.076677, -0.552322], [35.076043, -0.551653], [35.075612, -0.551444], [35.075728, -0.55048], [35.076094, -0.549677], [35.07664, -0.549312], [35.077549, -0.549408], [35.078595, -0.549206], [35.079301, -0.548703], [35.080027, -0.548936], [35.080324, -0.548478], [35.080372, -0.547536], [35.079988, -0.546638], [35.079583, -0.545511], [35.079632, -0.54427], [35.080133, -0.54379], [35.080634, -0.543287], [35.080637, -0.542505], [35.079844, -0.541721], [35.079121, -0.540316], [35.078304, -0.539784], [35.078058, -0.538427], [35.078968, -0.538132], [35.079514, -0.537744], [35.079337, -0.536342], [35.078842, -0.534731], [35.078391, -0.533397], [35.079052, -0.532526], [35.080119, -0.533014], [35.080821, -0.53366], [35.081686, -0.533388], [35.082051, -0.532815], [35.082484, -0.532358], [35.083873, -0.531537], [35.084398, -0.53062], [35.084243, -0.529309], [35.083381, -0.528754], [35.083155, -0.52834], [35.083678, -0.527951], [35.084612, -0.52745], [35.084613, -0.526876], [35.084342, -0.526346], [35.084663, -0.525267], [35.084187, -0.525105], [35.083255, -0.525078], [35.082234, -0.524568], [35.082079, -0.523303], [35.081127, -0.522518], [35.081402, -0.52183], [35.081858, -0.521303], [35.083063, -0.521056], [35.08361, -0.520323], [35.082318, -0.519329], [35.081071, -0.518451], [35.08071, -0.517576], [35.080463, -0.51661]], [[35.053477, -0.498978], [35.054516, -0.500343], [35.055741, -0.501152], [35.055466, -0.502001], [35.053988, -0.50204], [35.054621, -0.503123], [35.055733, -0.503771], [35.056663, -0.504442], [35.057274, -0.505088], [35.058023, -0.505505], [35.059136, -0.505648], [35.06009, -0.505721], [35.060749, -0.505724], [35.061499, -0.505589], [35.063225, -0.505827], [35.0642, -0.506474], [35.065447, -0.507583], [35.066171, -0.508758], [35.067965, -0.509041], [35.069464, -0.509094], [35.071079, -0.508802], [35.072442, -0.508716], [35.073192, -0.508674], [35.073646, -0.50902], [35.073942, -0.508631], [35.073808, -0.507895], [35.07413, -0.506656], [35.075175, -0.506454], [35.076424, -0.506965], [35.077424, -0.506877], [35.078196, -0.507133], [35.078534, -0.507755], [35.078351, -0.50849], [35.078031, -0.508856], [35.077917, -0.508993], [35.078893, -0.509457], [35.078959, -0.510307], [35.079162, -0.510814], [35.080523, -0.51144], [35.080952, -0.512361], [35.081268, -0.513213], [35.081266, -0.513879], [35.080537, -0.514611], [35.080307, -0.515483], [35.080463, -0.51661]]]}}, {"type": "Feature", "properties": {"name": "Suwo", "length_km": 89.443, "dist_to_gulf_km": 26.201, "n_segments": 2}, "geometry": {"type": "MultiLineString", "coordinates": [[[34.006664, 0.236928], [34.007716, 0.238444], [34.008219, 0.239592], [34.009111, 0.24058], [34.009592, 0.241292], [34.010187, 0.242073], [34.010782, 0.243336], [34.011286, 0.245036], [34.012064, 0.2463], [34.01291, 0.246943], [34.013618, 0.247126], [34.014007, 0.247861], [34.013734, 0.249309], [34.013438, 0.249975], [34.014055, 0.250251], [34.015289, 0.251008]], [[34.068436, 0.326694], [34.069262, 0.326535], [34.070312, 0.326095], [34.070587, 0.326716], [34.070771, 0.327084], [34.071158, 0.326599], [34.07189, 0.326598], [34.072416, 0.327034], [34.072828, 0.327102], [34.073058, 0.327677], [34.073402, 0.328252], [34.073244, 0.328989], [34.073314, 0.32961], [34.073588, 0.329748], [34.074067, 0.329493], [34.074387, 0.32947], [34.074502, 0.3297], [34.074114, 0.329931], [34.074139, 0.330644], [34.074712, 0.331218], [34.074779, 0.33062], [34.075234, 0.329928], [34.075599, 0.329858], [34.075282, 0.330895], [34.075579, 0.331124], [34.075876, 0.330939], [34.07631, 0.331054], [34.077408, 0.331373], [34.078255, 0.331878], [34.078347, 0.332361], [34.078645, 0.332568], [34.080038, 0.332265], [34.08054, 0.332241], [34.080746, 0.332402], [34.080473, 0.33284], [34.080452, 0.333392], [34.080362, 0.333922], [34.081047, 0.333874], [34.081503, 0.333505], [34.081596, 0.334034], [34.081301, 0.334979], [34.080731, 0.335187], [34.079979, 0.335972], [34.080071, 0.336501], [34.080187, 0.337168], [34.080575, 0.336914], [34.080985, 0.336315], [34.081465, 0.33629], [34.081671, 0.336842], [34.080988, 0.337512], [34.080989, 0.33788], [34.081378, 0.338201], [34.082383, 0.338084], [34.08268, 0.337945], [34.083319, 0.337621], [34.084164, 0.33755], [34.084211, 0.338149], [34.08387, 0.338863], [34.084077, 0.339484], [34.084741, 0.339874], [34.085108, 0.340357], [34.085086, 0.340771], [34.085565, 0.340563], [34.086068, 0.340516], [34.086571, 0.340722], [34.086937, 0.340974], [34.086802, 0.341803], [34.087832, 0.342353], [34.08941, 0.343178], [34.090462, 0.34359], [34.090806, 0.344096], [34.09051, 0.344281], [34.090075, 0.344121], [34.089412, 0.344076], [34.089551, 0.344582], [34.089712, 0.344996], [34.090283, 0.345225], [34.090399, 0.345823], [34.090902, 0.345845], [34.091198, 0.345453], [34.091655, 0.345613], [34.091451, 0.346304], [34.091155, 0.346604], [34.091636, 0.347017], [34.091864, 0.346741], [34.092343, 0.346348], [34.092641, 0.346785], [34.093372, 0.346921], [34.093875, 0.347035], [34.093831, 0.347703], [34.093947, 0.348485], [34.093744, 0.349269], [34.094475, 0.349313], [34.095344, 0.349472], [34.095274, 0.34915], [34.095022, 0.348621], [34.094541, 0.348162], [34.095066, 0.348138], [34.096668, 0.349055], [34.097583, 0.349582], [34.098567, 0.350316], [34.098866, 0.350822], [34.098456, 0.351422], [34.099006, 0.352065], [34.098871, 0.353032], [34.098504, 0.352481], [34.09814, 0.352965], [34.098075, 0.354438], [34.097689, 0.355452], [34.097119, 0.356006], [34.098833, 0.356117], [34.098744, 0.356808], [34.098084, 0.357868], [34.098656, 0.358465], [34.098932, 0.359063], [34.099459, 0.35973], [34.099964, 0.36058], [34.100605, 0.361039], [34.101109, 0.361706], [34.101614, 0.362441], [34.101843, 0.362763], [34.10205, 0.363384], [34.101892, 0.364029], [34.10251, 0.364304], [34.103218, 0.36444], [34.103492, 0.364301], [34.103125, 0.363888], [34.10317, 0.363519], [34.103467, 0.363312], [34.10381, 0.363426], [34.104015, 0.363264], [34.104059, 0.362735], [34.104676, 0.362526], [34.104563, 0.363079], [34.104746, 0.363378], [34.105043, 0.363262], [34.105364, 0.363583], [34.105752, 0.363559], [34.105957, 0.36303], [34.106435, 0.362453], [34.106868, 0.361946], [34.106684, 0.361463], [34.106569, 0.361094], [34.107025, 0.361001], [34.107184, 0.360702], [34.107229, 0.360126], [34.107572, 0.36024], [34.108373, 0.360929], [34.10883, 0.360928], [34.109333, 0.360881], [34.109402, 0.361249], [34.1097, 0.36141], [34.110065, 0.361248], [34.110246, 0.360833], [34.110589, 0.360579], [34.110612, 0.360947], [34.111025, 0.361337], [34.111344, 0.36106], [34.111527, 0.361129], [34.110934, 0.361798], [34.111782, 0.362602], [34.112126, 0.363061], [34.113953, 0.362873], [34.114799, 0.363078], [34.115256, 0.363307], [34.116378, 0.363972], [34.117522, 0.364776], [34.118322, 0.364958], [34.118298, 0.364198], [34.1188, 0.364243], [34.119258, 0.364426], [34.12008, 0.364171], [34.120741, 0.363755], [34.120191, 0.363043], [34.121059, 0.362949], [34.121538, 0.362787], [34.12176588864801, 0.36270981727541896]], [[34.12176588864801, 0.36270981727541896], [34.122223, 0.362555], [34.122611, 0.36237], [34.122795, 0.362646], [34.123274, 0.362276], [34.123752, 0.361884], [34.125445, 0.362777], [34.126427, 0.362614], [34.126794, 0.362867], [34.127226, 0.362129], [34.127818, 0.361276], [34.128547, 0.360699], [34.129049, 0.360398], [34.129736, 0.360765], [34.130194, 0.361132], [34.130036, 0.362099], [34.12997, 0.362882], [34.131229, 0.363915], [34.131573, 0.364605], [34.132648, 0.364994], [34.133154, 0.36619], [34.133247, 0.366995], [34.133271, 0.367317], [34.13366, 0.367777], [34.133502, 0.368422], [34.133595, 0.369066], [34.133597, 0.369642], [34.133438, 0.370148], [34.133645, 0.370608], [34.134375, 0.370284], [34.134994, 0.371043], [34.134995, 0.371595], [34.135567, 0.371801], [34.135432, 0.372423], [34.135706, 0.372675], [34.136369, 0.372628], [34.137078, 0.372856], [34.137308, 0.373754], [34.137265, 0.374652], [34.13674, 0.375021], [34.137038, 0.375343], [34.13761, 0.375571], [34.137749, 0.376285], [34.137338, 0.376447], [34.137499, 0.377045], [34.137661, 0.377827], [34.138507, 0.378102], [34.139262, 0.378399], [34.139651, 0.378743], [34.139859, 0.379503], [34.140203, 0.380192], [34.140867, 0.380536], [34.141484, 0.380581], [34.141828, 0.381017], [34.141464, 0.381732], [34.141146, 0.382561], [34.12176588864801, 0.36270981727541896]], [[34.12176588864801, 0.36270981727541896], [34.04152955888466, 0.28052318715998714]], [[34.04152955888466, 0.28052318715998714], [34.033975, 0.272785], [34.034146, 0.272632], [34.034558, 0.272815], [34.035266, 0.272491], [34.03545, 0.273043], [34.035108, 0.273666], [34.035521, 0.274079], [34.035726, 0.274078], [34.035772, 0.273848], [34.036252, 0.273985], [34.037098, 0.274329], [34.037691, 0.274005], [34.037897, 0.273935], [34.038263, 0.274188], [34.038241, 0.274556], [34.037397, 0.274973], [34.037261, 0.27541], [34.037695, 0.275455], [34.038015, 0.275547], [34.037742, 0.275846], [34.037858, 0.276629], [34.038362, 0.277111], [34.038704, 0.276811], [34.038885, 0.276258], [34.039227, 0.276165], [34.039389, 0.276672], [34.039161, 0.277086], [34.039572, 0.276924], [34.039755, 0.277154], [34.040076, 0.277499], [34.040419, 0.277567], [34.040649, 0.277981], [34.040947, 0.278441], [34.041291, 0.278992], [34.041154, 0.279292], [34.04127, 0.279591], [34.041749, 0.279636], [34.04182, 0.280257], [34.04152955888466, 0.28052318715998714]], [[34.04152955888466, 0.28052318715998714], [34.041341, 0.280696], [34.041068, 0.281157], [34.040337, 0.28125], [34.039995, 0.281781], [34.039928, 0.282241], [34.039677, 0.282564], [34.039106, 0.282611], [34.03885274598517, 0.2829660689734961]], [[34.03885274598517, 0.2829660689734961], [34.03881, 0.283026], [34.03888, 0.283579], [34.039338, 0.284038], [34.039752, 0.284843], [34.03998842490599, 0.284897130954907]], [[34.03998842490599, 0.284897130954907], [34.040049, 0.284911], [34.040138, 0.284059], [34.040297, 0.283737], [34.040777, 0.283759], [34.041074, 0.283827], [34.040688, 0.284496], [34.040346, 0.285072], [34.040667, 0.285555], [34.0405435664275, 0.2858410708897165]], [[34.0405435664275, 0.2858410708897165], [34.040349, 0.286292], [34.03994, 0.287006], [34.039873, 0.287467], [34.039597421045684, 0.28800433576672885]], [[34.039597421045684, 0.28800433576672885], [34.039554, 0.288089], [34.039441, 0.288711], [34.039899, 0.288894], [34.04007135464743, 0.2886325253885291]], [[34.04007135464743, 0.2886325253885291], [34.040309, 0.288272], [34.040628, 0.288179], [34.040584, 0.28857], [34.041064, 0.2888], [34.041658, 0.288729], [34.042482, 0.289395], [34.042849, 0.289946], [34.042187, 0.290063], [34.041571, 0.290456], [34.04151916952603, 0.29055157539399273]], [[34.04151916952603, 0.29055157539399273], [34.041321, 0.290917], [34.041527, 0.291055], [34.04194808338218, 0.291120092232813]], [[34.04194808338218, 0.291120092232813], [34.042258, 0.291168], [34.04208509071577, 0.29130169274553624]], [[34.04208509071577, 0.29130169274553624], [34.04187, 0.291468], [34.041391, 0.291837], [34.040453, 0.291333], [34.04016001257362, 0.291340099415737]], [[34.04016001257362, 0.291340099415737], [34.04010857019597, 0.29134134592255806]], [[34.04010857019597, 0.29134134592255806], [34.03938, 0.291359], [34.039175, 0.291704], [34.039565, 0.292371], [34.040181, 0.292209], [34.040478, 0.292231], [34.040526, 0.293083], [34.04096, 0.293105], [34.04110329575587, 0.2929919883987228]], [[34.04110329575587, 0.2929919883987228], [34.041154, 0.292952], [34.04016001257362, 0.291340099415737]], [[34.04016001257362, 0.291340099415737], [34.03786534904704, 0.28761895628953693]], [[34.03786534904704, 0.28761895628953693], [34.03141485249273, 0.2771585028786081]], [[34.03141485249273, 0.2771585028786081], [34.02137315788036, 0.26087437997810536]], [[34.02137315788036, 0.26087437997810536], [34.01735057312126, 0.2543511518653831]], [[34.01735057312126, 0.2543511518653831], [34.015289, 0.251008]], [[34.015289, 0.251008], [34.015564, 0.251587], [34.015542, 0.252093], [34.015589, 0.252439], [34.015727, 0.253037], [34.015957, 0.253497], [34.016301, 0.253887], [34.016873, 0.254185], [34.01735057312126, 0.2543511518653831]], [[34.01735057312126, 0.2543511518653831], [34.017399, 0.254368], [34.017971, 0.25462], [34.018291, 0.254827], [34.018839, 0.254779], [34.019251, 0.254824], [34.019434, 0.255077], [34.019458, 0.255745], [34.02003, 0.255905], [34.020762, 0.256248], [34.021562, 0.2565], [34.021975, 0.256867], [34.022113, 0.257581], [34.022091, 0.257926], [34.021727, 0.258387], [34.021683, 0.259101], [34.021684, 0.259561], [34.021525, 0.259953], [34.022074, 0.259952], [34.022006, 0.260366], [34.02137315788036, 0.26087437997810536]], [[34.02137315788036, 0.26087437997810536], [34.021345, 0.260897], [34.020957, 0.261312], [34.021004, 0.261727], [34.02153, 0.261933], [34.021828, 0.262162], [34.021486, 0.262554], [34.020779, 0.262878], [34.020895, 0.263638], [34.021878, 0.263866], [34.022313, 0.264187], [34.023021, 0.264254], [34.023296, 0.264576], [34.023069, 0.265083], [34.022887, 0.26536], [34.023344, 0.265336], [34.023437, 0.265957], [34.023598, 0.266417], [34.024078, 0.266531], [34.024307, 0.266899], [34.024057, 0.267199], [34.02424, 0.267567], [34.024104, 0.267935], [34.023853, 0.268143], [34.023831, 0.268396], [34.024357, 0.268671], [34.024267, 0.26904], [34.023949, 0.269708], [34.023539, 0.270492], [34.024226, 0.270997], [34.024591, 0.270582], [34.025046, 0.270097], [34.025297, 0.269797], [34.02555, 0.270395], [34.02514, 0.271087], [34.025256, 0.271593], [34.025896, 0.271776], [34.026238, 0.271637], [34.026397, 0.271153], [34.026693, 0.270899], [34.027267, 0.271681], [34.027514, 0.271988], [34.03141485249273, 0.2771585028786081]], [[34.03141485249273, 0.2771585028786081], [34.032143983140166, 0.27812495114048047]], [[34.032143983140166, 0.27812495114048047], [34.039597421045684, 0.28800433576672885]], [[34.039597421045684, 0.28800433576672885], [34.04007135464743, 0.2886325253885291]], [[34.04007135464743, 0.2886325253885291], [34.04151916952603, 0.29055157539399273]], [[34.04151916952603, 0.29055157539399273], [34.04194808338218, 0.291120092232813]], [[34.04194808338218, 0.291120092232813], [34.04208509071577, 0.29130169274553624]], [[34.04208509071577, 0.29130169274553624], [34.04392642852846, 0.2937423496221291]], [[34.04392642852846, 0.2937423496221291], [34.04432016766204, 0.2942642430614258]], [[34.04432016766204, 0.2942642430614258], [34.04446752719525, 0.2944595652101277]], [[34.04446752719525, 0.2944595652101277], [34.049551814343666, 0.3011986873341991]], [[34.049551814343666, 0.3011986873341991], [34.04965947625653, 0.301341391071761]], [[34.04965947625653, 0.301341391071761], [34.05856555417553, 0.31314622132438735]], [[34.05856555417553, 0.31314622132438735], [34.05875037894679, 0.3133912029056185]], [[34.05875037894679, 0.3133912029056185], [34.059009, 0.313734], [34.059245, 0.313689], [34.059793, 0.313688], [34.060365, 0.314055], [34.060504, 0.314607], [34.060001, 0.314562], [34.059751, 0.314977], [34.059661, 0.315737], [34.059434, 0.316152], [34.058954, 0.316153], [34.05875, 0.316775], [34.058751560222156, 0.31680119873027945]], [[34.058751560222156, 0.31680119873027945], [34.05876248756701, 0.3169846870626806]], [[34.05876248756701, 0.3169846870626806], [34.058798, 0.317581], [34.05873953014645, 0.31795044668528194]], [[34.05873953014645, 0.31795044668528194], [34.058685, 0.318295], [34.057959, 0.320345], [34.057756, 0.321151], [34.057391, 0.321636], [34.057621, 0.322233], [34.057486, 0.322993], [34.05735, 0.323569], [34.057146, 0.323984], [34.056621, 0.324285], [34.056256, 0.324677], [34.056486, 0.32516], [34.056876, 0.325596], [34.05731, 0.325733], [34.057607, 0.325571], [34.05804, 0.325202], [34.058338, 0.325616], [34.058408, 0.326214], [34.058705, 0.326283], [34.058956, 0.326029], [34.058794, 0.325316], [34.058907, 0.324878], [34.059342, 0.325084], [34.05973, 0.324922], [34.060027, 0.324921], [34.059937, 0.325497], [34.060257, 0.325496], [34.061034, 0.325403], [34.061582, 0.325401], [34.061583, 0.325977], [34.061517, 0.326691], [34.061745, 0.326782], [34.062018, 0.326068], [34.062316, 0.326505], [34.062751, 0.32678], [34.063436, 0.326778], [34.063686, 0.32634], [34.063838726580975, 0.3263175682834187]], [[34.063838726580975, 0.3263175682834187], [34.064006, 0.326293], [34.064099, 0.326708], [34.064279, 0.32704], [34.063838726580975, 0.3263175682834187]], [[34.063838726580975, 0.3263175682834187], [34.05873953014645, 0.31795044668528194]], [[34.05873953014645, 0.31795044668528194], [34.05695030612129, 0.3150145615557243]], [[34.05695030612129, 0.3150145615557243], [34.05468181578953, 0.31129226242610925]], [[34.05468181578953, 0.31129226242610925], [34.054348853123535, 0.3107459137710186]], [[34.054348853123535, 0.3107459137710186], [34.054345786587966, 0.3107408819829145]], [[34.054345786587966, 0.3107408819829145], [34.05397173167497, 0.31012710626714735]], [[34.05397173167497, 0.31012710626714735], [34.04911761942535, 0.3021621361066565]], [[34.04911761942535, 0.3021621361066565], [34.04496748992053, 0.2953523105467404]], [[34.04496748992053, 0.2953523105467404], [34.044431, 0.294472], [34.04446752719525, 0.2944595652101277]], [[34.04446752719525, 0.2944595652101277], [34.044619, 0.294408], [34.044986, 0.294868], [34.045192, 0.295075], [34.04591379484034, 0.2949723876107904]], [[34.04591379484034, 0.2949723876107904], [34.046015, 0.294958], [34.046632, 0.295094], [34.04693, 0.295393], [34.046726, 0.296015], [34.047274, 0.296129], [34.047798, 0.295391], [34.048323, 0.295252], [34.048142, 0.296035], [34.048623, 0.29654], [34.048853, 0.297138], [34.048579, 0.297323], [34.048284, 0.298037], [34.048399, 0.298405], [34.049015, 0.298059], [34.049495, 0.298058], [34.049908, 0.298425], [34.049978, 0.299161], [34.050049, 0.300059], [34.050164, 0.300588], [34.049708, 0.300981], [34.04956485844626, 0.3011805068175741]], [[34.04956485844626, 0.3011805068175741], [34.049551814343666, 0.3011986873341991]], [[34.049551814343666, 0.3011986873341991], [34.04941079671517, 0.3013952338823395]], [[34.04941079671517, 0.3013952338823395], [34.049162, 0.301742], [34.04911761942535, 0.3021621361066565]], [[34.04911761942535, 0.3021621361066565], [34.049072, 0.302594], [34.048914, 0.303192], [34.049121, 0.30379], [34.04878567172418, 0.30424431572852595]], [[34.04878567172418, 0.30424431572852595], [34.04878, 0.304252], [34.049055, 0.304896], [34.049194, 0.305678], [34.049196, 0.306161], [34.049584, 0.306184], [34.04972877085291, 0.3060888542074972]], [[34.04972877085291, 0.3060888542074972], [34.049972, 0.305929], [34.050132, 0.305998], [34.050247, 0.30632], [34.050111, 0.306781], [34.050476, 0.306527], [34.050842, 0.306779], [34.051027, 0.307446], [34.051437, 0.307169], [34.051665, 0.306962], [34.051736, 0.307859], [34.051372, 0.308436], [34.051143372298526, 0.30885556951809623]], [[34.051143372298526, 0.30885556951809623], [34.051008, 0.309104], [34.050981, 0.309383], [34.04110329575587, 0.2929919883987228]], [[34.04110329575587, 0.2929919883987228], [34.04010857019597, 0.29134134592255806]], [[34.04010857019597, 0.29134134592255806], [34.03786534904704, 0.28761895628953693]], [[34.03786534904704, 0.28761895628953693], [34.032143983140166, 0.27812495114048047]], [[34.032143983140166, 0.27812495114048047], [34.028474, 0.272035], [34.028568, 0.27147], [34.028864, 0.270825], [34.029504, 0.270893], [34.030144, 0.271237], [34.030306, 0.271996], [34.030877, 0.271695], [34.031334, 0.271994], [34.031404, 0.272293], [34.03186, 0.271854], [34.032202, 0.271807], [34.032724, 0.272545], [34.03885274598517, 0.2829660689734961]], [[34.03885274598517, 0.2829660689734961], [34.03998842490599, 0.284897130954907]], [[34.03998842490599, 0.284897130954907], [34.0405435664275, 0.2858410708897165]], [[34.0405435664275, 0.2858410708897165], [34.04591379484034, 0.2949723876107904]], [[34.04591379484034, 0.2949723876107904], [34.04956485844626, 0.3011805068175741]], [[34.04956485844626, 0.3011805068175741], [34.04965947625653, 0.301341391071761]], [[34.04965947625653, 0.301341391071761], [34.05081136324453, 0.3033000125875832]], [[34.05081136324453, 0.3033000125875832], [34.05553409614167, 0.31133035441993934]], [[34.05553409614167, 0.31133035441993934], [34.05583217739039, 0.31183719958208606]], [[34.05583217739039, 0.31183719958208606], [34.058751560222156, 0.31680119873027945]], [[34.058751560222156, 0.31680119873027945], [34.05903141666642, 0.31727705518043087]], [[34.05903141666642, 0.31727705518043087], [34.064749, 0.326999], [34.06499, 0.326821], [34.065629, 0.326681], [34.066452, 0.326748], [34.067251, 0.326631], [34.067744, 0.326749], [34.05903141666642, 0.31727705518043087]], [[34.05903141666642, 0.31727705518043087], [34.05876248756701, 0.3169846870626806]], [[34.05876248756701, 0.3169846870626806], [34.05695030612129, 0.3150145615557243]], [[34.05695030612129, 0.3150145615557243], [34.05263421686899, 0.310322295477015]], [[34.05263421686899, 0.310322295477015], [34.052553, 0.310234], [34.052769, 0.309906], [34.053158, 0.31002], [34.053661, 0.310019], [34.05397173167497, 0.31012710626714735]], [[34.05397173167497, 0.31012710626714735], [34.054187, 0.310202], [34.054345786587966, 0.3107408819829145]], [[34.054345786587966, 0.3107408819829145], [34.054347, 0.310745], [34.054348853123535, 0.3107459137710186]], [[34.054348853123535, 0.3107459137710186], [34.05553409614167, 0.31133035441993934]], [[34.05553409614167, 0.31133035441993934], [34.056158, 0.311638], [34.056544, 0.311693], [34.057047, 0.31206], [34.05751, 0.312632], [34.05583217739039, 0.31183719958208606]], [[34.05583217739039, 0.31183719958208606], [34.05468181578953, 0.31129226242610925]], [[34.05468181578953, 0.31129226242610925], [34.05263421686899, 0.310322295477015]], [[34.05263421686899, 0.310322295477015], [34.05175188907804, 0.30990432846848537]], [[34.05175188907804, 0.30990432846848537], [34.051656488780885, 0.30985913644662644]], [[34.051656488780885, 0.30985913644662644], [34.051253, 0.309668], [34.05147209152879, 0.30949848737320335]], [[34.05147209152879, 0.30949848737320335], [34.051717, 0.309309], [34.051968, 0.309171], [34.051809, 0.309678], [34.05175188907804, 0.30990432846848537]], [[34.05175188907804, 0.30990432846848537], [34.051728, 0.309999], [34.051656488780885, 0.30985913644662644]], [[34.051656488780885, 0.30985913644662644], [34.05147209152879, 0.30949848737320335]], [[34.05147209152879, 0.30949848737320335], [34.051143372298526, 0.30885556951809623]], [[34.051143372298526, 0.30885556951809623], [34.04972877085291, 0.3060888542074972]], [[34.04972877085291, 0.3060888542074972], [34.04878567172418, 0.30424431572852595]], [[34.04878567172418, 0.30424431572852595], [34.043533, 0.293971], [34.043795, 0.293766], [34.04392642852846, 0.2937423496221291]], [[34.04392642852846, 0.2937423496221291], [34.044184, 0.293696], [34.044436, 0.29411], [34.04432016766204, 0.2942642430614258]], [[34.04432016766204, 0.2942642430614258], [34.044243, 0.294367], [34.04496748992053, 0.2953523105467404]], [[34.04496748992053, 0.2953523105467404], [34.04941079671517, 0.3013952338823395]], [[34.04941079671517, 0.3013952338823395], [34.05081136324453, 0.3033000125875832]], [[34.05081136324453, 0.3033000125875832], [34.057865, 0.312893], [34.05826, 0.31284], [34.05856555417553, 0.31314622132438735]], [[34.05856555417553, 0.31314622132438735], [34.058718, 0.313299], [34.05875037894679, 0.3133912029056185]], [[34.05875037894679, 0.3133912029056185], [34.058823, 0.313598]]]}}, {"type": "Feature", "properties": {"name": "Isiukhu", "length_km": 87.245, "dist_to_gulf_km": 26.346, "n_segments": 5}, "geometry": {"type": "MultiLineString", "coordinates": [[[34.750084, 0.259198], [34.750836, 0.258804], [34.751587, 0.258226], [34.752455, 0.258661], [34.753141, 0.259073], [34.753963, 0.259438], [34.755468, 0.259134], [34.756743, 0.258255], [34.757084, 0.257725], [34.756627, 0.257657], [34.756717, 0.257105], [34.75717, 0.255998], [34.757351, 0.255537], [34.758241, 0.255327], [34.758718, 0.254705], [34.758945, 0.254497], [34.758898, 0.254014], [34.75965, 0.253666], [34.759947, 0.253688], [34.759717, 0.253205], [34.759693, 0.252814], [34.760126, 0.252398], [34.760311, 0.253387], [34.7607, 0.253754], [34.760904, 0.253339], [34.761496, 0.252877], [34.762113, 0.253105], [34.763006, 0.25446], [34.764584, 0.255536], [34.765089, 0.256501], [34.765614, 0.256707], [34.766047, 0.256475], [34.766732, 0.256887], [34.767144, 0.257116], [34.767758, 0.256607], [34.768192, 0.256675], [34.768034, 0.257113], [34.767464, 0.257575], [34.767899, 0.257988], [34.767855, 0.258632], [34.767332, 0.258979], [34.767356, 0.259416], [34.768314, 0.259321], [34.768861, 0.259158], [34.769934, 0.259362], [34.77016, 0.258671], [34.771278, 0.258713], [34.771804, 0.259194], [34.772557, 0.259238], [34.773468, 0.258821], [34.77379, 0.259671], [34.773179, 0.261192], [34.77277, 0.261907], [34.772224, 0.262369], [34.772796, 0.262896], [34.773049, 0.26354], [34.773301, 0.263907], [34.773735, 0.264159], [34.773441, 0.265149], [34.773238, 0.265748], [34.77276, 0.266394], [34.773286, 0.26683], [34.774129, 0.266436], [34.774564, 0.266941], [34.774408, 0.268023], [34.774409, 0.268552], [34.775073, 0.269056], [34.775759, 0.26979], [34.775647, 0.270481], [34.775216, 0.271219], [34.77554, 0.272806], [34.775407, 0.274325], [34.775252, 0.275729], [34.775301, 0.276834], [34.77535, 0.278145], [34.775377, 0.279457], [34.775355, 0.279825], [34.775791, 0.280514], [34.776085, 0.279915], [34.776403, 0.2792], [34.776813, 0.27913], [34.77718, 0.279727], [34.777297, 0.280808], [34.776731, 0.282099], [34.776551, 0.282951], [34.776484, 0.283619], [34.776645, 0.284193], [34.777216, 0.284238], [34.778127, 0.283567], [34.778741, 0.28299], [34.779197, 0.282781], [34.778994, 0.283771], [34.77902, 0.284761], [34.779294, 0.284714], [34.779724, 0.283585], [34.780316, 0.283192], [34.781365, 0.283004], [34.782048, 0.28261], [34.782275, 0.28208], [34.782777, 0.28224], [34.78278, 0.283275], [34.782942, 0.283988], [34.783718, 0.284193], [34.784108, 0.28479], [34.783789, 0.285182], [34.782993, 0.285783], [34.782994, 0.286266], [34.783542, 0.286426], [34.784704, 0.285846], [34.785226, 0.28497], [34.785954, 0.284185], [34.786567, 0.283332], [34.786886, 0.282916], [34.787456, 0.282938], [34.78718, 0.282225], [34.787248, 0.281857], [34.787818, 0.281878], [34.788801, 0.282496], [34.789691, 0.282677], [34.790534, 0.282145], [34.791011, 0.281614], [34.791582, 0.281796], [34.7922, 0.282484], [34.792838, 0.281976], [34.793658, 0.281513], [34.794182, 0.281396], [34.794844, 0.281463], [34.79512, 0.282152], [34.796056, 0.282425], [34.796512, 0.282332], [34.796715, 0.281687], [34.796439, 0.280675], [34.79662, 0.280352], [34.797122, 0.280282], [34.797626, 0.280878], [34.798062, 0.281912], [34.798727, 0.282946], [34.799252, 0.282967], [34.79982, 0.282482], [34.801173, 0.284686], [34.801879, 0.284385], [34.802336, 0.284613], [34.802315, 0.285097], [34.802568, 0.285878], [34.803504, 0.286013], [34.803753, 0.285322], [34.803842, 0.2847], [34.804276, 0.284607], [34.804848, 0.285226], [34.80533, 0.28626], [34.805537, 0.286927], [34.805151, 0.287458], [34.804924, 0.28785], [34.80513, 0.288148], [34.805404, 0.288124], [34.805747, 0.288399], [34.805928, 0.287915], [34.80684, 0.287636], [34.807547, 0.287473], [34.808232, 0.287885], [34.80876, 0.288826], [34.809514, 0.289307], [34.810038, 0.289098], [34.810541, 0.289373], [34.810109, 0.289995], [34.811025, 0.291051], [34.811846, 0.290979], [34.812328, 0.291806], [34.812444, 0.292703], [34.812948, 0.293208], [34.813815, 0.293182], [34.814314, 0.292352], [34.814792, 0.292051], [34.815589, 0.291542], [34.816319, 0.291539], [34.816232, 0.292828], [34.816668, 0.293747], [34.817263, 0.29439], [34.81763, 0.295171], [34.818726, 0.29519], [34.819728, 0.294842], [34.820481, 0.294678], [34.819977, 0.294127], [34.819587, 0.293369], [34.820066, 0.293161], [34.820956, 0.29348], [34.821415, 0.294215], [34.821647, 0.295687], [34.821786, 0.296331], [34.822356, 0.296283], [34.822768, 0.296672], [34.823225, 0.297016], [34.823748, 0.296209], [34.824226, 0.29577], [34.825186, 0.296434], [34.825963, 0.297007], [34.826852, 0.296521], [34.826349, 0.296269], [34.825936, 0.295672], [34.826964, 0.29606], [34.827651, 0.296771], [34.827653, 0.297692], [34.828452, 0.297804], [34.829365, 0.297801], [34.829938, 0.298719], [34.83074, 0.299936], [34.831563, 0.300394], [34.832384, 0.300253], [34.833138, 0.300849], [34.833644, 0.302067], [34.834124, 0.302387], [34.834212, 0.301305], [34.834073, 0.300639], [34.833843, 0.299857], [34.834024, 0.299603], [34.834939, 0.300336], [34.835421, 0.301232], [34.836995, 0.301342], [34.837772, 0.301593], [34.838184, 0.302282], [34.838733, 0.302579], [34.838643, 0.303039], [34.838531, 0.303891], [34.83892, 0.30412], [34.839352, 0.303566], [34.839989, 0.30315], [34.842389, 0.304431], [34.843347, 0.304358], [34.843894, 0.304471], [34.844011, 0.305461], [34.844514, 0.305827], [34.844744, 0.306448], [34.844973, 0.3067], [34.845314, 0.30617], [34.845633, 0.305869], [34.846318, 0.306373], [34.846732, 0.307523], [34.847212, 0.307705], [34.847416, 0.307359], [34.847597, 0.306852], [34.848192, 0.307287], [34.848743, 0.30862], [34.849361, 0.309171], [34.850639, 0.309212], [34.85128, 0.310016], [34.852101, 0.309944], [34.852852, 0.309435], [34.853926, 0.309753], [34.854178, 0.310167], [34.854065, 0.310789], [34.854568, 0.310856], [34.855227, 0.310232], [34.856413, 0.310044], [34.857168, 0.310571], [34.85774, 0.311167], [34.858403, 0.311671], [34.859111, 0.311991], [34.859547, 0.312726], [34.860004, 0.313116], [34.860574, 0.312907], [34.860987, 0.313688], [34.861695, 0.314192], [34.862472, 0.314534], [34.863363, 0.314738], [34.864368, 0.315149], [34.865168, 0.315814], [34.865581, 0.316503], [34.865811, 0.317284], [34.866546, 0.318985], [34.866663, 0.319882], [34.86671, 0.32048], [34.867281, 0.320478], [34.868011, 0.320544], [34.868446, 0.321095], [34.869154, 0.321461], [34.87009, 0.321711], [34.870639, 0.321916], [34.871368, 0.321546], [34.8726, 0.321541], [34.873422, 0.321953], [34.873675, 0.322596], [34.874657, 0.322938], [34.875115, 0.323719], [34.875368, 0.324363], [34.875848, 0.324568], [34.876417, 0.324175], [34.876897, 0.324564], [34.877173, 0.325323], [34.877929, 0.326103], [34.87825, 0.326838], [34.878048, 0.327989], [34.877595, 0.329141], [34.877621, 0.330039], [34.87842, 0.330289], [34.878651, 0.331255], [34.879315, 0.331943], [34.879591, 0.332794], [34.880189, 0.334587], [34.880512, 0.335506], [34.881198, 0.336102], [34.881588, 0.336791], [34.882227, 0.336996], [34.882823, 0.337845], [34.883852, 0.338808], [34.885226, 0.340599], [34.886234, 0.341838], [34.887126, 0.342778], [34.88738, 0.343675], [34.887679, 0.344594], [34.88759, 0.345354], [34.88823, 0.345743], [34.88887, 0.345902], [34.888712, 0.346639], [34.888647, 0.347905], [34.888377, 0.349056], [34.888381, 0.350322], [34.88868, 0.351172], [34.889275, 0.351837], [34.890077, 0.353031], [34.890675, 0.354594], [34.890974, 0.35556], [34.891685, 0.356731], [34.892282, 0.357948], [34.893313, 0.359371], [34.894071, 0.361348], [34.895422, 0.362816], [34.896448, 0.362605], [34.898159, 0.362715], [34.898982, 0.36308], [34.899894, 0.363008], [34.901286, 0.363279], [34.901924, 0.363024], [34.902106, 0.362839]], [[34.873582, 0.375777], [34.873975, 0.377404], [34.873975, 0.377819], [34.873517, 0.37844], [34.872945, 0.378623], [34.872762, 0.379222], [34.87283, 0.379682], [34.872646, 0.380304], [34.872622, 0.380833], [34.87301, 0.381317], [34.873443, 0.381917], [34.873785, 0.382193], [34.874562, 0.38224], [34.874812, 0.383139], [34.874789, 0.383346], [34.875359, 0.3836], [34.875954, 0.383462], [34.876639, 0.383371], [34.876981, 0.384177], [34.877459, 0.385007], [34.877847, 0.385399], [34.878075, 0.385906], [34.878417, 0.386044], [34.87892, 0.385561], [34.879285, 0.385838], [34.880265, 0.387843], [34.880584, 0.38835], [34.880993, 0.389732], [34.881106, 0.390446], [34.880649, 0.390744], [34.880625, 0.391182], [34.881264, 0.391597], [34.88188, 0.39215], [34.88229, 0.392773], [34.882403, 0.393786], [34.882265, 0.394661], [34.881555, 0.39542], [34.881143, 0.396156], [34.881851, 0.396456], [34.882444, 0.397102], [34.88267, 0.398161], [34.882509, 0.399381], [34.88247871123363, 0.4]], [[34.64581, 0.251106], [34.646516, 0.250802], [34.647131, 0.250615], [34.647288, 0.249923], [34.647308, 0.249209], [34.647855, 0.249044], [34.648058, 0.24849], [34.648238, 0.24796], [34.648692, 0.247335], [34.648872, 0.246643], [34.649212, 0.246273], [34.649463, 0.246179], [34.650126, 0.246567], [34.650856, 0.24677], [34.651311, 0.24626], [34.651468, 0.245546], [34.651785, 0.245106], [34.651531, 0.244163], [34.650982, 0.243798], [34.651003, 0.243384], [34.651322, 0.243267], [34.651824, 0.243471], [34.652028, 0.243055], [34.651613, 0.241883], [34.651566, 0.241446], [34.652159, 0.241534], [34.652798, 0.241669], [34.652818, 0.240909], [34.652835, 0.239481], [34.652513, 0.238769], [34.652602, 0.238193], [34.653674, 0.238094], [34.654358, 0.237998], [34.655495, 0.237277], [34.65618, 0.237342], [34.656657, 0.237017], [34.656677, 0.236142], [34.657383, 0.235885], [34.659209, 0.236265], [34.660668, 0.236211], [34.660964, 0.235979], [34.661145, 0.235724], [34.664019, 0.235638], [34.664497, 0.235336], [34.665111, 0.235102], [34.665932, 0.235028], [34.666546, 0.234518], [34.666886, 0.234055], [34.667297, 0.234053], [34.668189, 0.234669], [34.668984, 0.233836], [34.669418, 0.233971], [34.669992, 0.234935], [34.670953, 0.235828], [34.671524, 0.236008], [34.6723, 0.23628], [34.67287, 0.236024], [34.673507, 0.235697], [34.673665, 0.235351], [34.673527, 0.234891], [34.673434, 0.234408], [34.674321, 0.233989], [34.675141, 0.233569], [34.676008, 0.233679], [34.676555, 0.233722], [34.676417, 0.23317], [34.67605, 0.232735], [34.676025, 0.23232], [34.676685, 0.231902], [34.677097, 0.232107], [34.677578, 0.232634], [34.677826, 0.231895], [34.677776, 0.230905], [34.677776, 0.230813], [34.678687, 0.230624], [34.67967, 0.23124], [34.680537, 0.231327], [34.681218, 0.230378], [34.682587, 0.230555], [34.683252, 0.23138], [34.683871, 0.232297], [34.684672, 0.233029], [34.685268, 0.233671], [34.685656, 0.233899], [34.686225, 0.23355], [34.687295, 0.233037], [34.687117, 0.234028], [34.686415, 0.235368], [34.686212, 0.235968], [34.686487, 0.23645], [34.688268, 0.236854], [34.687863, 0.23833], [34.688276, 0.238927], [34.688916, 0.239314], [34.689442, 0.239588], [34.691061, 0.239578], [34.691614, 0.241095], [34.692485, 0.241965], [34.693676, 0.243455], [34.694201, 0.243405], [34.694746, 0.242849], [34.695316, 0.242685], [34.695567, 0.24296], [34.695276, 0.244159], [34.695823, 0.244156], [34.696572, 0.243299], [34.697074, 0.243365], [34.697307, 0.244631], [34.698131, 0.245386], [34.698044, 0.246469], [34.698893, 0.247661], [34.699434, 0.248958], [34.700009, 0.249922], [34.700419, 0.249873], [34.700709, 0.249018], [34.701479, 0.248252], [34.702273, 0.247762], [34.702383, 0.247231], [34.703133, 0.246857], [34.703953, 0.246989], [34.704588, 0.246547], [34.705268, 0.246104], [34.705952, 0.246168], [34.706663, 0.24697], [34.707464, 0.247655], [34.708534, 0.247716], [34.709419, 0.247203], [34.710285, 0.247312], [34.711267, 0.247789], [34.711626, 0.246864], [34.711781, 0.246287], [34.712166, 0.245892], [34.712803, 0.245795], [34.713147, 0.246208], [34.712971, 0.247108], [34.713365, 0.248372], [34.713713, 0.249338], [34.713966, 0.249682], [34.714625, 0.249469], [34.715148, 0.249442], [34.715357, 0.250155], [34.715018, 0.250504], [34.71484, 0.251196]], [[34.557751, 0.279539], [34.558435, 0.279518], [34.558709, 0.279081], [34.558665, 0.278367], [34.558939, 0.277746], [34.559487, 0.277424], [34.5604, 0.277381], [34.560287, 0.276782], [34.560447, 0.276229], [34.560948, 0.276645], [34.561199, 0.276899], [34.561405, 0.276439], [34.562043, 0.276901], [34.562248, 0.276809], [34.562887, 0.276281], [34.564097, 0.275731], [34.564371, 0.275433], [34.564259, 0.274258], [34.564626, 0.273199], [34.565469, 0.273593], [34.566107, 0.274285], [34.566813, 0.275024], [34.567406, 0.274979], [34.567976, 0.274704], [34.568546, 0.275005], [34.568615, 0.274453], [34.569118, 0.273832], [34.56962, 0.274018], [34.569917, 0.273627], [34.569257, 0.272566], [34.569508, 0.272221], [34.569988, 0.271923], [34.570308, 0.271486], [34.570627, 0.271141], [34.571402, 0.271442], [34.572657, 0.271745], [34.573295, 0.272092], [34.573546, 0.271724], [34.574071, 0.271403], [34.575144, 0.270991], [34.575805, 0.271476], [34.576009, 0.271937], [34.576852, 0.272331], [34.577514, 0.272033], [34.578017, 0.271459], [34.578861, 0.271438], [34.579864, 0.271578], [34.580298, 0.271142], [34.580664, 0.270475], [34.58087, 0.270061], [34.581304, 0.269532], [34.583608, 0.269883], [34.584222, 0.271013], [34.585225, 0.271269], [34.587553, 0.269939], [34.587689, 0.270607], [34.588076, 0.271092], [34.588416, 0.272313], [34.588552, 0.273488], [34.588938, 0.274663], [34.589643, 0.275563], [34.591763, 0.276812], [34.592424, 0.27656], [34.592859, 0.27564], [34.593519, 0.276563], [34.593748, 0.275965], [34.594706, 0.275967], [34.595504, 0.27613], [34.596028, 0.2765], [34.59653, 0.276202], [34.596805, 0.275535], [34.597284, 0.275674], [34.598241, 0.276413], [34.598926, 0.276], [34.599222, 0.276462], [34.59979, 0.277753], [34.600519, 0.278307], [34.600861, 0.278032], [34.601227, 0.277871], [34.601408, 0.278517], [34.601613, 0.278978], [34.601794, 0.279715], [34.602524, 0.279556], [34.603276, 0.279926], [34.602729, 0.279948], [34.602865, 0.280432], [34.603594, 0.280802], [34.603525, 0.281078], [34.603388, 0.28163], [34.604322, 0.282162], [34.604777, 0.282877], [34.605004, 0.283454], [34.605506, 0.283593], [34.60578, 0.283087], [34.606487, 0.283342], [34.607537, 0.282884], [34.608245, 0.282195], [34.609021, 0.282036], [34.609591, 0.281991], [34.610186, 0.280657], [34.61069, 0.279368], [34.611579, 0.279347], [34.612241, 0.27951], [34.612925, 0.279558], [34.613403, 0.279789], [34.613607, 0.280849], [34.614747, 0.281289], [34.615794, 0.282351], [34.616021, 0.283227], [34.617115, 0.284174], [34.617889, 0.28489], [34.61871, 0.285214], [34.619715, 0.284249], [34.620491, 0.283376], [34.620743, 0.282916], [34.620812, 0.282248], [34.622203, 0.282413], [34.622979, 0.282185], [34.623367, 0.282185], [34.624189, 0.281957], [34.625056, 0.281683], [34.625877, 0.281293], [34.626813, 0.280904], [34.627543, 0.280607], [34.627818, 0.280078], [34.627272, 0.279293], [34.627729, 0.278557], [34.62887, 0.278376], [34.62976, 0.278056], [34.630217, 0.277182], [34.630127, 0.276237], [34.629809, 0.2752], [34.629492, 0.274232], [34.629402, 0.273449], [34.630405, 0.273382], [34.630908, 0.272508], [34.631935, 0.272073], [34.632484, 0.271545], [34.633236, 0.271409], [34.63367, 0.271202], [34.633922, 0.270742], [34.634014, 0.270121], [34.634562, 0.269639], [34.635269, 0.269571], [34.635497, 0.269986], [34.635769, 0.270931], [34.63627, 0.271163], [34.63709, 0.272178], [34.637799, 0.271051], [34.638393, 0.270385], [34.638803, 0.27034], [34.639281, 0.271193], [34.640489, 0.271518], [34.6422, 0.271545], [34.643522, 0.271802], [34.644001, 0.27201], [34.644184, 0.271758], [34.643911, 0.270997], [34.644459, 0.270515], [34.644711, 0.26987], [34.644645, 0.268604], [34.645466, 0.26856], [34.645923, 0.268192], [34.646379, 0.268239], [34.647132, 0.267642], [34.647566, 0.267644], [34.648227, 0.267852], [34.649138, 0.2682], [34.649617, 0.268201], [34.649209, 0.266611], [34.648892, 0.265574], [34.648163, 0.264835], [34.647297, 0.264281], [34.647253, 0.263221], [34.647824, 0.262785], [34.648325, 0.262878], [34.648895, 0.263432], [34.64917, 0.262719], [34.648896, 0.26235], [34.647938, 0.262509], [34.647392, 0.261978], [34.646891, 0.261401], [34.646914, 0.260848], [34.647097, 0.260434], [34.646186, 0.260017], [34.64589, 0.259671], [34.646575, 0.258867], [34.645937, 0.25875], [34.645366, 0.259025], [34.64482, 0.258517], [34.644844, 0.257734], [34.644662, 0.257342], [34.645187, 0.256745], [34.644367, 0.25619], [34.644231, 0.255775], [34.645076, 0.254649], [34.645671, 0.253752], [34.646036, 0.253154], [34.645627, 0.252647], [34.64508, 0.251885], [34.645241, 0.251379], [34.64581, 0.251106]], [[34.71484, 0.251196], [34.716657, 0.252307], [34.717342, 0.251572], [34.718073, 0.252033], [34.718119, 0.252745], [34.718187, 0.253573], [34.718918, 0.253688], [34.719991, 0.253804], [34.721064, 0.254402], [34.722206, 0.254955], [34.723165, 0.255277], [34.724329, 0.256266], [34.725129, 0.256681], [34.725586, 0.255969], [34.726179, 0.256475], [34.727001, 0.256636], [34.727641, 0.257234], [34.727298, 0.257625], [34.726864, 0.258084], [34.726361, 0.259463], [34.726635, 0.259555], [34.727229, 0.259326], [34.728508, 0.259028], [34.72965, 0.258799], [34.730518, 0.258914], [34.731842, 0.259697], [34.732733, 0.259445], [34.733327, 0.259215], [34.73408, 0.26002], [34.734354, 0.260572], [34.734971, 0.259561], [34.735908, 0.258942], [34.736547, 0.258413], [34.736319, 0.257747], [34.737964, 0.257311], [34.739585, 0.257542], [34.740042, 0.258071], [34.741024, 0.258026], [34.742143, 0.258647], [34.743444, 0.259637], [34.744426, 0.260005], [34.745294, 0.259201], [34.745866, 0.258673], [34.745934, 0.258099], [34.746003, 0.25757], [34.747031, 0.257203], [34.748127, 0.257572], [34.748835, 0.25794], [34.748766, 0.2584], [34.748766, 0.259066], [34.750084, 0.259198]]]}}, {"type": "Feature", "properties": {"name": "Nyangores", "length_km": 85.651, "dist_to_gulf_km": 62.526, "n_segments": 7}, "geometry": {"type": "MultiLineString", "coordinates": [[[35.250542, -0.918817], [35.251289, -0.918169], [35.251491, -0.917732], [35.25158, -0.917364], [35.252103, -0.917269], [35.25235, -0.91674], [35.252619, -0.916096], [35.25307, -0.915335], [35.253663, -0.915539], [35.254348, -0.915971], [35.25453, -0.915832], [35.254456, -0.915029], [35.255002, -0.914888], [35.255432, -0.914496], [35.25586, -0.913758], [35.256493, -0.913066], [35.256814, -0.913386], [35.257477, -0.913818], [35.257887, -0.913885], [35.258067, -0.913494], [35.258174, -0.912529], [35.258651, -0.912273], [35.258991, -0.912042], [35.259306, -0.911397], [35.260077, -0.911003], [35.260284, -0.911277], [35.260265, -0.911897], [35.260517, -0.912171], [35.260858, -0.912077], [35.261129, -0.911731], [35.261217, -0.911226], [35.261395, -0.910536], [35.261867, -0.909569], [35.262322, -0.909544], [35.262577, -0.9103], [35.262852, -0.910643], [35.263373, -0.91018], [35.264212, -0.909602], [35.264666, -0.909416], [35.264685, -0.908864], [35.264933, -0.908335], [35.265751, -0.908147], [35.26639, -0.90835], [35.26746, -0.908413], [35.268119, -0.908225], [35.268367, -0.907925], [35.266904, -0.906923], [35.265326, -0.905761], [35.26432, -0.905032], [35.263129, -0.903868], [35.262236, -0.903024], [35.261301, -0.902776], [35.260229, -0.902438], [35.259726, -0.902004], [35.260085, -0.901176], [35.26047, -0.900806], [35.261837, -0.900982], [35.262292, -0.900934], [35.262562, -0.900519], [35.262759, -0.899186], [35.262752, -0.898015], [35.261268, -0.897289], [35.259376, -0.896932], [35.257665, -0.896391], [35.258207, -0.895561], [35.258748, -0.894732], [35.258356, -0.89393], [35.258102, -0.893427], [35.258075, -0.892646], [35.258617, -0.891908], [35.258802, -0.892367], [35.259238, -0.893007], [35.260059, -0.893301], [35.261287, -0.89311], [35.262358, -0.893219], [35.263202, -0.893513], [35.263657, -0.89351], [35.263789, -0.892706], [35.263869, -0.890869], [35.264524, -0.890016], [35.265184, -0.890012], [35.266523, -0.88943], [35.267044, -0.888922], [35.267837, -0.888298], [35.268678, -0.888133], [35.269497, -0.888105], [35.270289, -0.88732], [35.271037, -0.886719], [35.271743, -0.886738], [35.272497, -0.887239], [35.27282, -0.887949], [35.273073, -0.888383], [35.273893, -0.888471], [35.274096, -0.888079], [35.273953, -0.887116], [35.274198, -0.88615], [35.274712, -0.884678], [35.274957, -0.883712], [35.274219, -0.882247], [35.273736, -0.881446], [35.273073, -0.880968], [35.272204, -0.880284], [35.27189, -0.881043], [35.271665, -0.881435], [35.27102, -0.880199], [35.270262, -0.879078], [35.27028, -0.878412], [35.270118, -0.877931], [35.269477, -0.877314], [35.270083, -0.875933], [35.270553, -0.874645], [35.271206, -0.873424], [35.271904, -0.87225], [35.2742, -0.871663]], [[35.2742, -0.871663], [35.275762, -0.871463], [35.27599, -0.871096], [35.275377, -0.870634], [35.274445, -0.870172], [35.273514, -0.869503], [35.27263, -0.868351], [35.271563, -0.867084], [35.270974, -0.866072], [35.270817, -0.865221], [35.27107, -0.864257], [35.271754, -0.863708], [35.273005, -0.863758], [35.273642, -0.863875], [35.274052, -0.863623], [35.274533, -0.862269], [35.275287, -0.860778], [35.275949, -0.860091], [35.277246, -0.860164], [35.277089, -0.858877], [35.277346, -0.856397], [35.277463, -0.854904], [35.278692, -0.854609], [35.279517, -0.852291], [35.279679, -0.851396], [35.278588, -0.850772], [35.277998, -0.849943], [35.278388, -0.848887], [35.27946, -0.847719], [35.280258, -0.846941], [35.280421, -0.845632], [35.280856, -0.844438], [35.282496, -0.843662], [35.283385, -0.842976], [35.283252, -0.841597], [35.283301, -0.840196], [35.283393, -0.839806], [35.284645, -0.839557], [35.285738, -0.83917], [35.286442, -0.839562], [35.287101, -0.83984], [35.287604, -0.839015], [35.28747, -0.837751], [35.28695, -0.836462], [35.286293, -0.835243], [35.286249, -0.834645], [35.286343, -0.833773], [35.28721, -0.832696], [35.288326, -0.83224], [35.289554, -0.832198], [35.290034, -0.831441], [35.289899, -0.830705], [35.289423, -0.830152], [35.288674, -0.829438], [35.288585, -0.828542], [35.289747, -0.827948], [35.29059, -0.827468], [35.291069, -0.826757], [35.292301, -0.825406], [35.293532, -0.824652], [35.29433, -0.823781], [35.295218, -0.823646], [35.295534, -0.82452], [35.296512, -0.824822], [35.296967, -0.824961], [35.297079, -0.825444], [35.296622, -0.826384], [35.29587, -0.826887], [35.2953, -0.827115], [35.295823, -0.827462], [35.296755, -0.827809], [35.297438, -0.827536], [35.297418, -0.826525], [35.297898, -0.825354], [35.298857, -0.824117], [35.3, -0.8228605508684904]], [[35.250542, -0.918817], [35.249068, -0.918721], [35.247836, -0.918483], [35.246877, -0.918431], [35.246785, -0.918499], [35.247101, -0.919168], [35.246819, -0.920614], [35.246449, -0.921301], [35.246219, -0.921644], [35.24583, -0.921825], [35.245551, -0.922536], [35.245751, -0.923548], [35.246224, -0.924632], [35.246425, -0.925438], [35.246399, -0.925966], [35.246099, -0.926538], [35.246027, -0.927228], [35.246456, -0.927989], [35.246177, -0.928883], [35.245988, -0.92987], [35.245165, -0.930141], [35.243315, -0.930036], [35.242665, -0.929818], [35.242538, -0.930008], [35.242983, -0.930276], [35.24315, -0.930909], [35.242827, -0.931504], [35.242435, -0.932076], [35.242498, -0.933088], [35.242128, -0.933844], [35.241618, -0.935035], [35.241328, -0.937745], [35.24155, -0.938827], [35.241408, -0.939814], [35.240328, -0.940933], [35.238929, -0.941889], [35.238745, -0.942049], [35.238628, -0.9426], [35.239265, -0.943018], [35.240039, -0.943483], [35.240011, -0.944356], [35.239596, -0.944951], [35.239708, -0.945434], [35.239772, -0.946147], [35.239586, -0.946766], [35.240037, -0.947665], [35.240262, -0.948334], [35.241034, -0.949074], [35.241556, -0.949744], [35.24165936603774, -0.9500000000000001]]]}}, {"type": "Feature", "properties": {"name": "Nyando", "length_km": 77.78, "dist_to_gulf_km": 0.0, "n_segments": 6}, "geometry": {"type": "MultiLineString", "coordinates": [[[35.249985, -0.209295], [35.25092, -0.209179], [35.250695, -0.21058], [35.250811, -0.2112], [35.251336, -0.211384], [35.251861, -0.211544], [35.252387, -0.212417], [35.252936, -0.212876], [35.253506, -0.212852], [35.253279, -0.213611], [35.253121, -0.214047], [35.253623, -0.214483], [35.254171, -0.214689], [35.254241, -0.21531], [35.254402, -0.215792], [35.254834, -0.215562], [35.254834, -0.215539], [35.255246, -0.215837], [35.255519, -0.215883], [35.256158, -0.215974], [35.256433, -0.216456], [35.256457, -0.217191], [35.256824, -0.217765], [35.257439, -0.21765], [35.257486, -0.218362], [35.257442, -0.218914], [35.257967, -0.219212], [35.258537, -0.219165], [35.258901, -0.218867], [35.259655, -0.21928], [35.260409, -0.219784], [35.261002, -0.220037], [35.261983, -0.220013], [35.262781, -0.220012], [35.263582, -0.220977], [35.263651, -0.221459], [35.262672, -0.221942], [35.261807, -0.222907], [35.261308, -0.224056], [35.261446, -0.224928], [35.261676, -0.225502], [35.261699, -0.225824], [35.261062, -0.226491], [35.261337, -0.227042], [35.26216, -0.227799], [35.262572, -0.228832], [35.262986, -0.230233], [35.263193, -0.231014], [35.26365, -0.231473], [35.264106, -0.231174], [35.264172, -0.230094], [35.264605, -0.229864], [35.265176, -0.230255], [35.265908, -0.231425], [35.266617, -0.232436], [35.267735, -0.232573], [35.268442, -0.232388], [35.268966, -0.232089], [35.269265, -0.233421], [35.269221, -0.234133], [35.269997, -0.234546], [35.271092, -0.234592], [35.271869, -0.235096], [35.272485, -0.235349], [35.273169, -0.234912], [35.273281, -0.234223], [35.274446, -0.234842], [35.275381, -0.234956], [35.275996, -0.234703], [35.276657, -0.234105], [35.27741, -0.23461], [35.277776, -0.234932], [35.278712, -0.23523], [35.279166, -0.234494], [35.279988, -0.234815], [35.280809, -0.234838], [35.282337, -0.234492], [35.2835, -0.234606], [35.284526, -0.234628], [35.285392, -0.234329], [35.286189, -0.233364], [35.286599, -0.233525], [35.287262, -0.234007], [35.287696, -0.234098], [35.289383, -0.234189], [35.291527, -0.233958], [35.292598, -0.233658], [35.293924, -0.234783], [35.294996, -0.234897], [35.29568, -0.235011], [35.296366, -0.235516], [35.297164, -0.235814], [35.297712, -0.235768], [35.298146, -0.236296], [35.298511, -0.236342], [35.299308, -0.235675], [35.3, -0.23566099662731882]], [[34.872229, -0.248625], [34.871839, -0.249662], [34.871838, -0.250353], [34.872456, -0.250561], [34.872821, -0.25123], [34.873141, -0.251669], [34.873622, -0.251854], [34.874446, -0.251786], [34.875407, -0.251787], [34.875498, -0.25264], [34.876024, -0.253217], [34.876389, -0.25384], [34.876205, -0.255153], [34.875815, -0.256167], [34.8757, -0.256674], [34.875722, -0.257434], [34.875607, -0.258033], [34.875744, -0.258518], [34.876155, -0.258933], [34.876772, -0.259648], [34.876863, -0.260824], [34.877366, -0.261447], [34.877136, -0.262438], [34.876517, -0.263497], [34.876013, -0.264349], [34.87608, -0.265386], [34.87656, -0.265963], [34.876742, -0.267093], [34.876421, -0.267714], [34.876169, -0.268428], [34.875482, -0.268727], [34.874887, -0.268818], [34.874223, -0.268495], [34.873971, -0.269393], [34.874153, -0.270338], [34.874244, -0.270984], [34.874243, -0.271883], [34.874562, -0.272736], [34.87566, -0.273844], [34.876552, -0.274675], [34.877305, -0.276404], [34.877258, -0.277902], [34.876936, -0.279169], [34.876455, -0.280068], [34.874347, -0.282069], [34.872285, -0.284256], [34.871277, -0.285845], [34.870131, -0.287433], [34.869237, -0.288423], [34.868389, -0.289597], [34.867839, -0.290426], [34.867106, -0.290932], [34.865619, -0.290699], [34.864703, -0.29102], [34.863604, -0.291825], [34.862574, -0.292331], [34.861521, -0.292352], [34.8604, -0.291821], [34.858592, -0.291864], [34.857377, -0.293291], [34.856026, -0.293842], [34.854836, -0.294025], [34.853783, -0.294231], [34.853004, -0.294898], [34.852089, -0.295242], [34.850967, -0.294918]], [[35.000122, -0.121697], [35.002562, -0.122228], [35.003907, -0.122828], [35.004773, -0.123013], [35.005184, -0.123059], [35.005412, -0.122346], [35.00564, -0.121541], [35.006074, -0.121059], [35.007237, -0.121083], [35.008149, -0.121567], [35.008833, -0.122074], [35.009357, -0.122121], [35.009882, -0.121707], [35.010315, -0.121086], [35.011159, -0.119914], [35.012071, -0.11957], [35.012778, -0.11987], [35.013006, -0.120905], [35.013325, -0.121297], [35.013941, -0.121458], [35.014032, -0.121803], [35.013781, -0.122447], [35.014123, -0.122908], [35.015012, -0.123208], [35.015536, -0.123415], [35.016015, -0.123393], [35.016357, -0.123163], [35.016768, -0.122819], [35.017201, -0.122658], [35.017521, -0.122129], [35.017772, -0.121624], [35.018638, -0.121555], [35.019049, -0.121165], [35.019026, -0.120567], [35.019779, -0.119326], [35.0205, -0.118515], [35.021821, -0.118164], [35.023919, -0.118037], [35.025013, -0.11787], [35.025556, -0.117063], [35.02617, -0.116669], [35.027424, -0.116662], [35.027949, -0.116636], [35.028772, -0.116907], [35.029503, -0.117248], [35.029643, -0.117684], [35.029645, -0.118028], [35.029487, -0.118351], [35.029033, -0.118904], [35.02883, -0.11925], [35.029082, -0.119524], [35.029585, -0.119705], [35.029996, -0.119749], [35.030224, -0.119702], [35.030357, -0.119035], [35.030398, -0.118162], [35.031216, -0.117583], [35.032737, -0.116104], [35.033917, -0.115018], [35.034276, -0.11389], [35.0345, -0.113177], [35.035388, -0.112942], [35.035864, -0.112228], [35.036017, -0.111101], [35.035807, -0.110207], [35.036279, -0.108895], [35.036615, -0.107813], [35.03773, -0.107279], [35.038729, -0.106308], [35.03966, -0.105522], [35.040111, -0.104601], [35.040517, -0.103748], [35.040853, -0.102644], [35.041028, -0.101219], [35.041685, -0.100319], [35.042638, -0.09951], [35.043572, -0.099275], [35.044689, -0.099108], [35.046241, -0.099283], [35.047269, -0.09953], [35.048163, -0.100375], [35.048826, -0.100647], [35.049555, -0.100459], [35.050172, -0.100617], [35.050672, -0.1002], [35.051995, -0.100262], [35.052683, -0.100832], [35.05348, -0.100736], [35.054075, -0.101008], [35.054921, -0.101302], [35.055496, -0.102264], [35.056323, -0.103293], [35.057079, -0.103955], [35.05797, -0.10418], [35.05902, -0.104404], [35.060918, -0.105197], [35.061763, -0.105376], [35.062132, -0.10604], [35.062545, -0.106497], [35.063115, -0.10654], [35.063438, -0.107158], [35.064307, -0.107544], [35.065216, -0.107011], [35.066034, -0.106294], [35.067172, -0.105943], [35.067929, -0.106651], [35.068593, -0.107153], [35.069161, -0.106644], [35.070142, -0.106685], [35.070623, -0.107187], [35.070943, -0.1073], [35.071667, -0.106148], [35.072357, -0.107201], [35.072748, -0.107773], [35.073161, -0.108138], [35.073554, -0.109215], [35.073833, -0.110133], [35.07386, -0.110936], [35.073953, -0.111326], [35.074343, -0.111577], [35.075142, -0.111687], [35.075507, -0.111777], [35.075824, -0.111293], [35.076048, -0.110649], [35.076321, -0.110463], [35.077074, -0.110459], [35.077759, -0.110616], [35.077715, -0.110915], [35.077191, -0.111102], [35.076325, -0.111106], [35.076601, -0.111541], [35.077059, -0.111998], [35.077223, -0.112778], [35.077864, -0.113142], [35.078572, -0.113253], [35.078393, -0.11392], [35.078511, -0.114678], [35.07897, -0.115295], [35.079313, -0.115431], [35.079745, -0.115061], [35.079741, -0.11428], [35.080081, -0.113911], [35.080537, -0.113885], [35.081454, -0.114684], [35.082004, -0.115164], [35.081894, -0.115991], [35.081851, -0.116405], [35.082698, -0.11702], [35.083134, -0.117454], [35.083545, -0.117521], [35.084064, -0.116507], [35.084858, -0.115814], [35.085295, -0.11634], [35.085458, -0.117097], [35.086626, -0.117848], [35.087723, -0.118233], [35.088182, -0.118758], [35.088713, -0.119904], [35.089125, -0.1202], [35.089554, -0.119463], [35.09026, -0.119206], [35.091242, -0.119316], [35.091721, -0.119336], [35.092207, -0.120665], [35.093505, -0.120245], [35.094576, -0.119986], [35.095284, -0.120258], [35.09597, -0.120507], [35.096495, -0.120596], [35.097115, -0.121465], [35.097484, -0.122198], [35.098055, -0.122172], [35.098555, -0.121825], [35.099104, -0.122189], [35.100013, -0.121587], [35.101057, -0.120616], [35.101646, -0.119809], [35.102376, -0.119828], [35.103017, -0.120192], [35.103699, -0.119935], [35.10454, -0.11931], [35.105432, -0.119788], [35.105619, -0.120637], [35.106173, -0.121828], [35.106587, -0.122492]], [[34.949142, -0.140485], [34.948508, -0.139815], [34.947716, -0.139121], [34.946534, -0.139506], [34.945464, -0.140214], [34.943736, -0.140689], [34.943597, -0.141401], [34.943436, -0.142021], [34.942796, -0.143099], [34.941819, -0.143209], [34.940452, -0.144399], [34.940063, -0.145156], [34.940059, -0.146052], [34.939896, -0.147178], [34.939826, -0.14773], [34.938872, -0.147794], [34.938058, -0.146664], [34.93733, -0.147051], [34.935103, -0.147547], [34.934466, -0.147612], [34.933578, -0.148298], [34.932963, -0.148916], [34.933391, -0.149792], [34.933411, -0.150597], [34.932456, -0.150868], [34.931573, -0.150105], [34.930167, -0.149409], [34.929121, -0.149933], [34.930185, -0.150743], [34.930932, -0.15139], [34.930725, -0.152056], [34.929772, -0.151982], [34.928637, -0.151747], [34.928248, -0.152481], [34.928086, -0.153377], [34.928174, -0.154251], [34.92731, -0.154316], [34.926631, -0.153761], [34.925902, -0.154355], [34.925898, -0.155298], [34.925691, -0.156033], [34.925507, -0.156653], [34.922664, -0.157744], [34.922911, -0.158527], [34.923431, -0.159219], [34.922405, -0.160226], [34.921427, -0.160819], [34.919973, -0.16072], [34.919289, -0.161683], [34.919193, -0.163085], [34.919007, -0.16405], [34.919867, -0.164882], [34.920206, -0.165482], [34.920314, -0.167023], [34.920535, -0.16868], [34.92137, -0.17011], [34.921888, -0.171193], [34.920633, -0.172843], [34.920036, -0.174588], [34.920438, -0.176521], [34.921022, -0.178318], [34.921222, -0.179376], [34.921242, -0.180066], [34.920512, -0.181098], [34.921757, -0.182093], [34.921347, -0.182459], [34.919597, -0.182818], [34.917778, -0.183339], [34.917186, -0.183704], [34.917184, -0.184371], [34.916883, -0.185864], [34.918082, -0.187157], [34.919081, -0.187277], [34.919305, -0.188267], [34.920552, -0.188848], [34.921093, -0.189954], [34.922636, -0.190146], [34.923794, -0.19022], [34.924336, -0.191327], [34.925013, -0.192296], [34.92467, -0.193122], [34.926235, -0.193497], [34.927071, -0.194766], [34.92784, -0.195667], [34.928679, -0.195969], [34.928354, -0.1979], [34.927918, -0.199277], [34.927572, -0.20061], [34.927089, -0.202447], [34.926356, -0.204053], [34.925422, -0.204854], [34.924673, -0.204781], [34.922562, -0.204403], [34.921652, -0.204813], [34.920968, -0.205361], [34.920599, -0.207084], [34.920709, -0.207844], [34.920709, -0.207959], [34.92091, -0.208949], [34.921474, -0.209963], [34.922744, -0.210521], [34.923918, -0.212458], [34.924708, -0.21375], [34.925111, -0.21527], [34.924743, -0.21651], [34.922991, -0.21749], [34.920995, -0.216745], [34.920152, -0.217454], [34.919764, -0.218004], [34.918155, -0.216915], [34.91627, -0.216861], [34.914996, -0.21759], [34.913084, -0.218754], [34.91122, -0.219251], [34.911533, -0.22038], [34.91182, -0.222658]], [[34.949142, -0.140485], [34.949722, -0.140507], [34.950374, -0.141383], [34.951076, -0.141686], [34.951489, -0.141184], [34.952536, -0.141053], [34.953514, -0.141014], [34.954357, -0.140675], [34.955536, -0.141004], [34.956552, -0.141883], [34.957274, -0.142576], [34.957755, -0.142166], [34.958651, -0.14091], [34.959477, -0.139951], [34.960409, -0.139889], [34.960565, -0.140349], [34.960241, -0.141012], [34.960372, -0.141747], [34.960984, -0.141912], [34.962074, -0.142126], [34.962277, -0.142356], [34.962902, -0.14376], [34.963258, -0.144818], [34.963551, -0.145119], [34.964212, -0.144894], [34.964969, -0.143935], [34.965818, -0.142908], [34.966893, -0.141997], [34.968895, -0.14178], [34.970191, -0.141674], [34.972239, -0.141435], [34.974132, -0.140598], [34.974979, -0.139778], [34.976594, -0.139559], [34.97676, -0.138757], [34.977488, -0.138578], [34.9781, -0.138834], [34.979397, -0.138682], [34.979493, -0.13804], [34.978041, -0.137663], [34.97727, -0.137452], [34.976955, -0.136991], [34.977848, -0.136216], [34.979206, -0.136914], [34.979934, -0.136827], [34.979553, -0.136067], [34.979036, -0.135398], [34.978771, -0.134386], [34.97848, -0.133719], [34.979077, -0.132943], [34.979891, -0.133568], [34.98075, -0.134124], [34.981526, -0.13367], [34.981923, -0.132411], [34.982767, -0.13198], [34.982828, -0.132921], [34.983186, -0.133681], [34.984324, -0.133436], [34.985314, -0.131767], [34.986711, -0.130354], [34.987322, -0.130817], [34.986675, -0.132075], [34.98701, -0.132903], [34.988192, -0.132842], [34.989459, -0.130624], [34.990398, -0.129712], [34.990408, -0.12845], [34.991939, -0.127405], [34.992859, -0.126034], [34.994113, -0.125537], [34.995483, -0.124651], [34.997054, -0.124363], [34.997737, -0.124207], [34.997425, -0.123333], [34.998249, -0.12265], [35.000122, -0.121697]]]}}, {"type": "Feature", "properties": {"name": "Itare", "length_km": 69.308, "dist_to_gulf_km": 29.741, "n_segments": 4}, "geometry": {"type": "MultiLineString", "coordinates": [[[35.158479, -0.46208], [35.159874, -0.463708], [35.160856, -0.464372], [35.162135, -0.465334], [35.162456, -0.465816], [35.162936, -0.466183], [35.163552, -0.466274], [35.16444, -0.465906], [35.165101, -0.465997], [35.166198, -0.466936], [35.166862, -0.467899], [35.167091, -0.468404], [35.167526, -0.468977], [35.167938, -0.46939], [35.168827, -0.469641], [35.169169, -0.469319], [35.169255, -0.467575], [35.169892, -0.466703], [35.1711, -0.466724], [35.172151, -0.467366], [35.17336, -0.467571], [35.17409, -0.467891], [35.174412, -0.468901], [35.173663, -0.470255], [35.173643, -0.471357], [35.174787, -0.473008], [35.175064, -0.474247], [35.175431, -0.47498], [35.17632, -0.474957], [35.176527, -0.475668], [35.176552, -0.476517], [35.177215, -0.477021], [35.178016, -0.478121], [35.178906, -0.47874], [35.179181, -0.478946], [35.178384, -0.479498], [35.177997, -0.479911], [35.177862, -0.480347], [35.178045, -0.480531], [35.178477, -0.48037], [35.179001, -0.480094], [35.180233, -0.480459], [35.180804, -0.480573], [35.180778, -0.479495], [35.180936, -0.478692], [35.181825, -0.478622], [35.182693, -0.479447], [35.183084, -0.480755], [35.183086, -0.481374], [35.182813, -0.481719], [35.18206, -0.481306], [35.182083, -0.481582], [35.181881, -0.482683], [35.181563, -0.483395], [35.1812, -0.483969], [35.180542, -0.485347], [35.181138, -0.486333], [35.181231, -0.487296], [35.180641, -0.488238], [35.1798, -0.489134], [35.179186, -0.489868], [35.178709, -0.490397], [35.178664, -0.490856], [35.178689, -0.491567], [35.178554, -0.492187], [35.17851, -0.49276], [35.17801, -0.493541], [35.177738, -0.494069], [35.177945, -0.495056], [35.178245, -0.49634], [35.178202, -0.497373], [35.178204, -0.498107], [35.178594, -0.499002]], [[35.3, -0.6027285367727765], [35.299334, -0.602257], [35.298674, -0.602094], [35.298125, -0.602916], [35.29726, -0.602043], [35.296281, -0.601604], [35.296146, -0.600894], [35.296377, -0.599819], [35.294619, -0.600659], [35.292815, -0.601864], [35.291857, -0.602318], [35.292043, -0.600877], [35.291223, -0.600278], [35.289856, -0.600112], [35.288533, -0.600427], [35.287963, -0.60031], [35.286046, -0.601309], [35.284953, -0.600664], [35.283245, -0.599902], [35.282493, -0.600036], [35.282238, -0.601568], [35.280687, -0.602065], [35.279047, -0.60128], [35.278547, -0.600683], [35.278386, -0.601392], [35.277452, -0.601113], [35.276221, -0.600857], [35.274488, -0.601261], [35.273989, -0.600138], [35.274105, -0.599154], [35.272395, -0.599422], [35.271096, -0.59921], [35.27112, -0.598524], [35.271053, -0.597883], [35.269391, -0.597258], [35.26782, -0.596244], [35.266136, -0.594864], [35.265203, -0.594128], [35.265, -0.59328], [35.264682, -0.592615], [35.264069, -0.591903], [35.265008, -0.589962], [35.266402, -0.58848], [35.267543, -0.587844], [35.267704, -0.587455], [35.267638, -0.586608], [35.268573, -0.586269], [35.268643, -0.585628], [35.267686, -0.58551], [35.266706, -0.585094], [35.2655, -0.584517], [35.2637, -0.584028], [35.264022, -0.582771], [35.263226, -0.581944], [35.263296, -0.581303], [35.264094, -0.581078], [35.263732, -0.580069], [35.26337, -0.578992], [35.26303, -0.578121], [35.262939, -0.577754], [35.261617, -0.577817], [35.260727, -0.578271], [35.259747, -0.578244], [35.259429, -0.577694], [35.257355, -0.577433], [35.257356, -0.576815], [35.256125, -0.576856], [35.256037, -0.575734], [35.255994, -0.574452], [35.254538, -0.573302], [35.25242, -0.572149], [35.251146, -0.571342], [35.249915, -0.571017]], [[35.178594, -0.499002], [35.179076, -0.499802], [35.180416, -0.500131], [35.180915, -0.500548], [35.181483, -0.500597], [35.182668, -0.500028], [35.182914, -0.500949], [35.183206, -0.501778], [35.184003, -0.501576], [35.184822, -0.501626], [35.18566, -0.502412], [35.18648, -0.502164], [35.187344, -0.502168], [35.188502, -0.502474], [35.188979, -0.502729], [35.189045, -0.503097], [35.189406, -0.503743], [35.190221, -0.504598], [35.190764, -0.505428], [35.191695, -0.505755], [35.192785, -0.506106], [35.1936, -0.506846], [35.193119, -0.507694], [35.192638, -0.508656], [35.192882, -0.509991], [35.192537, -0.511069], [35.191828, -0.511893], [35.191005, -0.5129], [35.190434, -0.513679], [35.190042, -0.514826], [35.189832, -0.516066], [35.189487, -0.51703], [35.18987, -0.517951], [35.189936, -0.518503], [35.190136, -0.519631], [35.191183, -0.519337], [35.191863, -0.51987], [35.192292, -0.520746], [35.192606, -0.521736], [35.193148, -0.522497], [35.194443, -0.522987], [35.195146, -0.523381], [35.196237, -0.523456], [35.19685, -0.523782], [35.198054, -0.523903], [35.198986, -0.524161], [35.1993, -0.525105], [35.199319, -0.526117], [35.19943, -0.526784], [35.199722, -0.52759], [35.200241, -0.528443], [35.200397, -0.529249], [35.199528, -0.530347], [35.198819, -0.531447], [35.198157, -0.53211], [35.197814, -0.532499], [35.197758, -0.535004], [35.198431, -0.537099], [35.199944, -0.539797], [35.200965, -0.540423], [35.201758, -0.541094], [35.20244, -0.540983], [35.203218, -0.539861], [35.204104, -0.540141], [35.2046, -0.54104], [35.205576, -0.541643], [35.206418, -0.54151], [35.208352, -0.541153], [35.209672, -0.54093], [35.211507, -0.542664], [35.218546, -0.545092], [35.220817, -0.545863], [35.222134, -0.54633], [35.223386, -0.545946], [35.224522, -0.546366], [35.226457, -0.545801], [35.228665, -0.545331], [35.230299, -0.546029], [35.231683, -0.546703], [35.233773, -0.547312], [35.234908, -0.547847], [35.235178, -0.548538], [35.235926, -0.549116], [35.237242, -0.549882], [35.237211, -0.551744], [35.237162, -0.552732], [35.237296, -0.553238], [35.237408, -0.553561], [35.239316, -0.554054], [35.240657, -0.554245], [35.241568, -0.553974], [35.242005, -0.552827], [35.243462, -0.552467], [35.244208, -0.553413], [35.244977, -0.554521], [35.245406, -0.555144], [35.244464, -0.557621], [35.244345, -0.558701], [35.244638, -0.55953], [35.245248, -0.560269], [35.245235, -0.563579], [35.245299, -0.564453], [35.247178, -0.566531], [35.24806, -0.567777], [35.248647, -0.568723], [35.248894, -0.569529], [35.249072, -0.570587], [35.249915, -0.571017]]]}}, {"type": "Feature", "properties": {"name": "Sare", "length_km": 56.914, "dist_to_gulf_km": 0.998, "n_segments": 6}, "geometry": {"type": "MultiLineString", "coordinates": [[[34.564714, -0.532539], [34.565375, -0.532793], [34.566175, -0.532956], [34.566951, -0.53282], [34.566905, -0.533786], [34.567726, -0.534226], [34.569006, -0.53393], [34.570079, -0.533587], [34.571359, -0.533406], [34.571769, -0.533867], [34.572042, -0.534696], [34.571722, -0.535455], [34.571835, -0.536076], [34.572612, -0.536078], [34.573457, -0.535781], [34.573823, -0.535138], [34.5746, -0.534726], [34.575535, -0.53551], [34.575922, -0.53703], [34.576515, -0.538043], [34.5764, -0.538595], [34.576582, -0.539056], [34.577131, -0.53862], [34.577268, -0.538252], [34.578295, -0.539336], [34.578864, -0.540695], [34.577903, -0.542188], [34.577559, -0.543591], [34.576849, -0.545085], [34.576299, -0.546648], [34.576184, -0.547522], [34.575954, -0.548879], [34.575998, -0.549869], [34.576179, -0.551365], [34.575653, -0.552261], [34.576063, -0.553021], [34.576634, -0.552953], [34.577548, -0.552979], [34.577569, -0.554474], [34.578093, -0.555327], [34.578778, -0.555651], [34.578869, -0.555973], [34.579234, -0.556365], [34.579119, -0.557354], [34.578433, -0.558135], [34.577953, -0.557881], [34.577474, -0.557948], [34.577724, -0.558892], [34.578499, -0.560022], [34.578224, -0.560895], [34.57852, -0.561333], [34.579434, -0.561451], [34.579615, -0.562325], [34.579706, -0.562901], [34.579637, -0.563453], [34.579409, -0.563475], [34.578495, -0.563841], [34.577876, -0.565128], [34.577715, -0.566094], [34.577462, -0.567635], [34.577483, -0.56966], [34.577686, -0.57157], [34.577891, -0.572721], [34.577432, -0.573848], [34.577226, -0.574675], [34.57734, -0.575228], [34.57734, -0.575251]], [[34.598846, -0.372319], [34.598708, -0.372872], [34.598227, -0.373447], [34.597585, -0.373999], [34.59644, -0.374572], [34.595959, -0.375193], [34.596117, -0.376346], [34.596231, -0.376807], [34.596436, -0.377292], [34.596825, -0.377454], [34.597487, -0.378055], [34.598608, -0.378472], [34.59966, -0.378775], [34.599268, -0.380733], [34.599313, -0.381148], [34.599884, -0.381449], [34.600592, -0.382096], [34.601208, -0.383111], [34.601756, -0.384127], [34.602487, -0.384658], [34.60299, -0.384706], [34.603379, -0.385168], [34.604658, -0.386116], [34.606421, -0.385705], [34.606419, -0.386442], [34.60699, -0.387619], [34.607194, -0.388311], [34.607926, -0.388797], [34.608153, -0.389811], [34.60854, -0.390942], [34.608539, -0.391587], [34.60808, -0.39237], [34.607804, -0.393314], [34.608054, -0.394559], [34.608166, -0.395666], [34.608485, -0.396865], [34.608529, -0.398132], [34.608825, -0.398963], [34.608664, -0.399631], [34.608731, -0.400184], [34.609142, -0.400715], [34.610355, -0.400925], [34.61088, -0.401342], [34.611725, -0.402081], [34.61264, -0.402752], [34.613507, -0.403745], [34.614444, -0.404692], [34.615175, -0.405155], [34.61561, -0.405317], [34.616136, -0.404903], [34.616984, -0.404283], [34.617624, -0.404746], [34.617646, -0.405207], [34.618149, -0.405738], [34.618125, -0.40613], [34.61817, -0.406567], [34.618513, -0.406891], [34.618489, -0.407559], [34.618855, -0.407698], [34.61929, -0.407169], [34.619863, -0.406433], [34.619793, -0.407263], [34.620274, -0.407172], [34.620983, -0.406966], [34.621601, -0.407267], [34.622448, -0.406877], [34.622929, -0.40621], [34.623479, -0.406004], [34.623593, -0.406166], [34.62412, -0.405568], [34.624714, -0.406376], [34.625469, -0.406193], [34.626155, -0.406448], [34.627047, -0.406404], [34.628032, -0.405992], [34.628924, -0.405902], [34.629244, -0.405718], [34.629543, -0.405165], [34.630229, -0.405144], [34.631693, -0.405125], [34.632745, -0.405934], [34.632995, -0.406879], [34.633245, -0.408009], [34.633815, -0.409024], [34.634156, -0.41027], [34.634086, -0.411238], [34.634314, -0.411676], [34.635229, -0.411886], [34.635388, -0.412324], [34.635365, -0.412877], [34.635043, -0.413821], [34.635659, -0.414537], [34.636276, -0.41546], [34.636776, -0.417559], [34.637801, -0.420442], [34.638598, -0.422933], [34.639304, -0.424732], [34.640149, -0.426025], [34.640788, -0.426833], [34.641702, -0.427342], [34.642502, -0.427851], [34.642891, -0.428014], [34.643804, -0.429168], [34.644467, -0.429354], [34.645107, -0.430047], [34.64545, -0.430324]], [[34.52386, -0.869694], [34.524408, -0.870177], [34.525434, -0.870061], [34.525184, -0.870682], [34.524706, -0.871327], [34.524296, -0.871742], [34.524342, -0.872041], [34.524343, -0.872732], [34.523729, -0.873538], [34.523661, -0.874114], [34.523959, -0.874781], [34.524393, -0.875333], [34.52469, -0.875793], [34.524075, -0.876714], [34.523529, -0.877336], [34.52321, -0.877935], [34.522777, -0.878028], [34.522687, -0.878511], [34.522643, -0.8798], [34.52237, -0.88079], [34.521801, -0.881389], [34.520639, -0.882035], [34.519796, -0.882888], [34.519272, -0.883233], [34.518977, -0.884039], [34.519182, -0.88443], [34.518681, -0.884684], [34.518614, -0.885743], [34.518844, -0.887078], [34.519325, -0.88862], [34.519214, -0.890691], [34.520082, -0.89145], [34.520996, -0.892785], [34.520678, -0.89359], [34.521226, -0.894281], [34.521637, -0.89451], [34.522527, -0.894487], [34.523281, -0.895314], [34.524081, -0.896741], [34.525359, -0.897177], [34.526044, -0.897637], [34.526797, -0.897843], [34.527435, -0.897797], [34.528256, -0.897635], [34.528736, -0.897957], [34.528987, -0.898371], [34.529261, -0.898163], [34.529465, -0.897519], [34.52983, -0.897518], [34.530332, -0.89761], [34.530628, -0.897633], [34.531062, -0.897839], [34.53143, -0.900003], [34.532594, -0.900531], [34.533392, -0.900507], [34.53394, -0.900691], [34.534989, -0.900483], [34.536585, -0.899952], [34.537635, -0.900872], [34.538662, -0.901354], [34.539348, -0.901975], [34.539895, -0.90209], [34.540169, -0.90225], [34.539896, -0.902642], [34.540102, -0.903125], [34.540832, -0.90294], [34.541607, -0.902594], [34.542565, -0.90287], [34.542976, -0.903077], [34.542908, -0.903629], [34.543548, -0.904181], [34.544232, -0.904479], [34.544598, -0.904778], [34.545123, -0.905146], [34.545671, -0.905491], [34.545648, -0.905859], [34.546447, -0.906296], [34.54777, -0.905926], [34.548841, -0.905281], [34.549549, -0.905879], [34.550028, -0.906431], [34.550896, -0.906821], [34.551284, -0.907442], [34.551628, -0.908639], [34.551994, -0.909421], [34.552383, -0.910295], [34.552567, -0.911078], [34.552386, -0.911815], [34.552592, -0.912344], [34.552935, -0.913264], [34.553393, -0.914208], [34.553941, -0.914552], [34.554603, -0.915058], [34.555266, -0.916462], [34.555906, -0.917198], [34.556545, -0.91745], [34.557207, -0.918209], [34.557529, -0.919797], [34.55737, -0.920557], [34.557189, -0.921064], [34.557532, -0.921823], [34.558195, -0.923203], [34.558721, -0.924216], [34.558837, -0.92532], [34.559271, -0.925711], [34.559067, -0.926425], [34.559227, -0.927116], [34.559982, -0.928105], [34.561603, -0.92976], [34.562198, -0.930796], [34.562654, -0.931025], [34.563522, -0.931462], [34.564482, -0.932865], [34.565259, -0.933877], [34.565397, -0.934821], [34.565604, -0.93588], [34.566244, -0.936938], [34.566769, -0.937306], [34.567842, -0.937558], [34.569006, -0.938592], [34.569646, -0.939098], [34.570833, -0.939811], [34.571496, -0.940961], [34.571999, -0.941789], [34.572936, -0.943077], [34.573508, -0.94432], [34.574195, -0.945999], [34.574653, -0.94738], [34.575202, -0.94883], [34.576116, -0.949496], [34.57626397103064, -0.9500000000000001]], [[34.52386, -0.869694], [34.523084, -0.868119], [34.522562, -0.867427], [34.521515, -0.867516], [34.520424, -0.86696], [34.520153, -0.866338], [34.520679, -0.865786], [34.52109, -0.865326], [34.521729, -0.864798], [34.522414, -0.864339], [34.522029, -0.863555], [34.521282, -0.862263], [34.521125, -0.861549], [34.521219, -0.860766], [34.521224, -0.859268], [34.521024, -0.858001], [34.521076, -0.85595], [34.520784, -0.854844], [34.520787, -0.853899], [34.520266, -0.853207], [34.51961, -0.851984], [34.518772, -0.850692], [34.518157, -0.850644], [34.51736, -0.850873], [34.516886, -0.849604], [34.516846, -0.847853], [34.517009, -0.846955], [34.517057, -0.846103], [34.516811, -0.844882], [34.516269, -0.843498], [34.515998, -0.842921], [34.515706, -0.841653], [34.515324, -0.840224], [34.515577, -0.83958], [34.51494, -0.839233], [34.514666, -0.839577], [34.514686, -0.840315], [34.514117, -0.840221], [34.51303, -0.838721], [34.512602, -0.837476], [34.512603, -0.83713], [34.512239, -0.837037], [34.511967, -0.836529], [34.511421, -0.836551], [34.51092, -0.836642], [34.510853, -0.836135], [34.510488, -0.836295], [34.51033, -0.835926], [34.510513, -0.835834], [34.510309, -0.835373], [34.510833, -0.835305], [34.511198, -0.835007], [34.510745, -0.834499], [34.510039, -0.83452], [34.509654, -0.834035], [34.5097, -0.833736], [34.508972, -0.833711], [34.509087, -0.833342], [34.509293, -0.833067], [34.508952, -0.832858], [34.508816, -0.832651], [34.509227, -0.832237], [34.508887, -0.831937], [34.508477, -0.831797], [34.508319, -0.831521], [34.507978, -0.831289], [34.508139, -0.830898], [34.507434, -0.830597], [34.507115, -0.830826], [34.506638, -0.830618], [34.506136, -0.830685], [34.50591, -0.830431], [34.505522, -0.830476], [34.505046, -0.830106], [34.505046, -0.829899], [34.504796, -0.829829], [34.504525, -0.82923], [34.504276, -0.82886], [34.504459, -0.828469], [34.504324, -0.828169], [34.503755, -0.827914], [34.503529, -0.82766], [34.503507, -0.827269], [34.502714, -0.826322], [34.502602, -0.825815], [34.502054, -0.826021], [34.501692, -0.825605], [34.501193, -0.825097], [34.500647, -0.824888], [34.500193, -0.82438]], [[34.42777, -0.777358], [34.428455, -0.77699], [34.429072, -0.776876], [34.429827, -0.775609], [34.430718, -0.77508], [34.431791, -0.774805], [34.432933, -0.774438], [34.43387, -0.77414], [34.434349, -0.774164], [34.434578, -0.774279], [34.435354, -0.774465], [34.436152, -0.775274], [34.436471, -0.775943], [34.438093, -0.776223], [34.439165, -0.776662], [34.440627, -0.776665], [34.442933, -0.776507], [34.444075, -0.776786], [34.444577, -0.777364], [34.445627, -0.777388], [34.445604, -0.778103], [34.446767, -0.779235], [34.447406, -0.779974], [34.44841, -0.780437], [34.449415, -0.780531], [34.449574, -0.781477], [34.450693, -0.78164], [34.451537, -0.781918]], [[34.500193, -0.82438], [34.499356, -0.823827], [34.499795, -0.822561], [34.499501, -0.821522], [34.500098, -0.820834], [34.499367, -0.820576], [34.499597, -0.820117], [34.500491, -0.81966], [34.500265, -0.81876], [34.49972, -0.817443], [34.499334, -0.816426], [34.499474, -0.815574], [34.498926, -0.81541], [34.4984, -0.815177], [34.498974, -0.814442], [34.499296, -0.81389], [34.498797, -0.812712], [34.498295, -0.812271], [34.497998, -0.812201], [34.496787, -0.811526], [34.49553, -0.81122], [34.495166, -0.810595], [34.496311, -0.810163], [34.497939, -0.808996], [34.497644, -0.808395], [34.496227, -0.807811], [34.495885, -0.807325], [34.496208, -0.806635], [34.496119, -0.805966], [34.496673, -0.804217], [34.496241, -0.803316], [34.494896, -0.801925], [34.494166, -0.801391], [34.492932, -0.800624], [34.492088, -0.799882], [34.491312, -0.79944], [34.490535, -0.798998], [34.490789, -0.798354], [34.49077, -0.797316], [34.490794, -0.796878], [34.490015, -0.797128], [34.488939, -0.797491], [34.487888, -0.797002], [34.487271, -0.796699], [34.486632, -0.796119], [34.485833, -0.795677], [34.484621, -0.795579], [34.4835, -0.795435], [34.482815, -0.795131], [34.481672, -0.794803], [34.481124, -0.794385], [34.481217, -0.794016], [34.480508, -0.793759], [34.479616, -0.793824], [34.479045, -0.793613], [34.478933, -0.792921], [34.478476, -0.79255], [34.478063, -0.792986], [34.477602, -0.793929], [34.47678, -0.793394], [34.476212, -0.792423], [34.475619, -0.791613], [34.475462, -0.790621], [34.474847, -0.789995], [34.473932, -0.789806], [34.472789, -0.789662], [34.472146, -0.790119], [34.471553, -0.789701], [34.471418, -0.788871], [34.470781, -0.787945], [34.470349, -0.786975], [34.46996, -0.787019], [34.469433, -0.787316], [34.469114, -0.786761], [34.468726, -0.786621], [34.468108, -0.786548], [34.467537, -0.786222], [34.467195, -0.785921], [34.466417, -0.786078], [34.465661, -0.786328], [34.465067, -0.786233], [34.464885, -0.785794], [34.464749, -0.785286], [34.464292, -0.785122], [34.464111, -0.784545], [34.464135, -0.784084], [34.463149, -0.78477], [34.462278, -0.78525], [34.462166, -0.784742], [34.461709, -0.784625], [34.461251, -0.784668], [34.461023, -0.784206], [34.460062, -0.784455], [34.459397, -0.784705], [34.45901, -0.784334], [34.458367, -0.785045], [34.457819, -0.784743], [34.456835, -0.784784], [34.456261, -0.785357], [34.4553, -0.785306], [34.455073, -0.784936], [34.454249, -0.784817], [34.453608, -0.785136], [34.453221, -0.784466], [34.452422, -0.784], [34.452013, -0.783191], [34.451537, -0.781918]]]}}, {"type": "Feature", "properties": {"name": "Sio", "length_km": 56.752, "dist_to_gulf_km": 42.335, "n_segments": 4}, "geometry": {"type": "LineString", "coordinates": [[34.141146, 0.382561], [34.140497, 0.383467], [34.140678, 0.383767], [34.141065, 0.38416], [34.141405, 0.384784], [34.141676, 0.385522], [34.142063, 0.385961], [34.14227, 0.385708], [34.142867, 0.38502], [34.143349, 0.384354], [34.143623, 0.384516], [34.14371, 0.385392], [34.144119, 0.386016], [34.144735, 0.386363], [34.145052, 0.386872], [34.14505, 0.387447], [34.145595, 0.388279], [34.146052, 0.388212], [34.146146, 0.387728], [34.146555, 0.388099], [34.146715, 0.388237], [34.146854, 0.387731], [34.147221, 0.387433], [34.147332, 0.388079], [34.147745, 0.387712], [34.148181, 0.387322], [34.147999, 0.387137], [34.147656, 0.387043], [34.147546, 0.386122], [34.14764, 0.3855], [34.148004, 0.385893], [34.14878, 0.386081], [34.150151, 0.385994], [34.151706, 0.385816], [34.151634, 0.386415], [34.152182, 0.386693], [34.152914, 0.386443], [34.153278, 0.386675], [34.153829, 0.386263], [34.153899, 0.385802], [34.154675, 0.386059], [34.155587, 0.386431], [34.155474, 0.386062], [34.155339, 0.38567], [34.155707, 0.385119], [34.156596, 0.385514], [34.157394, 0.385863], [34.157438, 0.386346], [34.158421, 0.38635], [34.159152, 0.386215], [34.159177, 0.385709], [34.159407, 0.385341], [34.160071, 0.38509], [34.160779, 0.385185], [34.160982, 0.385831], [34.161759, 0.385834], [34.162332, 0.385399], [34.162539, 0.385054], [34.163315, 0.385034], [34.163772, 0.385221], [34.164341, 0.385707], [34.165007, 0.384949], [34.165783, 0.385022], [34.166329, 0.385484], [34.167034, 0.38634], [34.168199, 0.386367], [34.168701, 0.386669], [34.169229, 0.386118], [34.169889, 0.386697], [34.170139, 0.386974], [34.170232, 0.386583], [34.17037, 0.38633], [34.171077, 0.386679], [34.17101, 0.386287], [34.170829, 0.385894], [34.171012, 0.385688], [34.171334, 0.385321], [34.171767, 0.385622], [34.171883, 0.385047], [34.172595, 0.384335], [34.173532, 0.384293], [34.174308, 0.38425], [34.174877, 0.384921], [34.175105, 0.385037], [34.175245, 0.384323], [34.175586, 0.384601], [34.17595, 0.384994], [34.176613, 0.385112], [34.177228, 0.385552], [34.178002, 0.386085], [34.178895, 0.385559], [34.179053, 0.386112], [34.179417, 0.386413], [34.179713, 0.386875], [34.179735, 0.387014], [34.18017, 0.386854], [34.180213, 0.387407], [34.180417, 0.387846], [34.180965, 0.387848], [34.181445, 0.387896], [34.182176, 0.387761], [34.182335, 0.388176], [34.182013, 0.38852], [34.181988, 0.38905], [34.182468, 0.389144], [34.182832, 0.389353], [34.183198, 0.389285], [34.183675, 0.389886], [34.183809, 0.390785], [34.184215, 0.391938], [34.184418, 0.392538], [34.185969, 0.393373], [34.186518, 0.393145], [34.186996, 0.393539], [34.1875, 0.39331], [34.187864, 0.393519], [34.188684, 0.394237], [34.18875, 0.394744], [34.18971, 0.394817], [34.190577, 0.395074], [34.191123, 0.395491], [34.191144, 0.396112], [34.191325, 0.396482], [34.191782, 0.396415], [34.191872, 0.396691], [34.192282, 0.397015], [34.19308, 0.397502], [34.193397, 0.398287], [34.193921, 0.398658], [34.19406, 0.398174], [34.193789, 0.397275], [34.194019, 0.396907], [34.194381, 0.397761], [34.194653, 0.398292], [34.196021, 0.398919], [34.197025, 0.399246], [34.198096, 0.399942], [34.19813580839895, 0.4]]}}, {"type": "Feature", "properties": {"name": "Lusumu", "length_km": 51.659, "dist_to_gulf_km": 36.583, "n_segments": 3}, "geometry": {"type": "MultiLineString", "coordinates": [[[34.500575, 0.288458], [34.5019, 0.288408], [34.503155, 0.287997], [34.50384, 0.287745], [34.504181, 0.288299], [34.50434, 0.288898], [34.504818, 0.289244], [34.505091, 0.289798], [34.505548, 0.289315], [34.506051, 0.288464], [34.506166, 0.288211], [34.507078, 0.288421], [34.507397, 0.288491], [34.507353, 0.287661], [34.50749, 0.287178], [34.507969, 0.287133], [34.508516, 0.287664], [34.508677, 0.286905], [34.508769, 0.286214], [34.509294, 0.285732], [34.510185, 0.285181], [34.510322, 0.284721], [34.51021, 0.283776], [34.51053, 0.283408], [34.511624, 0.283734], [34.512331, 0.283459], [34.512629, 0.282769], [34.512151, 0.282261], [34.51149, 0.281707], [34.511765, 0.281108], [34.511516, 0.27991], [34.511562, 0.279127], [34.512042, 0.278645], [34.512658, 0.278715], [34.512796, 0.278071], [34.512296, 0.27701], [34.512252, 0.275743], [34.512276, 0.27473], [34.512596, 0.274362], [34.513532, 0.273904], [34.513988, 0.273928], [34.51442, 0.27492], [34.514761, 0.275496], [34.515582, 0.27589], [34.516015, 0.276098], [34.516199, 0.2752], [34.516747, 0.274787], [34.517909, 0.275204], [34.518957, 0.275967], [34.519504, 0.276291], [34.520417, 0.275994], [34.521193, 0.275696], [34.521876, 0.276412], [34.522491, 0.277311], [34.523404, 0.27683], [34.523862, 0.275633], [34.524888, 0.275866], [34.52507, 0.276327], [34.525342, 0.277295], [34.52582, 0.278264], [34.525819, 0.278609], [34.525818, 0.279254], [34.526068, 0.280038], [34.525907, 0.281028], [34.527184, 0.28133], [34.527755, 0.280525], [34.527483, 0.279488], [34.528054, 0.279006], [34.528786, 0.277787], [34.529449, 0.276154], [34.529428, 0.275186], [34.527399, 0.274306], [34.528221, 0.273917], [34.529111, 0.273919], [34.529862, 0.274681], [34.531003, 0.274292], [34.53203, 0.274272], [34.532759, 0.274596], [34.533216, 0.273998], [34.53415, 0.274852], [34.535586, 0.275455], [34.536476, 0.275618], [34.537115, 0.275182], [34.537616, 0.275552], [34.53798, 0.276036], [34.538369, 0.275392], [34.538826, 0.274703], [34.538211, 0.274102], [34.540243, 0.273301], [34.54095, 0.27328], [34.541542, 0.273627], [34.541154, 0.274133], [34.541107, 0.274938], [34.541609, 0.274779], [34.542134, 0.274158], [34.543163, 0.272802], [34.543232, 0.272341], [34.54362, 0.272342], [34.544281, 0.272712], [34.544507, 0.273611], [34.545167, 0.274626], [34.546444, 0.275251], [34.547082, 0.275483], [34.547835, 0.275623], [34.548859, 0.276846], [34.549656, 0.277884], [34.550339, 0.278876], [34.551389, 0.278349], [34.552075, 0.27713], [34.552281, 0.276394], [34.55308, 0.276096], [34.555108, 0.277322], [34.556064, 0.278522], [34.557067, 0.279192], [34.557751, 0.279539]], [[34.558709, 0.279081], [34.559209, 0.280164], [34.560052, 0.280742], [34.560348, 0.281618], [34.561032, 0.281274], [34.562035, 0.28176], [34.562719, 0.281946], [34.56354, 0.282202], [34.563655, 0.281603], [34.564362, 0.281536], [34.564659, 0.280984], [34.56532, 0.281423], [34.565205, 0.282021], [34.565547, 0.282575], [34.565912, 0.282138], [34.566232, 0.281632], [34.566893, 0.282279], [34.567416, 0.283178], [34.567233, 0.283823], [34.567322, 0.284721], [34.567756, 0.284469], [34.568782, 0.285093], [34.569762, 0.285556], [34.569968, 0.285096], [34.570492, 0.285281], [34.571495, 0.285952], [34.572178, 0.28646], [34.572656, 0.287405], [34.573316, 0.288559], [34.57368, 0.288559], [34.574866, 0.288793], [34.575686, 0.289555], [34.576073, 0.290016], [34.576803, 0.289972], [34.577167, 0.290456], [34.577874, 0.290619], [34.578694, 0.291197], [34.579401, 0.291728], [34.579468, 0.292327], [34.580676, 0.293113], [34.582545, 0.293579], [34.583959, 0.29395], [34.585054, 0.294206], [34.585098, 0.294759], [34.585598, 0.29582], [34.587604, 0.296769], [34.589019, 0.296588], [34.589521, 0.29599], [34.590319, 0.296683], [34.590751, 0.29749], [34.591412, 0.297791], [34.591799, 0.297931], [34.591822, 0.298322], [34.59173, 0.298852], [34.592162, 0.299451], [34.592344, 0.300074], [34.591887, 0.300119], [34.592092, 0.300603], [34.591749, 0.300878], [34.591589, 0.3012], [34.591817, 0.301569], [34.591337, 0.301822], [34.590493, 0.301958], [34.590287, 0.302395], [34.590332, 0.302994], [34.590605, 0.30357], [34.589943, 0.303638], [34.59001, 0.304467], [34.589919, 0.304605], [34.589463, 0.304396], [34.58944, 0.304834], [34.589622, 0.305157], [34.588823, 0.305178], [34.589073, 0.305915], [34.5893, 0.306791], [34.588751, 0.307826], [34.588133, 0.308999], [34.587266, 0.309435], [34.586922, 0.31047], [34.587355, 0.31107], [34.58788, 0.311002], [34.588244, 0.311441], [34.587626, 0.312775], [34.587623, 0.314709], [34.588442, 0.316323], [34.588737, 0.317314], [34.589077, 0.318467], [34.589441, 0.31932], [34.589485, 0.320126], [34.590534, 0.320681], [34.591742, 0.320868], [34.592677, 0.321147], [34.59279, 0.322022], [34.592561, 0.322759], [34.592514, 0.323334], [34.593016, 0.323589], [34.59361, 0.322807], [34.594545, 0.322833], [34.595274, 0.323387], [34.595774, 0.324217], [34.595682, 0.325138], [34.595247, 0.326058], [34.594972, 0.327048], [34.594971, 0.327739], [34.595472, 0.328569], [34.595608, 0.328915], [34.59563, 0.329537], [34.596107, 0.331012], [34.597359, 0.332143], [34.597746, 0.332651], [34.598542, 0.334265], [34.598838, 0.335003], [34.599408, 0.335073], [34.600412, 0.334914], [34.600867, 0.335537], [34.600911, 0.336274], [34.602118, 0.337705], [34.602801, 0.338605], [34.602869, 0.339112], [34.603394, 0.338767], [34.603941, 0.339022], [34.603962, 0.339943], [34.604919, 0.340706], [34.605647, 0.341928], [34.606285, 0.34262], [34.606672, 0.343335], [34.606762, 0.344072], [34.606578, 0.344993], [34.607033, 0.345938], [34.608196, 0.345619], [34.609108, 0.345782], [34.609929, 0.34613], [34.610703, 0.347099], [34.611113, 0.347699], [34.611525, 0.346387], [34.612164, 0.346319], [34.61385, 0.347268], [34.614603, 0.347546], [34.615446, 0.348123], [34.615993, 0.348194], [34.616313, 0.347665], [34.617248, 0.348151], [34.617772, 0.34852], [34.618137, 0.348245], [34.618662, 0.347924], [34.619139, 0.34903], [34.619801, 0.349239], [34.620349, 0.348619], [34.620737, 0.348435], [34.620715, 0.348113], [34.621262, 0.347953], [34.622085, 0.347126], [34.621698, 0.346503], [34.621928, 0.345053], [34.622181, 0.34381], [34.621634, 0.343348], [34.621658, 0.342818], [34.622457, 0.342337], [34.623141, 0.341993], [34.623963, 0.341788], [34.625057, 0.341974], [34.625741, 0.342275], [34.625718, 0.342391], [34.625216, 0.34262], [34.626287, 0.343267], [34.627245, 0.3435], [34.627837, 0.344192], [34.627973, 0.344607], [34.628383, 0.344976], [34.62877, 0.34523], [34.629157, 0.345991], [34.630067, 0.347122], [34.630705, 0.347999], [34.630932, 0.348483], [34.630817, 0.34922], [34.630998, 0.350003], [34.631386, 0.350234], [34.632731, 0.350905], [34.633277, 0.351229], [34.634532, 0.351485], [34.635489, 0.351879], [34.63631, 0.352019], [34.637222, 0.352206], [34.637656, 0.351746], [34.638044, 0.351655], [34.638385, 0.352301], [34.639411, 0.35251], [34.639776, 0.352419], [34.639389, 0.351957], [34.640096, 0.351798], [34.640894, 0.351915], [34.640871, 0.352468], [34.641326, 0.353067], [34.642695, 0.352633], [34.643175, 0.352266], [34.643745, 0.352221], [34.644565, 0.35296], [34.646434, 0.353794], [34.647756, 0.354442], [34.648599, 0.355134], [34.648667, 0.355595], [34.649212, 0.356656], [34.649508, 0.357278], [34.649394, 0.357531], [34.649302, 0.35813], [34.65035, 0.358409], [34.650966, 0.358548], [34.651057, 0.359009], [34.652173, 0.359519], [34.652744, 0.359382], [34.653814, 0.360375], [34.655615, 0.361001], [34.656755, 0.361602], [34.65737, 0.361811], [34.657827, 0.361351], [34.658648, 0.361745], [34.659287, 0.361447], [34.659903, 0.361333], [34.660745, 0.36221], [34.661474, 0.362673], [34.662362, 0.363711], [34.663206, 0.364151], [34.663707, 0.364751], [34.664345, 0.365052], [34.665233, 0.365883], [34.665779, 0.366736], [34.666577, 0.366899], [34.667376, 0.366878], [34.667877, 0.367386], [34.668286, 0.367847], [34.668925, 0.368102], [34.669199, 0.367573], [34.669609, 0.367874], [34.670475, 0.368613], [34.6715, 0.369191], [34.671773, 0.370043], [34.671702, 0.371494], [34.671588, 0.372047], [34.671678, 0.372576], [34.672179, 0.372877], [34.672178, 0.373453], [34.671721, 0.374373], [34.672267, 0.375157], [34.67286, 0.375458], [34.672768, 0.375734], [34.672357, 0.376355], [34.672561, 0.377184], [34.672857, 0.377392], [34.673358, 0.37767], [34.673198, 0.378038], [34.672855, 0.378659], [34.672854, 0.379741], [34.673332, 0.38018], [34.67397, 0.380642], [34.674358, 0.380228], [34.674951, 0.380437], [34.675429, 0.381313], [34.675907, 0.381545], [34.676248, 0.382421], [34.676407, 0.382628], [34.676976, 0.383269], [34.677255, 0.384072], [34.677601, 0.384645], [34.677993, 0.385333], [34.678453, 0.385883], [34.678867, 0.386295], [34.679029, 0.386731], [34.679398, 0.38735], [34.67947, 0.387925], [34.679726, 0.388751], [34.680255, 0.389278], [34.681055, 0.389435], [34.68188, 0.389868], [34.682385, 0.390325], [34.682888, 0.390415], [34.683363, 0.389677], [34.684141, 0.38988], [34.684327, 0.390408], [34.684756, 0.389625], [34.685459, 0.388748], [34.685663, 0.388632], [34.68637, 0.388352], [34.686897, 0.388764], [34.687512, 0.388416], [34.687623, 0.387864], [34.688468, 0.387998], [34.689608, 0.387578], [34.690081, 0.386496], [34.690694, 0.385964], [34.692108, 0.385612], [34.692995, 0.384987], [34.693791, 0.384432], [34.694271, 0.38459], [34.69428, 0.386062], [34.695171, 0.386058], [34.695602, 0.385573], [34.696041, 0.386399], [34.696185, 0.387548], [34.697281, 0.387612], [34.698308, 0.387469], [34.698722, 0.38795], [34.699207, 0.388913], [34.699326, 0.38974], [34.699262, 0.390476], [34.699426, 0.391096], [34.70025, 0.391369], [34.700276, 0.391966], [34.699941, 0.393233], [34.700608, 0.393942], [34.70052, 0.394517], [34.701185, 0.39502], [34.701895, 0.395339], [34.702056, 0.395568], [34.702533, 0.395106], [34.70416, 0.395972], [34.704444, 0.397764], [34.705291, 0.398128], [34.705614, 0.398609], [34.705778, 0.399206], [34.70598447544643, 0.4]], [[34.7069353060241, 0.4], [34.707128, 0.399706], [34.707949, 0.39961], [34.708309070838254, 0.4]]]}}, {"type": "Feature", "properties": {"name": "Miriu (Sondu)", "length_km": 48.869, "dist_to_gulf_km": 0.0, "n_segments": 2}, "geometry": {"type": "MultiLineString", "coordinates": [[[34.82283, -0.36991], [34.822279, -0.371062], [34.822988, -0.372471], [34.82278, -0.373601], [34.822367, -0.374453], [34.821977, -0.37526], [34.821587, -0.375997], [34.822022, -0.376459], [34.823372, -0.377362], [34.824538, -0.378034], [34.825271, -0.378336], [34.825567, -0.379674], [34.825634, -0.380989], [34.825473, -0.381888], [34.8249, -0.382648], [34.823664, -0.382761], [34.822221, -0.382919], [34.82206, -0.383472], [34.823135, -0.384259], [34.824096, -0.384677], [34.825241, -0.385164], [34.825882, -0.385257], [34.827736, -0.385077], [34.830026, -0.384921], [34.832086, -0.385318], [34.833276, -0.385713], [34.833917, -0.385484], [34.834648, -0.386662], [34.836341, -0.38745], [34.838172, -0.388285], [34.838721, -0.389163], [34.839292, -0.390179], [34.840826, -0.389814], [34.842841, -0.389334], [34.844765, -0.388785], [34.846504, -0.389043], [34.848198, -0.389531], [34.849411, -0.38958], [34.851128, -0.389469], [34.852662, -0.389426], [34.854265, -0.389499], [34.855524, -0.38941], [34.856852, -0.389275], [34.85779, -0.389208], [34.858958, -0.389257], [34.859347, -0.389765], [34.859552, -0.390388], [34.85875, -0.391425], [34.860168, -0.392674], [34.861494, -0.393738], [34.862409, -0.394547], [34.863394, -0.394342], [34.864584, -0.394183], [34.865775, -0.393517], [34.866211, -0.392595], [34.866487, -0.391719], [34.867724, -0.39103], [34.870013, -0.391451], [34.871866, -0.392101], [34.873148, -0.392888], [34.874841, -0.393354], [34.876214, -0.394164], [34.877038, -0.394535], [34.877724, -0.394906], [34.878296, -0.394792], [34.878916, -0.393502], [34.879535, -0.392696], [34.880794, -0.392883], [34.882121, -0.393371], [34.884044, -0.393468], [34.885051, -0.393332], [34.886424, -0.393681], [34.887202, -0.394513], [34.887796, -0.395391], [34.88823, -0.396568], [34.888389, -0.397468], [34.888434, -0.398507], [34.889212, -0.398762], [34.890312, -0.397911], [34.890428, -0.39662], [34.890956, -0.394845], [34.891873, -0.393809], [34.892743, -0.393165], [34.894141, -0.391715], [34.895287, -0.390564], [34.896203, -0.390774], [34.897209, -0.391699], [34.897942, -0.391609], [34.89856, -0.39108], [34.899706, -0.389675], [34.901058, -0.388387], [34.902455, -0.387859], [34.9036, -0.387862], [34.905226, -0.387128], [34.907195, -0.386509], [34.90905, -0.385983], [34.91118, -0.384881], [34.912097, -0.383776], [34.914479, -0.382766], [34.915303, -0.382768], [34.915966, -0.383854], [34.916399, -0.385724], [34.916123, -0.38713], [34.916144, -0.38833], [34.914563, -0.389802], [34.915226, -0.390611], [34.915774, -0.391927], [34.915568, -0.392503], [34.91401, -0.393122], [34.913574, -0.394252], [34.914305, -0.395522], [34.914762, -0.39693], [34.914784, -0.397761], [34.914416, -0.398821], [34.914209, -0.40002], [34.914575, -0.400528], [34.916521, -0.400464], [34.918123, -0.400514], [34.919474, -0.400817], [34.921236, -0.401074], [34.922541, -0.40087], [34.923481, -0.399903], [34.925244, -0.399492], [34.925954, -0.399263], [34.926458, -0.398895], [34.926663, -0.399657], [34.926662, -0.400718], [34.92815, -0.400791], [34.930074, -0.399826], [34.930852, -0.399851], [34.930072, -0.401003], [34.929292, -0.402823], [34.929474, -0.403885], [34.930045, -0.405408], [34.930136, -0.406354], [34.93002, -0.407277], [34.929744, -0.408406], [34.929973, -0.408776], [34.931117, -0.409355], [34.932559, -0.409566], [34.93462, -0.408856], [34.935444, -0.40842], [34.936543, -0.408422], [34.937481, -0.408978], [34.938099, -0.409602], [34.938762, -0.410342], [34.939746, -0.410713], [34.942058, -0.410626], [34.944095, -0.41077], [34.945469, -0.410773], [34.946178, -0.410705], [34.946589, -0.411767], [34.947688, -0.41207], [34.949199, -0.411912], [34.949679, -0.41189], [34.950319, -0.412975], [34.951236, -0.41349], [34.952472, -0.413427], [34.953275, -0.413062], [34.954009, -0.412465], [34.955566, -0.412451], [34.957188, -0.412875], [34.957558, -0.411999], [34.958609, -0.412351], [34.959339, -0.412863], [34.960323, -0.412891], [34.961789, -0.412507], [34.963027, -0.412167], [34.964448, -0.411597], [34.964885, -0.410907], [34.964021, -0.409794], [34.964023, -0.409263], [34.966313, -0.408768], [34.967502, -0.409028], [34.967452, -0.410113], [34.967747, -0.410622], [34.968845, -0.410674], [34.970611, -0.40976], [34.973158, -0.408227], [34.974512, -0.407241], [34.975131, -0.406898], [34.975566, -0.406993], [34.976593, -0.407622], [34.977917, -0.40839], [34.979034, -0.40925], [34.980105, -0.410249], [34.981291, -0.411247], [34.982295, -0.411968], [34.983076, -0.411257], [34.983766, -0.410453], [34.984727, -0.410296], [34.98555, -0.410508], [34.986257, -0.410997], [34.987033, -0.411555], [34.987634, -0.410058], [34.988009, -0.408028], [34.988061, -0.406666], [34.988613, -0.406069], [34.990629, -0.40541], [34.991957, -0.405256], [34.992941, -0.40533], [34.994018, -0.404897], [34.995258, -0.403865], [34.996383, -0.402925], [34.99753, -0.402238], [34.999064, -0.4022], [34.999705, -0.40218], [35.000412, -0.402692]], [[34.82283, -0.36991], [34.823158, -0.368721], [34.822769, -0.368259], [34.82222, -0.368097], [34.821076, -0.367934], [34.820458, -0.367426], [34.819933, -0.365743], [34.819157, -0.363898], [34.817877, -0.362237], [34.817603, -0.361222], [34.816666, -0.360046], [34.81566, -0.358707], [34.814494, -0.357277], [34.813396, -0.35633], [34.812642, -0.354969], [34.81214, -0.354254], [34.811019, -0.353238], [34.810883, -0.352293], [34.811318, -0.35128], [34.811549, -0.349828], [34.811092, -0.34849], [34.810246, -0.347959], [34.809513, -0.348396], [34.808756, -0.350192], [34.808503, -0.351229], [34.807931, -0.351666], [34.806489, -0.351549], [34.805711, -0.351248], [34.80404, -0.351038], [34.802758, -0.351313], [34.801316, -0.351633], [34.800126, -0.351655], [34.799005, -0.3514], [34.798319, -0.350753], [34.797953, -0.350153], [34.797382, -0.349139], [34.797085, -0.348354], [34.796605, -0.347501], [34.795805, -0.34697], [34.79466, -0.34683], [34.793493, -0.346644], [34.792075, -0.345996], [34.791251, -0.345672], [34.790337, -0.344818], [34.790498, -0.343896], [34.791162, -0.34286], [34.791941, -0.342331], [34.792903, -0.341826], [34.793544, -0.341504], [34.793636, -0.340605], [34.793432, -0.339476], [34.79286, -0.338599], [34.792265, -0.338298], [34.791624, -0.338597], [34.7908, -0.339287], [34.790158, -0.339793], [34.789517, -0.339908], [34.788693, -0.34016], [34.788213, -0.339952], [34.787664, -0.33949], [34.786978, -0.339028], [34.786703, -0.33935], [34.786542, -0.339903], [34.786107, -0.339626], [34.785628, -0.338427], [34.785653, -0.336214], [34.785906, -0.335062], [34.785334, -0.334278], [34.784808, -0.333747], [34.784236, -0.333515], [34.783482, -0.332592], [34.783094, -0.331716], [34.782957, -0.330955], [34.783713, -0.330081], [34.784492, -0.329229], [34.785912, -0.328701], [34.786873, -0.329002], [34.78804, -0.329488], [34.788658, -0.329489], [34.789734, -0.328983], [34.790673, -0.328431], [34.790765, -0.328086], [34.7893, -0.32753], [34.788591, -0.327184], [34.788089, -0.326146], [34.787838, -0.325085], [34.788022, -0.323841], [34.787817, -0.322849], [34.786994, -0.321719], [34.785896, -0.321464], [34.784981, -0.321024], [34.784867, -0.320425], [34.785783, -0.320081], [34.786035, -0.319505], [34.78528, -0.319204], [34.78441, -0.319226], [34.783701, -0.31904], [34.783656, -0.318349], [34.783427, -0.318187], [34.782512, -0.318301], [34.782465, -0.318877], [34.783151, -0.319823], [34.782715, -0.320376], [34.781823, -0.320467], [34.781595, -0.319798], [34.781549, -0.31906], [34.781069, -0.318714], [34.780429, -0.317653], [34.780407, -0.316685], [34.779974, -0.315647], [34.780043, -0.314909], [34.779494, -0.314171], [34.778304, -0.314054], [34.777297, -0.314398], [34.776129, -0.314811], [34.775306, -0.314257], [34.774323, -0.313195], [34.77318, -0.311626], [34.772288, -0.310887], [34.771098, -0.310217], [34.770023, -0.309662], [34.769085, -0.309453], [34.769109, -0.308301], [34.768972, -0.307379], [34.768492, -0.307263], [34.767551, -0.309589], [34.766658, -0.309749], [34.766246, -0.310025], [34.765834, -0.310785], [34.765353, -0.310324], [34.764713, -0.309539], [34.763272, -0.309099], [34.762721, -0.309974], [34.761164, -0.31094], [34.760546, -0.310662], [34.760182, -0.309094], [34.759429, -0.306927], [34.759384, -0.306051], [34.758973, -0.304782], [34.758081, -0.304159], [34.757533, -0.303075], [34.757786, -0.301254], [34.757788, -0.299825], [34.757972, -0.298558], [34.758706, -0.296577], [34.758799, -0.295655], [34.75825, -0.294686], [34.757679, -0.294132], [34.756237, -0.293508], [34.755849, -0.292493], [34.756103, -0.29088], [34.755966, -0.289727], [34.75551, -0.288505], [34.754939, -0.287375]]]}}, {"type": "Feature", "properties": {"name": "Riana", "length_km": 46.002, "dist_to_gulf_km": 15.968, "n_segments": 5}, "geometry": {"type": "MultiLineString", "coordinates": [[[34.500204, -0.732818], [34.500295, -0.732564], [34.500271, -0.732149], [34.500338, -0.731527], [34.500907, -0.731157], [34.501386, -0.73088], [34.501567, -0.73058], [34.50127, -0.730189], [34.500905, -0.730121], [34.50095, -0.729844], [34.501497, -0.729613], [34.501953, -0.729543], [34.502682, -0.729219], [34.503707, -0.728733], [34.505051, -0.728016], [34.506054, -0.727438], [34.507033, -0.727021], [34.507831, -0.726766], [34.508195, -0.726143], [34.508581, -0.72575], [34.509152, -0.726026], [34.509883, -0.726393], [34.51043, -0.726276], [34.511136, -0.725515], [34.511385, -0.724869], [34.512023, -0.724706], [34.512502, -0.724775], [34.513211, -0.725257], [34.514055, -0.725439], [34.515583, -0.725252], [34.515971, -0.725113], [34.516403, -0.724582], [34.516857, -0.724005], [34.517153, -0.723797], [34.51761, -0.723773], [34.517906, -0.723703], [34.518086, -0.722897], [34.51886, -0.722066], [34.519315, -0.721443], [34.519746, -0.720659], [34.519699, -0.719991], [34.518805, -0.718449], [34.518553, -0.717643], [34.518435, -0.7164], [34.518571, -0.715708], [34.518362, -0.714488], [34.518475, -0.713958], [34.518634, -0.713612], [34.518382, -0.713198], [34.51644, -0.712211], [34.516256, -0.711336], [34.516596, -0.710345], [34.517005, -0.709791], [34.51737, -0.709767], [34.517713, -0.710366], [34.517963, -0.709881], [34.518028, -0.70866], [34.517571, -0.708108], [34.51789, -0.707923], [34.517478, -0.707579], [34.517614, -0.707279], [34.517888, -0.707163], [34.518135, -0.705665], [34.517472, -0.705114], [34.517379, -0.704192], [34.517421, -0.702925], [34.51742, -0.702211], [34.517714, -0.70145], [34.517826, -0.700529], [34.518442, -0.700435], [34.518828, -0.699835], [34.518506, -0.698661], [34.518662, -0.697163], [34.518842, -0.696311], [34.518931, -0.695366], [34.519247, -0.694191], [34.519908, -0.693797], [34.520524, -0.693888], [34.521048, -0.693565], [34.521161, -0.69315], [34.521595, -0.693541], [34.52196, -0.69354], [34.522005, -0.693056], [34.522712, -0.6931], [34.523693, -0.693006], [34.524673, -0.692636], [34.524853, -0.691967], [34.52524, -0.691413], [34.525811, -0.691689], [34.526654, -0.691341], [34.527405, -0.69051], [34.527746, -0.690049], [34.52843, -0.690209], [34.528384, -0.689817], [34.528908, -0.689839], [34.528907, -0.689402], [34.528951, -0.688733], [34.529042, -0.688388], [34.529521, -0.688663], [34.529748, -0.688087], [34.530065, -0.687188], [34.530862, -0.686357], [34.53159, -0.685756], [34.532616, -0.685339], [34.533527, -0.685015], [34.534256, -0.684414], [34.534758, -0.684759], [34.535033, -0.685173], [34.535648, -0.684964], [34.536057, -0.683973], [34.536238, -0.683466], [34.536419, -0.683004], [34.537332, -0.683164], [34.537538, -0.683325], [34.538836, -0.682562], [34.539315, -0.682699], [34.539454, -0.683459], [34.539547, -0.68415], [34.539685, -0.684679], [34.540301, -0.684862], [34.54085, -0.685137], [34.541033, -0.685437], [34.541581, -0.685666], [34.542084, -0.68601], [34.543178, -0.685962], [34.543313, -0.68527], [34.54395, -0.684394], [34.544407, -0.684669], [34.544409, -0.685568], [34.54473, -0.686212], [34.545232, -0.686418], [34.545506, -0.686233], [34.545665, -0.68591], [34.546211, -0.685356], [34.546781, -0.685378], [34.546851, -0.685954], [34.547057, -0.686437], [34.547422, -0.686391], [34.54797, -0.686482], [34.548472, -0.68648], [34.548425, -0.686181], [34.548355, -0.685306], [34.548856, -0.685167], [34.549313, -0.685281], [34.549747, -0.685741], [34.550158, -0.685993], [34.55057, -0.6862], [34.550888, -0.685922], [34.551023, -0.685139], [34.551797, -0.684561], [34.552206, -0.683869], [34.552798, -0.683546], [34.553254, -0.683337], [34.554167, -0.683382], [34.55476, -0.683472], [34.554691, -0.683104], [34.55453, -0.682713], [34.554803, -0.682436], [34.554962, -0.68209], [34.555303, -0.681905], [34.55576, -0.681881], [34.556125, -0.68211], [34.556284, -0.68158], [34.556374, -0.681142], [34.556464, -0.68082], [34.556714, -0.680335], [34.556987, -0.680266], [34.557239, -0.680726], [34.55765, -0.680541], [34.557785, -0.680103], [34.558242, -0.680401], [34.558881, -0.680538], [34.55904, -0.680261], [34.559336, -0.680076], [34.560159, -0.680512], [34.560636, -0.679981], [34.561958, -0.679242], [34.562367, -0.678596], [34.562639, -0.678157], [34.563117, -0.677811], [34.563392, -0.678363], [34.564008, -0.678108], [34.565285, -0.678175], [34.566175, -0.678035], [34.56663, -0.677757], [34.567313, -0.677387], [34.567883, -0.677133], [34.568546, -0.677684], [34.569186, -0.678236], [34.569666, -0.678488], [34.570122, -0.678487], [34.570621, -0.677634], [34.571236, -0.677241], [34.571965, -0.676894], [34.57258, -0.676316], [34.573286, -0.675854], [34.574449, -0.675575], [34.574927, -0.67539], [34.575611, -0.675089], [34.575952, -0.674651], [34.576316, -0.674235], [34.577, -0.674372], [34.57782, -0.673564], [34.578114, -0.672826], [34.578478, -0.672296], [34.579025, -0.672271], [34.579549, -0.672086], [34.580005, -0.671809], [34.580552, -0.671738], [34.581032, -0.671968], [34.581304, -0.671506], [34.581807, -0.671805], [34.582514, -0.671965], [34.582901, -0.671618], [34.583108, -0.672194], [34.583656, -0.672262], [34.583906, -0.6721], [34.583974, -0.6718], [34.584384, -0.671454], [34.584499, -0.672006], [34.584295, -0.672652], [34.584456, -0.673043], [34.58457, -0.672997], [34.585071, -0.672558], [34.585366, -0.672212], [34.585845, -0.672027], [34.585937, -0.67251], [34.586643, -0.672094], [34.587396, -0.672162], [34.587623, -0.6717], [34.587897, -0.671907], [34.588947, -0.672181], [34.589724, -0.672433], [34.590248, -0.672248], [34.590338, -0.671971], [34.590818, -0.672385], [34.591366, -0.672407], [34.591799, -0.67229], [34.592345, -0.67169], [34.592526, -0.671275], [34.592914, -0.671182], [34.59312, -0.67162], [34.594077, -0.671203], [34.594465, -0.671087], [34.594694, -0.671547], [34.595447, -0.671592], [34.595562, -0.672029], [34.596017, -0.671659], [34.596793, -0.67175], [34.597203, -0.671496], [34.596882, -0.671059], [34.596836, -0.670598], [34.596927, -0.670575], [34.597224, -0.670643], [34.597407, -0.671219], [34.597658, -0.671126], [34.598023, -0.67101], [34.598617, -0.671308], [34.598868, -0.671515], [34.598641, -0.671815], [34.598915, -0.671884], [34.600055, -0.67195], [34.600488, -0.671857], [34.601992, -0.671025], [34.602879, -0.670217], [34.603403, -0.669893], [34.603881, -0.6695], [34.604178, -0.669477], [34.603905, -0.67003], [34.603838, -0.670353], [34.604271, -0.670444], [34.604749, -0.669867], [34.605229, -0.670235], [34.605435, -0.670626], [34.60621, -0.670302], [34.60655, -0.66938], [34.607188, -0.669148], [34.608282, -0.668938], [34.608578, -0.66873], [34.608668, -0.668338]], [[34.608668, -0.668338], [34.608646, -0.668292]], [[34.608668, -0.668338], [34.608577, -0.668154], [34.608986, -0.66767], [34.609375, -0.668084], [34.609853, -0.667714], [34.609672, -0.668382], [34.60965, -0.668659], [34.609947, -0.668704], [34.610358, -0.669003], [34.610654, -0.669002], [34.610562, -0.668611], [34.611384, -0.668909], [34.612069, -0.669022], [34.612706, -0.668376], [34.613161, -0.667845], [34.613754, -0.667775], [34.614072, -0.667313], [34.614345, -0.667152], [34.614666, -0.667727], [34.614804, -0.668049], [34.615875, -0.66777], [34.616355, -0.668391], [34.616813, -0.668782], [34.617224, -0.669311], [34.618501, -0.668917], [34.620302, -0.668751], [34.62003, -0.66919], [34.62019, -0.669512], [34.621057, -0.669671], [34.621036, -0.670293], [34.62138, -0.670937], [34.621859, -0.670913], [34.622454, -0.671718], [34.623185, -0.672293], [34.623619, -0.672476], [34.624031, -0.672867], [34.624329, -0.673626], [34.624741, -0.674155], [34.625037, -0.674039], [34.625081, -0.67351], [34.625492, -0.673693], [34.625539, -0.673992], [34.62611, -0.674291], [34.627045, -0.674127], [34.62773, -0.674448], [34.628116, -0.673872], [34.628731, -0.673525], [34.629598, -0.673615], [34.630122, -0.673545], [34.630603, -0.674051], [34.630991, -0.674488], [34.631608, -0.674578], [34.632268, -0.673978], [34.632585, -0.673263], [34.632995, -0.672917], [34.634043, -0.672293], [34.634429, -0.671693], [34.634632, -0.671047], [34.63495, -0.670517], [34.635453, -0.670769], [34.635728, -0.671183], [34.63598, -0.671621], [34.636185, -0.671781], [34.636436, -0.671689], [34.636365, -0.670813], [34.63625, -0.670422], [34.636704, -0.669477], [34.637387, -0.668899], [34.638413, -0.668874], [34.638984, -0.669034], [34.639692, -0.669516], [34.640424, -0.670068], [34.64104, -0.670089], [34.641246, -0.670573], [34.640676, -0.670804], [34.641134, -0.671264], [34.641386, -0.671862], [34.642162, -0.671976], [34.642321, -0.671584], [34.642525, -0.671054], [34.643618, -0.670591], [34.644301, -0.669944], [34.644893, -0.669482], [34.645532, -0.66978]], [[34.645532, -0.66978], [34.645805, -0.669457], [34.646215, -0.669318], [34.646488, -0.668719], [34.647079, -0.668188], [34.647581, -0.668256], [34.648721, -0.667954], [34.649655, -0.66756], [34.650545, -0.66765], [34.651436, -0.668201], [34.652029, -0.668223], [34.652324, -0.667693], [34.652871, -0.667507], [34.653237, -0.66776], [34.653648, -0.667874], [34.653715, -0.667528], [34.65376, -0.667183], [34.654261, -0.666882], [34.654648, -0.666697], [34.654877, -0.666996], [34.655354, -0.666028], [34.655627, -0.665728], [34.656108, -0.666625], [34.656972, -0.665379], [34.657903, -0.663949], [34.659725, -0.662724], [34.660636, -0.662216], [34.661867, -0.661752], [34.662778, -0.661474], [34.663211, -0.66122], [34.662479, -0.660553], [34.662021, -0.659656], [34.662474, -0.658503], [34.66277, -0.658111], [34.662609, -0.657512], [34.662653, -0.657121], [34.663156, -0.657304], [34.663383, -0.656958], [34.663496, -0.656543], [34.664247, -0.656011], [34.66468, -0.655734], [34.665752, -0.655801], [34.66623, -0.65527], [34.667461, -0.655037], [34.668555, -0.654574], [34.669351, -0.65395], [34.670103, -0.653603], [34.670648, -0.65245], [34.671376, -0.651873], [34.672129, -0.652079], [34.672768, -0.652216], [34.674182, -0.651867], [34.674454, -0.651337], [34.674728, -0.651244], [34.675367, -0.651634], [34.676211, -0.651701], [34.677329, -0.651561], [34.677945, -0.651698], [34.678674, -0.651535], [34.679108, -0.651787], [34.680409, -0.652222], [34.681117, -0.652244], [34.681459, -0.652151], [34.681642, -0.652611], [34.682144, -0.652725], [34.682919, -0.652563], [34.683444, -0.652654], [34.68438, -0.652974], [34.685066, -0.653594], [34.68655, -0.654098], [34.688306, -0.65421], [34.689606, -0.653976], [34.691544, -0.653719], [34.693437, -0.653669], [34.694485, -0.653206], [34.696514, -0.65304], [34.697449, -0.652923], [34.69859, -0.653036]], [[34.69859, -0.653036], [34.700268, -0.653675], [34.701957, -0.654407], [34.703122, -0.655095], [34.704672, -0.655067], [34.70563, -0.655409], [34.707134, -0.655059], [34.70857, -0.654733], [34.710758, -0.654403], [34.712627, -0.654191], [34.715478, -0.654573], [34.717553, -0.654797], [34.718009, -0.654842], [34.718876, -0.655093], [34.719812, -0.655597], [34.720657, -0.655893], [34.722481, -0.656003], [34.724488, -0.656342], [34.726313, -0.656729], [34.726586, -0.656221], [34.727933, -0.656977], [34.728641, -0.657551], [34.729667, -0.657593], [34.731104, -0.657889], [34.732336, -0.658138], [34.732884, -0.658436], [34.733637, -0.658664], [34.735347, -0.658613], [34.736121, -0.658357], [34.737534, -0.657961], [34.739129, -0.657703], [34.739676, -0.657425], [34.739834, -0.657148], [34.740267, -0.656893], [34.740951, -0.656868], [34.74184, -0.656635], [34.743185, -0.6567], [34.744461, -0.65665], [34.745169, -0.656948], [34.745876, -0.657037], [34.746604, -0.656367], [34.74763, -0.656594], [34.748565, -0.656592], [34.749834, -0.656511], [34.750129, -0.656341]], [[34.500204, -0.732818], [34.499674, -0.733295], [34.498714, -0.732999], [34.497913, -0.732587], [34.497481, -0.733142], [34.496867, -0.733744], [34.496276, -0.734185], [34.496392, -0.734738], [34.49724, -0.73538], [34.497333, -0.735657], [34.497037, -0.735888], [34.496236, -0.735615], [34.495711, -0.735571], [34.495551, -0.735548], [34.494817, -0.734859], [34.494614, -0.735391], [34.495555, -0.736378], [34.4951, -0.736818], [34.494623, -0.737281], [34.49398, -0.736569], [34.493045, -0.73685], [34.492019, -0.737223], [34.491179, -0.738264], [34.490361, -0.739097], [34.489448, -0.739308], [34.488447, -0.739981], [34.487102, -0.740609], [34.486558, -0.741464], [34.486035, -0.74195], [34.485125, -0.742738], [34.484328, -0.743248], [34.483409, -0.741961], [34.482818, -0.742447], [34.482225, -0.74268], [34.481857, -0.742151], [34.481992, -0.741643], [34.481762, -0.741368], [34.481398, -0.741507], [34.480919, -0.741786], [34.480575, -0.741464], [34.479844, -0.741398], [34.479548, -0.741607], [34.479, -0.74154], [34.478634, -0.741426], [34.477562, -0.741592], [34.476945, -0.741617], [34.476421, -0.741734], [34.476309, -0.742311], [34.476994, -0.742217], [34.476858, -0.742517], [34.477202, -0.742792], [34.477251, -0.743484], [34.476359, -0.743164], [34.475787, -0.743051], [34.47451, -0.743287], [34.473825, -0.743451], [34.473046, -0.742855], [34.472018, -0.742651], [34.470646, -0.742288], [34.470396, -0.742588], [34.470233, -0.741966], [34.469545, -0.741208]]]}}, {"type": "Feature", "properties": {"name": "Marmar", "length_km": 43.957, "dist_to_gulf_km": 36.45, "n_segments": 2}, "geometry": {"type": "MultiLineString", "coordinates": [[[35.293688, -0.482817], [35.294372, -0.481942], [35.294782, -0.481459], [35.295489, -0.480768], [35.29615, -0.47987], [35.296606, -0.479939], [35.296856, -0.479594], [35.296468, -0.478787], [35.296422, -0.47828], [35.296673, -0.47805], [35.29722, -0.478188], [35.297311, -0.477497], [35.297037, -0.47646], [35.296923, -0.476045], [35.297219, -0.475677], [35.297401, -0.475124], [35.297674, -0.474202], [35.29813, -0.473396], [35.298722, -0.472774], [35.299452, -0.472015], [35.299702, -0.471277], [35.299907, -0.470494], [35.3, -0.4703755951219523]], [[35.3, -0.4792760593114158], [35.293848, -0.482679], [35.293643, -0.482909], [35.292981, -0.482978], [35.292457, -0.482793], [35.29216, -0.482816], [35.291955, -0.483576], [35.291614, -0.484314], [35.291089, -0.48452], [35.290565, -0.48475], [35.290064, -0.485856], [35.289813, -0.48634], [35.289928, -0.487607], [35.289541, -0.488483], [35.289039, -0.488805], [35.288333, -0.488897], [35.286896, -0.488665], [35.28628, -0.488688], [35.28514, -0.489378], [35.284798, -0.488732], [35.283543, -0.489031], [35.283156, -0.490114], [35.282427, -0.490274], [35.281742, -0.490159], [35.281195, -0.489928], [35.280807, -0.489743], [35.280465, -0.489927], [35.280055, -0.490411], [35.279896, -0.490895], [35.280147, -0.491102], [35.280352, -0.491632], [35.279942, -0.492139], [35.279554, -0.492116], [35.279189, -0.491885], [35.278232, -0.492437], [35.277753, -0.493174], [35.277252, -0.49398], [35.277024, -0.494879], [35.276546, -0.49557], [35.275862, -0.495316], [35.275383, -0.4955], [35.274813, -0.495707], [35.27454, -0.496283], [35.274312, -0.497158], [35.273674, -0.497388], [35.272305, -0.497203], [35.271894, -0.497133], [35.271392, -0.496603], [35.270777, -0.496809], [35.269135, -0.4975], [35.268725, -0.497292], [35.268063, -0.497015], [35.267379, -0.497521], [35.266809, -0.497498], [35.266307, -0.496875], [35.264802, -0.497081], [35.263958, -0.497219], [35.263297, -0.497011], [35.262977, -0.496527], [35.262703, -0.496112], [35.261609, -0.496618], [35.260993, -0.496733], [35.260628, -0.496225], [35.259944, -0.496017], [35.259351, -0.495902], [35.258826, -0.495394], [35.257548, -0.494886], [35.256978, -0.494793], [35.25618, -0.494447], [35.255244, -0.493963], [35.254947, -0.493363], [35.254286, -0.493685], [35.254012, -0.493178], [35.253032, -0.493131], [35.252484, -0.493108], [35.252119, -0.492646], [35.251822, -0.49207], [35.251412, -0.492024], [35.250796, -0.492277], [35.250272, -0.492368]], [[35.217005, -0.476498], [35.217759, -0.477233], [35.218558, -0.477532], [35.21913, -0.47721], [35.219335, -0.477486], [35.219175, -0.477876], [35.219586, -0.478313], [35.220089, -0.478772], [35.220203, -0.478979], [35.219929, -0.479529], [35.219906, -0.480103], [35.220294, -0.480448], [35.220317, -0.480838], [35.220934, -0.481183], [35.221345, -0.481436], [35.221619, -0.481527], [35.221596, -0.48201], [35.221664, -0.482377], [35.222076, -0.482423], [35.222327, -0.482676], [35.222647, -0.482607], [35.222921, -0.483181], [35.223378, -0.483204], [35.22372, -0.484329], [35.224726, -0.484651], [35.225525, -0.485133], [35.225456, -0.485891], [35.226393, -0.487016], [35.227033, -0.487453], [35.227444, -0.488096], [35.227535, -0.48844], [35.227992, -0.489175], [35.2287, -0.489543], [35.229683, -0.489153], [35.231854, -0.489062], [35.233065, -0.489751], [35.233384, -0.49021], [35.234139, -0.490624], [35.234847, -0.491428], [35.235372, -0.492392], [35.235646, -0.493081], [35.236811, -0.493632], [35.236811, -0.494711], [35.236719, -0.495607], [35.236879, -0.495928], [35.237221, -0.495859], [35.237542, -0.495309], [35.238022, -0.495125], [35.238319, -0.495263], [35.238273, -0.495975], [35.238935, -0.496572], [35.239186, -0.496962], [35.239712, -0.496871], [35.240603, -0.497238], [35.241768, -0.497904], [35.242705, -0.497905], [35.243482, -0.497722], [35.24426, -0.497148], [35.24554, -0.496207], [35.246614, -0.495381], [35.247528, -0.494693], [35.248694, -0.493982], [35.249334, -0.493431], [35.250066, -0.493041], [35.250272, -0.492368]]]}}, {"type": "Feature", "properties": {"name": "Gucha", "length_km": 43.039, "dist_to_gulf_km": 25.133, "n_segments": 3}, "geometry": {"type": "MultiLineString", "coordinates": [[[34.809536, -0.749148], [34.808905, -0.748564], [34.808273, -0.748049], [34.807821, -0.747674], [34.807598, -0.747303], [34.808127, -0.746941], [34.808726, -0.746443], [34.80913, -0.745158], [34.809068, -0.744697], [34.80901, -0.743821], [34.809339, -0.743111], [34.810098, -0.742545], [34.810431, -0.74149], [34.810459, -0.741053], [34.810081, -0.740311], [34.809769, -0.739731], [34.809711, -0.738925], [34.810064, -0.737985], [34.810893, -0.737374], [34.811261, -0.737125], [34.811994, -0.736882], [34.812387, -0.736449], [34.812787, -0.735533], [34.813204, -0.734963], [34.813703, -0.7352], [34.813916, -0.734627], [34.814181, -0.733479], [34.814628, -0.732425], [34.814656, -0.731942], [34.814341, -0.731661], [34.81444, -0.731018], [34.815434, -0.729948], [34.816362, -0.728694], [34.816571, -0.728443], [34.816574, -0.728213], [34.816469, -0.727498], [34.816566, -0.726969], [34.817027, -0.726653], [34.817844, -0.72694], [34.817897, -0.726388], [34.817473, -0.725645], [34.81785, -0.724683], [34.817994, -0.724109], [34.817978, -0.723533], [34.818818, -0.723821], [34.819415, -0.723506], [34.820219, -0.723033], [34.821042, -0.722951], [34.821701, -0.723144], [34.822211, -0.722437], [34.822327, -0.722277], [34.822802, -0.722583], [34.823008, -0.722562], [34.823058, -0.722172], [34.822362, -0.721357], [34.822299, -0.720941], [34.822234, -0.720595], [34.821417, -0.720331], [34.820923, -0.71968], [34.821072, -0.718714], [34.821157, -0.717403], [34.821643, -0.716833], [34.822192, -0.716702], [34.822697, -0.716502], [34.82234, -0.715806], [34.821957, -0.715432], [34.821943, -0.714764], [34.823092, -0.714066], [34.822708, -0.713761], [34.82214, -0.713592], [34.821641, -0.713379], [34.821683, -0.711882], [34.822014, -0.710965], [34.822443, -0.71127], [34.82294, -0.711668], [34.823152, -0.711095], [34.823727, -0.710757], [34.823597, -0.710226], [34.823032, -0.709781], [34.82232, -0.710163], [34.822183, -0.710162], [34.821716, -0.709234], [34.820942, -0.709109], [34.820376, -0.708802], [34.820543, -0.708183], [34.821727, -0.706586], [34.82205, -0.706291], [34.822127, -0.705555], [34.822717, -0.705816], [34.823283, -0.706192], [34.823574, -0.706564], [34.824014, -0.706086], [34.824179, -0.705628], [34.82366, -0.705206], [34.823552, -0.704744], [34.823946, -0.704197], [34.824515, -0.704319], [34.824405, -0.703972], [34.823888, -0.703367], [34.823645, -0.702765], [34.823993, -0.702286], [34.824042, -0.70201], [34.82459, -0.701994], [34.824573, -0.701557], [34.824119, -0.701366], [34.824463, -0.701164], [34.824938, -0.701538], [34.825324, -0.701681], [34.825128, -0.700942], [34.825388, -0.700208], [34.825885, -0.700537], [34.826581, -0.701445], [34.8268, -0.702138], [34.827135, -0.702765], [34.827224, -0.702881], [34.827431, -0.702745], [34.827595, -0.702448], [34.827754, -0.702473], [34.827953, -0.702983], [34.828294, -0.703079], [34.827938, -0.702337], [34.827559, -0.701665], [34.827882, -0.701392], [34.829172, -0.702146], [34.830211, -0.702989], [34.830818, -0.703688], [34.831289, -0.704293], [34.832247, -0.704259], [34.832481, -0.703779], [34.833141, -0.703902], [34.833636, -0.704462], [34.834248, -0.704746], [34.834998, -0.704986], [34.835015, -0.705424], [34.835033, -0.705793], [34.835581, -0.705777], [34.835986, -0.706196], [34.836059, -0.705852], [34.835634, -0.705179], [34.835639, -0.704741], [34.835512, -0.704026], [34.836268, -0.703736], [34.836746, -0.703834], [34.837389, -0.703474], [34.838391, -0.703556], [34.838818, -0.704092], [34.838627, -0.70478], [34.839011, -0.705061], [34.839586, -0.704631], [34.839959, -0.704038], [34.840149, -0.703464], [34.840274, -0.702545], [34.840489, -0.701811], [34.840685, -0.700685], [34.840643, -0.700431], [34.840284, -0.699965], [34.840269, -0.699344], [34.840818, -0.699189], [34.841377, -0.700072], [34.841778, -0.700837], [34.842087, -0.70167], [34.842907, -0.701727], [34.844081, -0.700913], [34.8447, -0.700622], [34.845095, -0.700074], [34.845327, -0.699732], [34.845934, -0.700408], [34.84588, -0.701144], [34.845802, -0.701834], [34.84644, -0.701934], [34.846695, -0.701569], [34.847129, -0.701552], [34.847659, -0.701121], [34.847903, -0.701631], [34.847877, -0.70193], [34.848424, -0.70196], [34.848575, -0.70263], [34.849166, -0.702776], [34.849786, -0.702439], [34.850467, -0.702678], [34.850299, -0.703321], [34.85034, -0.703689], [34.850958, -0.703559], [34.851215, -0.703079], [34.852056, -0.70332], [34.852928, -0.702825], [34.853962, -0.702286], [34.855309, -0.702119], [34.856172, -0.702453], [34.85669, -0.702943], [34.857486, -0.703161], [34.858375, -0.703127], [34.858905, -0.702765], [34.859939, -0.702111], [34.861039, -0.701711], [34.862044, -0.701585], [34.862837, -0.701987], [34.863344, -0.701579], [34.864015, -0.700828], [34.86459, -0.700421], [34.865101, -0.699714], [34.866568, -0.699134], [34.868168, -0.698833], [34.868809, -0.698634], [34.869154, -0.698385], [34.869697, -0.698761], [34.870284, -0.699229], [34.87063, -0.698911], [34.87075, -0.698475], [34.871409, -0.698622], [34.871862, -0.698927], [34.872507, -0.698383], [34.873832, -0.698193], [34.875132, -0.698187], [34.87596, -0.697668], [34.876691, -0.697516], [34.877419, -0.697733], [34.877927, -0.697164], [34.878363, -0.697008], [34.878994, -0.697569], [34.880185, -0.69717], [34.881084, -0.696399], [34.88169, -0.695417], [34.882125, -0.695238], [34.882508, -0.695658], [34.882869, -0.695939], [34.883578, -0.695764], [34.883753, -0.696365], [34.88453, -0.696214], [34.884477, -0.696858], [34.885066, -0.697165], [34.885634, -0.697357], [34.88703, -0.696937], [34.887985, -0.697203], [34.888505, -0.697509], [34.889487, -0.697407], [34.890397, -0.69758], [34.890289, -0.697141], [34.890909, -0.696781], [34.891663, -0.696652], [34.892123, -0.696336], [34.892987, -0.696601], [34.893761, -0.696703], [34.894577, -0.697059], [34.895809, -0.697075], [34.896493, -0.697107], [34.896853, -0.697457], [34.897326, -0.697924], [34.898213, -0.698097], [34.898389, -0.698629], [34.898591, -0.698931], [34.899395, -0.698434], [34.90056, -0.698288], [34.901157, -0.697928], [34.902003, -0.697824], [34.902961, -0.697767], [34.904193, -0.69776], [34.904566, -0.697074], [34.90483, -0.696041], [34.904951, -0.695513], [34.905476, -0.695474], [34.906863, -0.695815], [34.907414, -0.695545], [34.90765, -0.694858], [34.908334, -0.694867], [34.908751, -0.694342], [34.909263, -0.693543], [34.910041, -0.693346], [34.910252, -0.692911], [34.910372, -0.692383], [34.910558, -0.692132], [34.911198, -0.692025], [34.912005, -0.691322], [34.912521, -0.690154], [34.912596, -0.689649], [34.913666, -0.689847], [34.91492, -0.689863], [34.915082, -0.689635], [34.916354, -0.690043], [34.917352, -0.690471], [34.918281, -0.689193], [34.919068, -0.688213], [34.91951, -0.687574]], [[34.945595, -0.663928], [34.946662, -0.664288], [34.948063, -0.663594], [34.948876, -0.662524], [34.949922, -0.661181], [34.952065, -0.659623], [34.954498, -0.658506], [34.956405, -0.657566], [34.958045, -0.657659], [34.959118, -0.657559], [34.961005, -0.656365], [34.962129, -0.655921], [34.963256, -0.655269], [34.964077, -0.65367], [34.964591, -0.652802], [34.965448, -0.65194], [34.966494, -0.650527], [34.96794, -0.648315], [34.968556, -0.646736], [34.969817, -0.644682], [34.970467, -0.643863], [34.970934, -0.643087], [34.971617, -0.6416], [34.972709, -0.640212], [34.974334, -0.638209], [34.976147, -0.635864], [34.977054, -0.634588], [34.978628, -0.632976], [34.979488, -0.630272], [34.979836, -0.628298], [34.980024, -0.626367], [34.980318, -0.624967], [34.980535, -0.624142], [34.98084, -0.623547], [34.981742, -0.622663], [34.98278, -0.621872], [34.982848, -0.62185]], [[34.810286, -0.749272], [34.810324, -0.750143], [34.811077, -0.751486], [34.811622, -0.752626], [34.812343, -0.753464], [34.813017, -0.754165], [34.813444, -0.755123], [34.813744, -0.756588], [34.813721, -0.757943], [34.813863, -0.759524], [34.813878, -0.760397], [34.813623, -0.761457], [34.812867, -0.762616], [34.811554, -0.764496], [34.811025, -0.765583], [34.810708, -0.767057], [34.810438, -0.768599], [34.809783, -0.770285], [34.808305, -0.771892], [34.80786, -0.772519], [34.80742, -0.773444], [34.806417, -0.774814], [34.805647, -0.776456], [34.805093, -0.777405], [34.803827, -0.778068], [34.803183, -0.779088], [34.802609, -0.780198], [34.801754, -0.7809], [34.801335, -0.78171], [34.800456, -0.782367], [34.799986, -0.782879], [34.799008, -0.783055], [34.797141, -0.78329], [34.796029, -0.783605], [34.795676, -0.7843], [34.796235, -0.784957], [34.796792, -0.785522], [34.79595, -0.786936], [34.795206, -0.787475], [34.795172, -0.788141], [34.795519, -0.788389], [34.794981, -0.788971], [34.794411, -0.788957], [34.79392, -0.788275], [34.793348, -0.788169], [34.79348, -0.789246], [34.793793, -0.79016], [34.794411, -0.790265], [34.794267, -0.791186], [34.794025, -0.791717], [34.793883, -0.79273], [34.793002, -0.793248], [34.792377, -0.79273], [34.790897, -0.792913], [34.790799, -0.792525], [34.790309, -0.791889], [34.788473, -0.79256], [34.786662, -0.793369], [34.78547, -0.794374], [34.783885, -0.795064], [34.782615, -0.795497], [34.78182, -0.794385], [34.780063, -0.794366], [34.779406, -0.794605], [34.779288, -0.795709], [34.778131, -0.796094], [34.776634, -0.795268], [34.776247, -0.794011], [34.775768, -0.79271], [34.77501, -0.792423], [34.77374, -0.792856], [34.772715, -0.791609], [34.771858, -0.792219], [34.771186, -0.792895], [34.769816, -0.792847], [34.768557, -0.792614], [34.767641, -0.793707], [34.766138, -0.795223], [34.764021, -0.795485], [34.76263, -0.795529], [34.762418, -0.796474], [34.762245, -0.797027], [34.760883, -0.797393], [34.760084, -0.797359], [34.760163, -0.796669], [34.75907, -0.796755], [34.758192, -0.796171], [34.757107, -0.79543], [34.756214, -0.793906], [34.755519, -0.793297], [34.754982, -0.793925], [34.75508, -0.794314], [34.755537, -0.794353], [34.755867, -0.794922], [34.755208, -0.795092], [34.754158, -0.795063], [34.753557, -0.794636], [34.752615, -0.794214], [34.751621, -0.794803], [34.75152, -0.795562], [34.7513, -0.796025], [34.750454, -0.796252]]]}}, {"type": "Feature", "properties": {"name": "Ainopngetui", "length_km": 41.339, "dist_to_gulf_km": 20.641, "n_segments": 1}, "geometry": {"type": "LineString", "coordinates": [[35.044689, -0.099108], [35.045913, -0.097516], [35.046936, -0.096982], [35.048098, -0.096654], [35.048894, -0.09619], [35.04964, -0.094969], [35.050455, -0.093908], [35.05084, -0.093354], [35.051268, -0.09241], [35.051516, -0.091765], [35.05167, -0.090731], [35.0521, -0.090062], [35.052008, -0.089879], [35.050843, -0.089702], [35.050611, -0.088945], [35.051267, -0.087954], [35.052108, -0.087375], [35.052857, -0.086567], [35.053746, -0.08647], [35.054521, -0.086328], [35.055494, -0.085036], [35.056495, -0.084479], [35.056856, -0.083765], [35.057054, -0.082317], [35.056254, -0.082091], [35.05584, -0.081474], [35.055994, -0.08037], [35.056054, -0.078854], [35.055503, -0.078053], [35.055318, -0.077686], [35.05454, -0.077208], [35.054559, -0.076473], [35.054968, -0.076218], [35.055033, -0.075597], [35.055532, -0.074997], [35.05562, -0.074377], [35.054498, -0.073671], [35.05454, -0.073004], [35.055176, -0.072519], [35.055719, -0.071666], [35.056329, -0.070468], [35.057036, -0.070556], [35.057831, -0.069839], [35.058306, -0.069125], [35.057665, -0.068623], [35.058136, -0.067242], [35.058844, -0.067399], [35.059438, -0.067464], [35.060074, -0.067116], [35.060532, -0.067343], [35.061237, -0.067018], [35.062264, -0.067104], [35.063338, -0.067466], [35.064024, -0.067715], [35.064256, -0.068357], [35.064304, -0.068839], [35.064874, -0.068744], [35.064892, -0.067894], [35.064978, -0.067043], [35.065822, -0.067016], [35.066622, -0.067287], [35.067126, -0.067697], [35.067604, -0.067419], [35.068221, -0.067577], [35.068836, -0.067481], [35.069838, -0.067131], [35.070315, -0.066807], [35.070107, -0.066349], [35.070606, -0.065795], [35.071333, -0.065239], [35.072224, -0.065487], [35.072953, -0.065391], [35.073293, -0.064907], [35.073884, -0.064536], [35.073699, -0.064078], [35.073765, -0.063687], [35.074539, -0.063292], [35.075151, -0.062622], [35.075447, -0.062575], [35.075611, -0.06324], [35.075795, -0.063607], [35.07641, -0.063373], [35.078301, -0.062881], [35.078205, -0.062054], [35.078337, -0.061227], [35.079153, -0.06028], [35.07965, -0.059359], [35.080377, -0.058757], [35.08072, -0.058939], [35.081087, -0.059236], [35.081629, -0.058314], [35.082335, -0.058149], [35.08293, -0.058491], [35.083575, -0.059567], [35.083989, -0.060207], [35.084379, -0.060665], [35.08477, -0.061191], [35.085275, -0.061923], [35.08598, -0.061391], [35.086075, -0.062194], [35.086805, -0.062052], [35.087464, -0.061773], [35.088379, -0.062136], [35.089624, -0.060406], [35.090537, -0.060424], [35.091019, -0.061041], [35.091432, -0.061476], [35.091796, -0.061336], [35.092483, -0.061722], [35.092319, -0.060919], [35.092613, -0.060435], [35.093118, -0.061099], [35.093626, -0.062176], [35.094037, -0.062242], [35.094312, -0.062654], [35.095272, -0.063016], [35.096094, -0.063035], [35.096457, -0.062665], [35.096178, -0.061794], [35.096495, -0.061333], [35.097023, -0.061881], [35.09753, -0.062935], [35.098095, -0.061944], [35.098617, -0.061413], [35.099069, -0.060537], [35.098793, -0.060286], [35.097948, -0.060038], [35.098242, -0.059485], [35.09913, -0.059182], [35.099311, -0.059043], [35.099172, -0.058515], [35.099373, -0.057825], [35.099231, -0.056792], [35.099593, -0.05617], [35.100229, -0.055845], [35.100702, -0.054556], [35.101001, -0.055152], [35.101618, -0.055263], [35.102116, -0.054663], [35.102703, -0.053534], [35.102242, -0.05248], [35.101781, -0.051656], [35.102442, -0.051515], [35.103052, -0.050477], [35.103573, -0.049831], [35.104369, -0.049345], [35.104503, -0.048908], [35.104, -0.04852], [35.104475, -0.047943], [35.105454, -0.04757], [35.105822, -0.048119], [35.106008, -0.048715], [35.106328, -0.048783], [35.107117, -0.047193], [35.107616, -0.046593], [35.108349, -0.047141], [35.10933, -0.04725], [35.109744, -0.04773], [35.109884, -0.048395], [35.110477, -0.048392], [35.111022, -0.047884], [35.111206, -0.048158], [35.11214, -0.048015], [35.113802, -0.047409], [35.114371, -0.047176], [35.114033, -0.048005], [35.11531, -0.047929], [35.115996, -0.048155], [35.116136, -0.048843], [35.116661, -0.048748], [35.117525, -0.048307], [35.117437, -0.048905], [35.11826, -0.049199], [35.119905, -0.049787], [35.120502, -0.050542], [35.121011, -0.051802], [35.121151, -0.052468], [35.1212, -0.053019], [35.121542, -0.05304], [35.122062, -0.05221], [35.122426, -0.052047], [35.122568, -0.052873], [35.122614, -0.05308], [35.123388, -0.0528], [35.123688, -0.053372], [35.124148, -0.054036], [35.124699, -0.054676], [35.12545, -0.054396], [35.125441, -0.052696], [35.126591, -0.050163], [35.126838, -0.049588], [35.125648, -0.048882], [35.12505, -0.047829], [35.125339, -0.046426], [35.126272, -0.045985], [35.126361, -0.04564], [35.12583, -0.044425], [35.1258, -0.043185], [35.126505, -0.042791], [35.126454, -0.041757], [35.126908, -0.041204], [35.12736, -0.040558], [35.127796, -0.040946], [35.128503, -0.041057], [35.128224, -0.040071], [35.128265, -0.039037], [35.128651, -0.038851], [35.129314, -0.039146], [35.129954, -0.039257], [35.130385, -0.038841], [35.130037, -0.037741], [35.1301, -0.036799], [35.130806, -0.036634], [35.131402, -0.037113], [35.131247, -0.038033], [35.131047, -0.038953], [35.13121, -0.039549], [35.132279, -0.038992], [35.133188, -0.038344], [35.133753, -0.037491], [35.134094, -0.037236], [35.135121, -0.037368], [35.13569, -0.037112], [35.13665, -0.037521], [35.137309, -0.036989], [35.136595, -0.035614], [35.136978, -0.034739], [35.137526, -0.034851], [35.137779, -0.035378], [35.13858, -0.035718], [35.13999, -0.034975], [35.14099, -0.034235], [35.142219, -0.033861], [35.142263, -0.033401], [35.14128, -0.033016], [35.142166, -0.032437], [35.144082, -0.032357], [35.144858, -0.032445], [35.144693, -0.031527], [35.146444, -0.030576], [35.147398, -0.029835], [35.147609, -0.030799], [35.147999, -0.03121], [35.149507, -0.031638], [35.149852, -0.032325], [35.150085, -0.033174], [35.150859, -0.032917], [35.151411, -0.033764], [35.150595, -0.034618], [35.150393, -0.035217], [35.152034, -0.03507], [35.153105, -0.034811], [35.154602, -0.033264], [35.156196, -0.032819], [35.157431, -0.033363], [35.158141, -0.03391], [35.159187, -0.033307], [35.15952, -0.031721], [35.159835, -0.030915], [35.161221, -0.029828], [35.161763, -0.028745], [35.161597, -0.027598], [35.162278, -0.026928], [35.163148, -0.027658], [35.16383, -0.027103], [35.164542, -0.028018], [35.165845, -0.028585], [35.166622, -0.02881], [35.167164, -0.027912], [35.16803, -0.027769], [35.169354, -0.0279], [35.169872, -0.026748], [35.172425, -0.02639], [35.173244, -0.025926], [35.174244, -0.025346], [35.177252, -0.024778], [35.177887, -0.024109], [35.177782, -0.025809], [35.178581, -0.025965], [35.179336, -0.026352], [35.179748, -0.026694], [35.180474, -0.02584], [35.181408, -0.025605], [35.181403, -0.02464], [35.181762, -0.023651], [35.182498, -0.024841], [35.182731, -0.025759], [35.183939, -0.02543], [35.18535, -0.025009], [35.186537, -0.02514], [35.188182, -0.025637], [35.189275, -0.025217], [35.190002, -0.024639], [35.190592, -0.024176], [35.191395, -0.024999], [35.192214, -0.024581], [35.192387, -0.022926], [35.193114, -0.022394], [35.194346, -0.022387], [35.194984, -0.022292], [35.195171, -0.023117], [35.195767, -0.023619], [35.196401, -0.022812], [35.196972, -0.022947], [35.198205, -0.023101], [35.199914, -0.022885], [35.200531, -0.023019], [35.200628, -0.024075], [35.200605, -0.024075], [35.200861, -0.024441], [35.201225, -0.024004], [35.201636, -0.024049], [35.202187, -0.025289], [35.202507, -0.02577], [35.203238, -0.025953], [35.203969, -0.025905], [35.204449, -0.026134], [35.205475, -0.025603], [35.206387, -0.024958], [35.206752, -0.024843], [35.206936, -0.025646], [35.207143, -0.026174], [35.207714, -0.026564], [35.209269, -0.027571], [35.209932, -0.028029], [35.210252, -0.028511], [35.210413, -0.028763], [35.211349, -0.028784], [35.211873, -0.02837], [35.212602, -0.027771], [35.212787, -0.028804], [35.212925, -0.029332], [35.214455, -0.029283], [35.215323, -0.029534], [35.215804, -0.030268], [35.21649, -0.031071], [35.216674, -0.031806], [35.215967, -0.031968], [35.21574, -0.03252], [35.216472, -0.033138], [35.216769, -0.033459], [35.217477, -0.033366], [35.218117, -0.033801], [35.218871, -0.034075], [35.220033, -0.033177], [35.221128, -0.032577], [35.2217, -0.033541], [35.221748, -0.03423], [35.221269, -0.034392], [35.22111, -0.035058], [35.221704, -0.035034], [35.222274, -0.034872], [35.222663, -0.035469], [35.223509, -0.036018], [35.223967, -0.036546], [35.224948, -0.036498], [35.225748, -0.036818], [35.226844, -0.036953], [35.22698, -0.036241], [35.22732, -0.035482], [35.228644, -0.035135], [35.229305, -0.034513], [35.229577, -0.0338], [35.230262, -0.033937], [35.231405, -0.034555], [35.233003, -0.034643], [35.233436, -0.034068], [35.234598, -0.033376], [35.235237, -0.03326], [35.235739, -0.0328], [35.236378, -0.032913], [35.236743, -0.032729], [35.23649, -0.031971], [35.236717, -0.031098], [35.23651, -0.030432], [35.237331, -0.030086], [35.237606, -0.030614], [35.237927, -0.031279], [35.238429, -0.031232], [35.238862, -0.030795], [35.238929, -0.03006], [35.239476, -0.029967], [35.239205, -0.030978], [35.240369, -0.031159], [35.240598, -0.031251], [35.240097, -0.031688], [35.240851, -0.032215], [35.24124, -0.032536], [35.24197, -0.032259], [35.242013, -0.031271], [35.242147, -0.029571], [35.243241, -0.028718], [35.244015, -0.02812], [35.244859, -0.027635], [35.245679, -0.026738], [35.246614, -0.026116], [35.247069, -0.025701], [35.247, -0.025104], [35.246861, -0.024255], [35.247453, -0.023518], [35.248524, -0.022482], [35.248933, -0.021678], [35.249159, -0.020712], [35.249226, -0.020092], [35.248974, -0.01961], [35.24895, -0.019151], [35.249269, -0.01876], [35.250279, -0.018614]]}}, {"type": "Feature", "properties": {"name": "Sisei", "length_km": 40.627, "dist_to_gulf_km": 40.342, "n_segments": 4}, "geometry": {"type": "MultiLineString", "coordinates": [[[35.122671, -0.74872], [35.122577, -0.749663], [35.121983, -0.75003], [35.121571, -0.750397], [35.121615, -0.750927], [35.122115, -0.751458], [35.122295, -0.752126], [35.121743, -0.753345], [35.122107, -0.753714], [35.122722, -0.75413], [35.122948, -0.75466], [35.123425, -0.755536], [35.123606, -0.755905], [35.124039, -0.755952], [35.124541, -0.756046], [35.124173, -0.756897], [35.124127, -0.757081], [35.124353, -0.757634], [35.125425, -0.757752], [35.12677, -0.757963], [35.128115, -0.758381], [35.128935, -0.758729], [35.129551, -0.758914], [35.129664, -0.759283], [35.129113, -0.76011], [35.127858, -0.760245], [35.127492, -0.76052], [35.127831, -0.761465], [35.128606, -0.761675], [35.129222, -0.761745], [35.129929, -0.76177], [35.130248, -0.76184], [35.129376, -0.76338], [35.129237, -0.764209], [35.129693, -0.764348], [35.130674, -0.764351], [35.130992, -0.764651], [35.130556, -0.765317], [35.12994, -0.765431], [35.128755, -0.765082], [35.128047, -0.765173], [35.12759, -0.765263], [35.126542, -0.76503], [35.12556, -0.765235], [35.125444, -0.765718], [35.125537, -0.767405], [35.126283, -0.767516], [35.127056, -0.768117], [35.12749, -0.768003], [35.127717, -0.768418], [35.127874, -0.769316], [35.128282, -0.770146], [35.12853, -0.770953], [35.12903, -0.77153], [35.129256, -0.772083], [35.129804, -0.772084], [35.130213, -0.772454], [35.130944, -0.772364], [35.131835, -0.772044], [35.132611, -0.771861], [35.133113, -0.771702], [35.133478, -0.771933], [35.13407, -0.772257], [35.135097, -0.772006], [35.135851, -0.771617], [35.136377, -0.771273], [35.136763, -0.77185], [35.137515, -0.77222], [35.138039, -0.772406], [35.138379, -0.77312], [35.138649, -0.774226], [35.139217, -0.774918], [35.140355, -0.775658], [35.141337, -0.775523], [35.142639, -0.775089], [35.143984, -0.775346], [35.144805, -0.775601], [35.145397, -0.775879], [35.145486, -0.776593], [35.145827, -0.776985], [35.146098, -0.777815], [35.146392, -0.778598], [35.146916, -0.77883], [35.147806, -0.778556], [35.148492, -0.778351], [35.148695, -0.778812], [35.149083, -0.778859], [35.149012, -0.779595], [35.148805, -0.780285], [35.149762, -0.780495], [35.150286, -0.780842], [35.150398, -0.78151], [35.150898, -0.781903], [35.151151, -0.781489], [35.151268, -0.78043], [35.152386, -0.780433], [35.152933, -0.780757], [35.15355, -0.780367], [35.154736, -0.780324], [35.155442, -0.780695], [35.156261, -0.781388], [35.156465, -0.781872], [35.156739, -0.781941], [35.157104, -0.781873], [35.15706, -0.781459], [35.157767, -0.781322], [35.158818, -0.781072], [35.159114, -0.781096], [35.158998, -0.781602], [35.159181, -0.781741], [35.160002, -0.781582], [35.160778, -0.781492], [35.160777, -0.781883], [35.160343, -0.782158], [35.160524, -0.782619], [35.160842, -0.782965], [35.16132, -0.783381], [35.161801, -0.782807], [35.162007, -0.782462], [35.162281, -0.782555], [35.163172, -0.782028], [35.163516, -0.781522], [35.164268, -0.781662], [35.164335, -0.782169], [35.16415, -0.783135], [35.164993, -0.783368], [35.165837, -0.783462], [35.16627, -0.783394], [35.166154, -0.78397], [35.166244, -0.784614], [35.166722, -0.784708], [35.167158, -0.784202], [35.167752, -0.78379], [35.167842, -0.784204], [35.167658, -0.784733], [35.16793, -0.785102], [35.168705, -0.785312], [35.168407, -0.785932], [35.168474, -0.786209], [35.169455, -0.786327], [35.169957, -0.786397], [35.170389, -0.786559], [35.1708, -0.786676], [35.171028, -0.786607], [35.170779, -0.786146], [35.170118, -0.785845], [35.170233, -0.785431], [35.170827, -0.785317], [35.171171, -0.784789], [35.171744, -0.784054], [35.172655, -0.784494], [35.17311, -0.78484], [35.174044, -0.785303], [35.174476, -0.785765], [35.173837, -0.785786], [35.173471, -0.786153], [35.173379, -0.786406], [35.173081, -0.786797], [35.173034, -0.787096], [35.174015, -0.787214], [35.175338, -0.787194], [35.176204, -0.787611], [35.176453, -0.788164], [35.176109, -0.78867], [35.175629, -0.788991], [35.175696, -0.789267], [35.176038, -0.78959], [35.176471, -0.78973], [35.176768, -0.789408], [35.177792, -0.790217], [35.178476, -0.790426], [35.178587, -0.791209], [35.178402, -0.792014], [35.178059, -0.792405], [35.178537, -0.792797], [35.178512, -0.793234], [35.178967, -0.793742], [35.179401, -0.793697], [35.181091, -0.793034], [35.181342, -0.793104], [35.181729, -0.793404], [35.182001, -0.793819], [35.182413, -0.793429], [35.182985, -0.792809], [35.18317, -0.792142], [35.18324, -0.791613], [35.183288, -0.790899], [35.183974, -0.790579], [35.184131, -0.791454], [35.184676, -0.7921], [35.185132, -0.792239], [35.185566, -0.791918], [35.185613, -0.791527], [35.185363, -0.791204], [35.185889, -0.790952], [35.186527, -0.791115], [35.187418, -0.790657], [35.187946, -0.789922], [35.188814, -0.789579], [35.189313, -0.790201], [35.189747, -0.790249], [35.190045, -0.789766], [35.190251, -0.789398], [35.190638, -0.789676], [35.190913, -0.789538], [35.190459, -0.7888], [35.190393, -0.788086], [35.190918, -0.787973], [35.191326, -0.788733], [35.19201, -0.788942], [35.192582, -0.788391], [35.193541, -0.788095], [35.193765, -0.789269], [35.193718, -0.789891], [35.193579, -0.790397], [35.194422, -0.790699]], [[35.194422, -0.790699], [35.195182, -0.790565], [35.195366, -0.790175], [35.194659, -0.78978], [35.194775, -0.789505], [35.194571, -0.789135], [35.194481, -0.788767], [35.195074, -0.788839], [35.194918, -0.787825], [35.195147, -0.787527], [35.195764, -0.787438], [35.19606, -0.787762], [35.196515, -0.788109], [35.19679, -0.787949], [35.196586, -0.787442], [35.195903, -0.78684], [35.196158, -0.785944], [35.197276, -0.786203], [35.197525, -0.786687], [35.197659, -0.787378], [35.198001, -0.78761], [35.198368, -0.787175], [35.198919, -0.78651], [35.199353, -0.786328], [35.199629, -0.785708], [35.199768, -0.785317], [35.199564, -0.784879], [35.199953, -0.784558], [35.19991, -0.784029], [35.199455, -0.783589], [35.199342, -0.783267], [35.199549, -0.782784], [35.199277, -0.782346], [35.198545, -0.782595], [35.19841, -0.782019], [35.198756, -0.781284], [35.198369, -0.780753], [35.198211, -0.780361], [35.197916, -0.780014], [35.198145, -0.779739], [35.198512, -0.779373], [35.198876, -0.779674], [35.199174, -0.779353], [35.19897, -0.778869], [35.199564, -0.778711], [35.199407, -0.778019], [35.198815, -0.77774], [35.198953, -0.777235], [35.19932, -0.776845], [35.19964, -0.776824], [35.199867, -0.777262], [35.20069, -0.776898], [35.200669, -0.776368], [35.200169, -0.775652], [35.199602, -0.774844], [35.199239, -0.774198], [35.199015, -0.773138], [35.198605, -0.77286], [35.198516, -0.7721], [35.199295, -0.771482], [35.200027, -0.770956], [35.199825, -0.770127], [35.199873, -0.769598], [35.200058, -0.768931], [35.200949, -0.768797], [35.201266, -0.769374], [35.201725, -0.76887], [35.20218, -0.769356], [35.202498, -0.769795], [35.203047, -0.769291], [35.203733, -0.769064], [35.204556, -0.768907], [35.205013, -0.768679], [35.205445, -0.769141], [35.206063, -0.768891], [35.206699, -0.769631], [35.20759, -0.76952], [35.207731, -0.768577], [35.207961, -0.767934], [35.208325, -0.768281], [35.20901, -0.768215], [35.20924, -0.767802], [35.208444, -0.767154], [35.208446, -0.766486], [35.208335, -0.765841], [35.208452, -0.764875], [35.208956, -0.764578], [35.208661, -0.764094], [35.209439, -0.76366], [35.20989, -0.765158], [35.210437, -0.765207], [35.210689, -0.765162], [35.210617, -0.765875], [35.210823, -0.765853], [35.211213, -0.765372], [35.211919, -0.765721], [35.212607, -0.765079], [35.213613, -0.76467], [35.214188, -0.763545], [35.214923, -0.762421], [35.215426, -0.762124], [35.215606, -0.762861], [35.215926, -0.762886], [35.216383, -0.762566], [35.217021, -0.763099], [35.217339, -0.763468], [35.218093, -0.763196], [35.21821, -0.762598], [35.218711, -0.762969], [35.219352, -0.762534], [35.219377, -0.761752], [35.219654, -0.76104], [35.221751, -0.762086], [35.222504, -0.761928], [35.223121, -0.762046], [35.223512, -0.76122], [35.223583, -0.760415], [35.22402, -0.759634], [35.224434, -0.758946], [35.225233, -0.758742], [35.225665, -0.759412], [35.226028, -0.75992], [35.226623, -0.759647], [35.226238, -0.758793], [35.225945, -0.757687], [35.225973, -0.75633], [35.226663, -0.755044], [35.228488, -0.755329], [35.229358, -0.754781], [35.230636, -0.754902], [35.231303, -0.753709], [35.231577, -0.75371], [35.231757, -0.75424], [35.232147, -0.753897], [35.232719, -0.753577], [35.232829, -0.754453], [35.233057, -0.754753], [35.233536, -0.754732], [35.234245, -0.75439], [35.234632, -0.754622], [35.234585, -0.755129], [35.234537, -0.755658], [35.235132, -0.755292], [35.235522, -0.754857], [35.236183, -0.755205], [35.236663, -0.755047], [35.236459, -0.75447], [35.236484, -0.753895], [35.237261, -0.753945], [35.23676, -0.75339], [35.236944, -0.753069]], [[35.250465, -0.750034], [35.250967, -0.749485], [35.251195, -0.749118], [35.251538, -0.74859], [35.251973, -0.748233], [35.25277, -0.748027], [35.253565, -0.747063], [35.254043, -0.746351], [35.255317, -0.746077], [35.256226, -0.745687], [35.256863, -0.745389], [35.257432, -0.745389], [35.257932, -0.746079], [35.258569, -0.74624], [35.259479, -0.745781], [35.26023, -0.745782], [35.260253, -0.746356], [35.261094, -0.746012], [35.261845, -0.746334], [35.262687, -0.746565], [35.263687, -0.746428], [35.264165, -0.745509], [35.265302, -0.74574], [35.266008, -0.746728], [35.267054, -0.747096], [35.267623, -0.747533], [35.268123, -0.748131], [35.268464, -0.747626], [35.269624, -0.747213], [35.27083, -0.747168], [35.271467, -0.747582], [35.27174, -0.747766], [35.272058, -0.747399], [35.272763, -0.746894], [35.273082, -0.74756], [35.273582, -0.748043], [35.274128, -0.747951], [35.274651, -0.747561], [35.274903, -0.748964]], [[35.104301, -0.703724], [35.104323, -0.703839], [35.102928, -0.705165], [35.102584, -0.705692], [35.103803, -0.707309], [35.103888, -0.708459], [35.104319, -0.708715], [35.105549, -0.708331], [35.106436, -0.708383], [35.106341, -0.709026], [35.107227, -0.709376], [35.107315, -0.70986], [35.106561, -0.71043], [35.106465, -0.711327], [35.107347, -0.712367], [35.10741, -0.713241], [35.106409, -0.713373], [35.106316, -0.713694], [35.107134, -0.713906], [35.108204, -0.71366], [35.108336, -0.714465], [35.109198, -0.714885], [35.109376, -0.715576], [35.108824, -0.716745], [35.109137, -0.717713], [35.109928, -0.718637], [35.110676, -0.719194], [35.111377, -0.720003], [35.112146, -0.720721], [35.112139, -0.721962], [35.112179, -0.722929], [35.113022, -0.722796], [35.113592, -0.722569], [35.114248, -0.723263], [35.115111, -0.723452], [35.11543, -0.72327], [35.116087, -0.723757], [35.117136, -0.723303], [35.117612, -0.723559], [35.117903, -0.724412], [35.118652, -0.724784], [35.119124, -0.725822], [35.119957, -0.727391], [35.120681, -0.728062], [35.121245, -0.728963], [35.12142, -0.730205], [35.121821, -0.73168], [35.122449, -0.733385], [35.122421, -0.734305], [35.121734, -0.735175], [35.119984, -0.734888], [35.119481, -0.735483], [35.118548, -0.735546], [35.118114, -0.735935], [35.119017, -0.73709], [35.119762, -0.738198], [35.119506, -0.739277], [35.118974, -0.740746], [35.120169, -0.742685], [35.12087, -0.74354], [35.121413, -0.744095], [35.122345, -0.744193], [35.123417, -0.743647], [35.124281, -0.743768], [35.124253, -0.744641], [35.122019, -0.745571], [35.121061, -0.745979], [35.120715, -0.746897], [35.12069, -0.747357], [35.121577, -0.747431], [35.122576, -0.747644], [35.122671, -0.74872]]]}}, {"type": "Feature", "properties": {"name": "Nureri", "length_km": 40.522, "dist_to_gulf_km": 66.927, "n_segments": 3}, "geometry": {"type": "MultiLineString", "coordinates": [[[35.3, 0.39580338235293877], [35.299906, 0.395708], [35.298701, 0.395015], [35.297793, 0.394438], [35.296926, 0.394596], [35.296127, 0.394914], [35.295172, 0.394636], [35.294259, 0.394885], [35.293462, 0.394905], [35.292937, 0.395179], [35.291934, 0.39529], [35.291593, 0.395037], [35.291801, 0.394509], [35.291413, 0.3946], [35.290138, 0.394366], [35.289498, 0.394915], [35.288677, 0.395072], [35.288129, 0.395369], [35.28824, 0.396058], [35.286554, 0.395914], [35.285754, 0.396508], [35.285524, 0.396989], [35.28461, 0.397652], [35.28365, 0.398429], [35.283123, 0.399093], [35.281866, 0.399915], [35.28176672992701, 0.4]], [[35.27674458589647, 0.4], [35.276267, 0.398771], [35.275585, 0.39847], [35.275061, 0.398445], [35.274649, 0.398811], [35.274082, 0.398304], [35.272855, 0.397497], [35.271854, 0.397218], [35.271306, 0.3974], [35.270825, 0.398155], [35.270047, 0.39891], [35.269452, 0.399367], [35.268222, 0.399271], [35.26779, 0.399224], [35.267044, 0.397844], [35.266138, 0.396693], [35.265708, 0.395958], [35.264685, 0.395633], [35.263383, 0.396317], [35.262446, 0.397002], [35.261123, 0.397273], [35.259893, 0.397338], [35.258938, 0.396967], [35.257891, 0.396596], [35.256551, 0.395628], [35.255571, 0.395716], [35.254026, 0.394908], [35.25175, 0.394372], [35.250702, 0.394391]], [[35.197707, 0.398218], [35.198769, 0.398817], [35.19879, 0.397163], [35.199133, 0.396979], [35.20023, 0.396978], [35.201349, 0.396563], [35.202308, 0.39631], [35.203542, 0.396493], [35.204844, 0.396399], [35.205552, 0.395618], [35.205871, 0.394951], [35.206281, 0.394193], [35.207218, 0.394215], [35.207926, 0.393617], [35.209479, 0.392834], [35.209959, 0.393523], [35.210348, 0.394166], [35.211399, 0.394188], [35.212061, 0.393452], [35.213043, 0.392854], [35.2135, 0.393037], [35.214505, 0.393289], [35.21535, 0.392921], [35.216858, 0.392506], [35.217383, 0.392276], [35.217908, 0.391747], [35.218457, 0.391907], [35.218936, 0.391975], [35.220285, 0.392365], [35.220834, 0.393077], [35.22088, 0.393513], [35.221497, 0.393765], [35.223165, 0.393741], [35.224855, 0.393578], [35.226363, 0.393416], [35.227094, 0.393255], [35.227688, 0.392955], [35.228624, 0.392288], [35.229263, 0.391736], [35.230063, 0.39169], [35.231433, 0.391459], [35.232256, 0.391757], [35.232554, 0.392698], [35.232852, 0.393617], [35.232944, 0.394053], [35.233515, 0.394145], [35.235114, 0.393891], [35.235868, 0.393683], [35.236392, 0.393039], [35.237307, 0.393245], [35.238221, 0.394141], [35.238039, 0.394945], [35.23836, 0.395565], [35.239822, 0.395931], [35.240279, 0.395839], [35.24053, 0.395333], [35.240621, 0.395011], [35.241123, 0.394574], [35.243751, 0.395169], [35.245236, 0.395398], [35.246059, 0.394984], [35.246721, 0.394569], [35.247519, 0.393696], [35.248319, 0.393971], [35.249348, 0.394107], [35.250702, 0.394391]]]}}, {"type": "Feature", "properties": {"name": "Oyani", "length_km": 39.693, "dist_to_gulf_km": 40.511, "n_segments": 4}, "geometry": {"type": "MultiLineString", "coordinates": [[[34.373155, -0.910179], [34.373865, -0.911142], [34.374436, -0.911325], [34.375187, -0.911001], [34.3756, -0.911666], [34.375101, -0.912288], [34.375538, -0.913414], [34.375861, -0.914332], [34.376273, -0.914883], [34.376797, -0.91472], [34.378029, -0.91497], [34.378308, -0.91644], [34.378563, -0.917819], [34.380091, -0.917631], [34.381503, -0.917305], [34.382618, -0.91652], [34.384326, -0.916147], [34.385373, -0.915432], [34.386303, -0.914096], [34.387327, -0.913403], [34.388237, -0.912987], [34.39022, -0.912752], [34.391155, -0.912657], [34.392662, -0.91325], [34.394098, -0.913062], [34.396055, -0.911976], [34.398491, -0.910912], [34.399833, -0.910081], [34.400494, -0.909987], [34.402095, -0.911293], [34.402736, -0.912233], [34.403266, -0.913588], [34.404431, -0.914298], [34.406027, -0.914362], [34.406418, -0.91512], [34.407969, -0.915391], [34.409566, -0.915708], [34.409821, -0.916673], [34.409209, -0.917916], [34.409648, -0.919363], [34.410633, -0.920671], [34.411137, -0.921451], [34.410273, -0.922166], [34.410001, -0.922649], [34.410415, -0.92343], [34.411487, -0.923703], [34.412402, -0.92439], [34.412816, -0.925377], [34.412842, -0.926228], [34.413617, -0.926271], [34.414276, -0.925764], [34.414438, -0.926292], [34.415122, -0.926336], [34.416194, -0.926471], [34.415946, -0.927069], [34.415902, -0.927529], [34.416562, -0.927229], [34.416927, -0.927296], [34.416974, -0.927687], [34.417681, -0.927685], [34.418137, -0.92773], [34.418207, -0.928327], [34.419645, -0.92876], [34.420488, -0.928482], [34.422356, -0.928017], [34.424343, -0.928908], [34.423616, -0.92976], [34.423507, -0.931117], [34.424513, -0.931781], [34.424835, -0.932584], [34.425314, -0.932698], [34.426179, -0.932144], [34.426433, -0.932993], [34.42712, -0.933957], [34.4281, -0.933931], [34.428397, -0.934068], [34.428763, -0.934435], [34.428538, -0.935125], [34.429042, -0.935722], [34.429409, -0.936479], [34.429912, -0.936914], [34.430323, -0.937097], [34.430687, -0.936682], [34.431462, -0.936588], [34.432009, -0.93661], [34.432512, -0.937022], [34.432877, -0.936952], [34.433262, -0.936399], [34.434333, -0.936028], [34.435452, -0.936508], [34.435932, -0.936874], [34.43573, -0.937863], [34.435778, -0.938507], [34.436827, -0.938504], [34.43765, -0.939099], [34.438063, -0.939742], [34.438816, -0.940038], [34.439819, -0.939944], [34.441117, -0.939549], [34.442643, -0.939039], [34.443806, -0.939036], [34.444287, -0.939678], [34.444129, -0.940161], [34.444678, -0.940688], [34.445502, -0.941353], [34.446348, -0.942017]], [[34.446348, -0.942017], [34.447176, -0.942745], [34.448525, -0.942792], [34.449119, -0.943619], [34.449027, -0.94401], [34.44937, -0.944608], [34.450308, -0.944815], [34.450147, -0.945228], [34.451016, -0.945206], [34.451771, -0.945574], [34.45161, -0.946079], [34.45209, -0.94647], [34.452342, -0.945919], [34.45257, -0.946884], [34.453279, -0.947413], [34.453439, -0.947781], [34.453827, -0.947873], [34.455177, -0.947965], [34.456709, -0.948357], [34.45776, -0.948288], [34.458469, -0.948242], [34.459086, -0.949392], [34.45926461127596, -0.9500000000000001]], [[34.4597847, -0.9500000000000001], [34.460001, -0.949783], [34.460961, -0.949898], [34.46093094202898, -0.9500000000000001]]]}}, {"type": "Feature", "properties": {"name": "Khalaba", "length_km": 37.015, "dist_to_gulf_km": 48.449, "n_segments": 3}, "geometry": {"type": "LineString", "coordinates": [[34.516695, 0.378658], [34.516887, 0.379485], [34.517, 0.380038], [34.517639, 0.380063], [34.518004, 0.380432], [34.517569, 0.381168], [34.517431, 0.381744], [34.517316, 0.382411], [34.517767, 0.382877], [34.518479, 0.383679], [34.518759, 0.384897], [34.518558, 0.385726], [34.518402, 0.386623], [34.518518, 0.38699], [34.518497, 0.387381], [34.518227, 0.388003], [34.518639, 0.388278], [34.51878, 0.389013], [34.518785, 0.390117], [34.518764, 0.390439], [34.518858, 0.391036], [34.518769, 0.391543], [34.518614, 0.392417], [34.519094, 0.392553], [34.519188, 0.393197], [34.518552, 0.393797], [34.518536, 0.395062], [34.518767, 0.395751], [34.519, 0.396532], [34.519759, 0.397748], [34.519876, 0.398299], [34.520633, 0.399147], [34.52118033806386, 0.4]]}}, {"type": "Feature", "properties": {"name": "Mogusii", "length_km": 31.753, "dist_to_gulf_km": 11.201, "n_segments": 2}, "geometry": {"type": "MultiLineString", "coordinates": [[[34.697782, -0.579934], [34.699055, -0.580187], [34.699372, -0.580902], [34.700263, -0.580883], [34.700329, -0.581459], [34.700052, -0.582124], [34.70021, -0.582723], [34.700299, -0.583206], [34.699522, -0.583409], [34.699316, -0.583546], [34.699793, -0.5841], [34.6997, -0.584698], [34.700153, -0.585574], [34.700608, -0.585967], [34.700857, -0.586429], [34.701085, -0.586614], [34.70113, -0.586729], [34.701702, -0.586456], [34.702088, -0.586918], [34.702956, -0.586854], [34.70362, -0.58642], [34.704054, -0.586308], [34.704741, -0.585851], [34.705884, -0.585582], [34.706613, -0.585792], [34.707228, -0.586279], [34.708164, -0.586238], [34.708919, -0.585897], [34.710013, -0.586316], [34.71058, -0.587239], [34.711515, -0.587566], [34.712355, -0.588721], [34.712858, -0.588631], [34.713316, -0.58822], [34.713726, -0.588406], [34.714478, -0.588916], [34.715433, -0.589749], [34.71607, -0.590465], [34.716683, -0.591365], [34.717297, -0.591897], [34.717866, -0.592383], [34.719074, -0.592919], [34.719711, -0.593359], [34.72012, -0.593959], [34.72076, -0.593801], [34.721513, -0.593897], [34.721556, -0.594565], [34.722466, -0.595328], [34.722668, -0.596157], [34.723147, -0.596275], [34.723467, -0.596299], [34.723647, -0.596944], [34.724169, -0.597844], [34.724827, -0.598721], [34.725258, -0.599436], [34.725986, -0.600061], [34.726876, -0.600342], [34.727374, -0.601264], [34.727392, -0.602598], [34.728095, -0.603821], [34.72841, -0.605041], [34.728432, -0.605179]], [[34.788869, -0.607791], [34.790109, -0.605911], [34.790158, -0.605105], [34.790916, -0.603936], [34.792587, -0.602427], [34.793572, -0.601397], [34.793987, -0.600617], [34.79463, -0.599631], [34.794951, -0.599127], [34.79516, -0.598437], [34.795896, -0.597107], [34.796991, -0.596722], [34.797223, -0.595987], [34.797637, -0.595253], [34.798162, -0.595049], [34.798509, -0.593992], [34.799085, -0.592799], [34.800117, -0.591447], [34.800374, -0.590228], [34.800882, -0.58908], [34.801597, -0.587358], [34.801651, -0.585632], [34.801843, -0.583746], [34.801914, -0.583239], [34.80283, -0.58237], [34.80313, -0.581751], [34.805322, -0.58082], [34.80681, -0.579356], [34.80768, -0.578579], [34.808254, -0.577685], [34.808874, -0.576768], [34.809473, -0.575621], [34.809341, -0.574607], [34.811238, -0.573445], [34.812088, -0.572161], [34.813072, -0.571407], [34.814263, -0.570194], [34.815136, -0.568703], [34.815735, -0.567441], [34.816288, -0.566362], [34.816318, -0.564797], [34.81662, -0.563694], [34.817011, -0.563052], [34.817245, -0.561902], [34.816726, -0.560932], [34.816074, -0.559271], [34.815989, -0.558004], [34.815497, -0.556298], [34.815024, -0.555282], [34.81432, -0.554794], [34.813915, -0.553778], [34.813762, -0.552488], [34.814043, -0.551178], [34.814939, -0.549641], [34.815766, -0.548426], [34.816588, -0.547994], [34.817093, -0.547329], [34.817692, -0.546067], [34.817649, -0.54556], [34.73421, -0.610568], [34.735419, -0.61069], [34.735575, -0.611679], [34.73564, -0.61276], [34.736366, -0.613776], [34.737549, -0.614932], [34.738141, -0.615303], [34.738939, -0.615675], [34.740648, -0.61642], [34.741424, -0.616539], [34.742749, -0.616408], [34.743479, -0.616389], [34.744322, -0.616877], [34.745098, -0.616996], [34.74599, -0.616609], [34.7464, -0.616727], [34.747129, -0.617259], [34.749183, -0.617454], [34.750227, -0.616368], [34.751021, -0.617018], [34.751864, -0.617023], [34.752593, -0.617097], [34.753003, -0.617099], [34.753256, -0.616663], [34.753555, -0.616205], [34.754325, -0.616969], [34.75494, -0.617019], [34.755352, -0.616791], [34.755582, -0.616332], [34.75588, -0.615966], [34.756245, -0.615945], [34.757218, -0.617194], [34.75815, -0.617638], [34.759883, -0.617349], [34.760635, -0.617285], [34.765837, -0.615913], [34.767637, -0.615901], [34.768073, -0.615259], [34.768852, -0.614573], [34.769966, -0.614902], [34.77056, -0.614653], [34.771448, -0.614727], [34.771882, -0.6145], [34.772794, -0.614413], [34.773406, -0.61497], [34.77377, -0.615064], [34.774045, -0.614905], [34.775209, -0.61452], [34.776346, -0.61485], [34.776895, -0.614554], [34.777991, -0.613916], [34.778925, -0.613968], [34.780158, -0.613607], [34.781573, -0.613109], [34.781618, -0.613133]]]}}, {"type": "Feature", "properties": {"name": "Osani", "length_km": 30.907, "dist_to_gulf_km": 23.47, "n_segments": 4}, "geometry": {"type": "MultiLineString", "coordinates": [[[34.250472, -0.751197], [34.252229, -0.752861], [34.252774, -0.75586], [34.252315, -0.758673], [34.25391, -0.761374], [34.25594, -0.76426], [34.257764, -0.767308], [34.259156, -0.768786], [34.260799, -0.769504], [34.261529, -0.770658], [34.261984, -0.77285], [34.262118, -0.775457], [34.261545, -0.778039], [34.261474, -0.779976], [34.261724, -0.781775], [34.262225, -0.78339], [34.261949, -0.785419], [34.261581, -0.787517], [34.261763, -0.788555], [34.263245, -0.79068], [34.264295, -0.79195], [34.264933, -0.792781], [34.266143, -0.793153], [34.267422, -0.793339], [34.269203, -0.794011], [34.270731, -0.795305], [34.271872, -0.797014], [34.273605, -0.799485], [34.274379, -0.8014], [34.275222, -0.803869], [34.276087, -0.806731], [34.27661, -0.808969], [34.277408, -0.810723], [34.278867, -0.812985], [34.280874, -0.81631], [34.282493, -0.818965], [34.284043, -0.821389], [34.285891, -0.824021], [34.287122, -0.825707], [34.288058, -0.826908], [34.288719, -0.827901], [34.289792, -0.82841], [34.291047, -0.829312], [34.292142, -0.83072], [34.293648, -0.832199], [34.295337, -0.833286], [34.295701, -0.834117], [34.297755, -0.835435], [34.298965, -0.836359], [34.299923, -0.83703]], [[34.362922, -0.872737], [34.362966, -0.871892], [34.362031, -0.870691], [34.36153, -0.869629], [34.36137, -0.869052], [34.360092, -0.868681], [34.359407, -0.86808], [34.358174, -0.868078], [34.356917, -0.868929], [34.355524, -0.869089], [34.354884, -0.869572], [34.354084, -0.870424], [34.352828, -0.870744], [34.351297, -0.871434], [34.349904, -0.871524], [34.347826, -0.871866], [34.346364, -0.87191], [34.343715, -0.871744], [34.342117, -0.871787], [34.338828, -0.871528], [34.337185, -0.870833], [34.335632, -0.870185], [34.333144, -0.869512], [34.331889, -0.868633], [34.330405, -0.867639], [34.329584, -0.866992], [34.327438, -0.866158], [34.325954, -0.865625], [34.324447, -0.864746], [34.323717, -0.864238], [34.322644, -0.863982], [34.321274, -0.863795], [34.320429, -0.864071], [34.319379, -0.863608], [34.318443, -0.862914], [34.317668, -0.861345]], [[34.250472, -0.751197], [34.247828, -0.74913], [34.246758, -0.746865], [34.2461, -0.745102], [34.244764, -0.743829], [34.243042, -0.742675], [34.241484, -0.741979], [34.240748, -0.741412]]]}}, {"type": "Feature", "properties": {"name": "Kimondi", "length_km": 30.789, "dist_to_gulf_km": 31.729, "n_segments": 2}, "geometry": {"type": "MultiLineString", "coordinates": [[[35.000526, 0.148109], [35.001955, 0.147502], [35.002704, 0.147129], [35.003545, 0.147123], [35.00409, 0.146844], [35.004634, 0.146542], [35.005063, 0.146033], [35.005697, 0.145639], [35.006748, 0.146435], [35.007594, 0.147141], [35.008731, 0.147111], [35.00919, 0.147705], [35.00967, 0.148138], [35.010102, 0.148181], [35.010855, 0.148543], [35.011199, 0.149069], [35.011022, 0.149805], [35.010479, 0.150429], [35.010777, 0.15084], [35.011484, 0.151065], [35.011643, 0.150995], [35.011775, 0.150236], [35.011815, 0.149432], [35.012105, 0.148328], [35.012216, 0.147845], [35.011233, 0.147093], [35.010477, 0.146088], [35.010721, 0.145145], [35.012178, 0.145365], [35.013429, 0.145356], [35.014088, 0.145168], [35.015048, 0.145965], [35.016004, 0.146073], [35.017323, 0.146087], [35.018076, 0.146564], [35.01887, 0.146076], [35.019502, 0.145291], [35.020296, 0.144987], [35.021065, 0.144293], [35.02161, 0.144083], [35.022204, 0.144561], [35.02239, 0.14518], [35.023368, 0.145173], [35.024322, 0.144983], [35.024955, 0.144312], [35.024905, 0.143647], [35.025289, 0.143185], [35.025926, 0.14318], [35.026544, 0.143865], [35.026935, 0.144505], [35.028771, 0.143459], [35.029264, 0.142239], [35.029536, 0.142076], [35.030514, 0.141977], [35.030557, 0.141587], [35.030257, 0.140854], [35.030708, 0.140116], [35.03139, 0.140203], [35.032059, 0.141783], [35.032699, 0.14233], [35.033518, 0.142347], [35.034704, 0.142775], [35.036094, 0.14334], [35.037277, 0.143309], [35.038186, 0.143188], [35.038441, 0.143967], [35.038922, 0.144584], [35.038105, 0.144865], [35.03681, 0.145218], [35.036653, 0.145587], [35.037042, 0.145975], [35.038157, 0.146059], [35.038727, 0.146285], [35.038891, 0.146995], [35.038735, 0.147525], [35.038535, 0.148399], [35.040045, 0.149858], [35.041094, 0.150287], [35.0413, 0.150653], [35.041034, 0.151758], [35.042333, 0.152231], [35.043697, 0.152061], [35.04497, 0.151937], [35.046905, 0.152314], [35.048461, 0.153865], [35.048966, 0.154643], [35.049856, 0.155165], [35.050088, 0.155898], [35.048751, 0.156757], [35.048007, 0.157933], [35.048536, 0.158917], [35.048452, 0.159974], [35.048163, 0.161216], [35.048738, 0.162223], [35.048495, 0.163534], [35.049316, 0.163918], [35.050583, 0.162738], [35.050431, 0.164003], [35.050256, 0.165175], [35.051009, 0.165537], [35.051717, 0.165946], [35.05274, 0.165893], [35.053473, 0.16676], [35.052705, 0.167661], [35.051689, 0.168977], [35.050833, 0.170476], [35.049704, 0.17177], [35.049212, 0.173289], [35.047796, 0.176147], [35.047126, 0.178172], [35.046518, 0.179302], [35.045984, 0.181166], [35.04513, 0.182963], [35.044526, 0.184758], [35.044169, 0.185932], [35.043949, 0.187105], [35.044068, 0.188114], [35.044618, 0.188754], [35.04546, 0.188886], [35.046493, 0.190486], [35.047358, 0.190595], [35.048177, 0.190612], [35.048789, 0.190218], [35.049195, 0.189664], [35.049658, 0.190992], [35.049754, 0.191842], [35.050852, 0.192959], [35.051019, 0.194198], [35.050204, 0.194939], [35.048709, 0.195891], [35.04853, 0.196443], [35.049723, 0.198134], [35.04953, 0.20018], [35.049133, 0.202249], [35.048799, 0.203469], [35.048714, 0.204526], [35.0487, 0.20595], [35.04896, 0.207533], [35.048326, 0.207996], [35.047669, 0.208437], [35.048083, 0.209215], [35.049177, 0.209644], [35.049589, 0.210077], [35.048412, 0.211119], [35.048169, 0.212361], [35.049086, 0.213503], [35.049524, 0.214579], [35.049625, 0.216117], [35.04979, 0.217218], [35.050856, 0.216614], [35.051472, 0.216954], [35.050796, 0.218084], [35.048465, 0.220075], [35.047337, 0.221576], [35.046413, 0.22296], [35.044472, 0.225661], [35.044317, 0.226351], [35.043776, 0.227181], [35.042842, 0.23077], [35.042459, 0.23137], [35.042783, 0.232286], [35.043447, 0.233017], [35.044768, 0.233237], [35.047322, 0.234391], [35.048143, 0.23473], [35.048283, 0.235326], [35.047991, 0.235994], [35.048658, 0.237252], [35.048442, 0.239114], [35.047834, 0.240152], [35.047455, 0.241486], [35.047664, 0.242266], [35.049555, 0.242758], [35.05049, 0.243142], [35.050994, 0.243712], [35.051696, 0.243202], [35.052354, 0.243014], [35.052403, 0.243611], [35.052136, 0.244485], [35.05401, 0.246011], [35.054762, 0.24635], [35.055471, 0.246942], [35.055158, 0.247909], [35.054914, 0.248921], [35.055691, 0.249582], [35.056877, 0.250033], [35.057583, 0.250189], [35.058469, 0.250022], [35.058721, 0.250319], [35.058928, 0.250777], [35.058818, 0.251466]], [[35.058818, 0.251466], [35.058006, 0.252094], [35.058323, 0.252854], [35.058802, 0.253108], [35.05873, 0.253981], [35.058409, 0.254509], [35.058064, 0.255083], [35.057376, 0.256092], [35.057238, 0.256575], [35.05751, 0.256966], [35.058013, 0.25683], [35.058812, 0.256694], [35.058559, 0.257406], [35.058007, 0.258531], [35.058027, 0.259313], [35.058185, 0.260003], [35.057999, 0.26083], [35.057791, 0.261634], [35.058199, 0.26244], [35.058563, 0.262877], [35.059245, 0.263891], [35.060109, 0.264767], [35.060631, 0.265757], [35.060262, 0.266837], [35.059848, 0.26764], [35.059504, 0.268145], [35.058886, 0.268764], [35.058565, 0.26913], [35.059568, 0.269524], [35.060206, 0.270055], [35.061141, 0.270218], [35.063512, 0.27126], [35.064168, 0.272825], [35.064827, 0.273792], [35.065489, 0.273771], [35.065969, 0.273704], [35.066287, 0.274004], [35.066217, 0.274624], [35.066923, 0.275155], [35.067674, 0.275801], [35.068541, 0.275849], [35.069114, 0.275368], [35.069481, 0.27484], [35.069845, 0.275025], [35.070208, 0.275831], [35.071119, 0.276385], [35.071709, 0.277399], [35.071728, 0.27864], [35.071473, 0.279858], [35.071332, 0.280984], [35.071536, 0.28149], [35.07206, 0.281813], [35.072609, 0.281493], [35.072949, 0.282046], [35.07306, 0.28292], [35.073837, 0.282899], [35.075913, 0.283296], [35.077304, 0.28353], [35.078399, 0.283901], [35.079176, 0.283581], [35.079999, 0.283331], [35.080544, 0.284114], [35.080951, 0.285218], [35.081636, 0.285381], [35.082386, 0.286142], [35.083663, 0.286629], [35.084504, 0.28778]]]}}, {"type": "Feature", "properties": {"name": "Nyando (Kipchorian)", "length_km": 30.404, "dist_to_gulf_km": 26.579, "n_segments": 1}, "geometry": {"type": "LineString", "coordinates": [[35.106587, -0.122492], [35.108434, -0.122319], [35.109118, -0.12255], [35.109232, -0.123424], [35.109254, -0.124367], [35.109345, -0.124666], [35.109961, -0.124414], [35.110554, -0.123977], [35.111193, -0.123495], [35.112036, -0.12368], [35.112105, -0.124347], [35.112287, -0.124968], [35.111603, -0.125864], [35.112332, -0.126601], [35.113107, -0.127016], [35.114977, -0.127501], [35.115775, -0.127778], [35.116413, -0.127594], [35.116756, -0.127043], [35.11728, -0.126744], [35.117804, -0.126998], [35.118101, -0.127872], [35.118078, -0.128539], [35.117485, -0.129275], [35.117918, -0.129965], [35.1181, -0.130448], [35.117758, -0.131138], [35.117667, -0.131897], [35.117781, -0.132219], [35.119035, -0.132887], [35.120312, -0.133441], [35.120562, -0.134131], [35.120311, -0.135649], [35.120174, -0.136614], [35.119353, -0.138039], [35.119034, -0.138775], [35.1199, -0.139328], [35.120858, -0.13995], [35.121724, -0.140848], [35.122454, -0.14101], [35.123115, -0.141539], [35.123297, -0.142276], [35.123776, -0.142805], [35.124209, -0.14292], [35.124597, -0.142438], [35.124483, -0.141311], [35.12462, -0.140805], [35.125874, -0.143152], [35.126261, -0.144211], [35.126261, -0.144947], [35.126489, -0.145315], [35.125896, -0.146004], [35.125189, -0.146647], [35.12512, -0.147107], [35.125508, -0.147706], [35.12601, -0.148005], [35.126237, -0.148903], [35.126739, -0.149662], [35.127423, -0.150031], [35.128221, -0.150377], [35.128882, -0.14971], [35.129202, -0.148331], [35.129521, -0.148009], [35.129909, -0.148538], [35.129566, -0.151114], [35.129976, -0.152885], [35.130204, -0.154266], [35.130432, -0.154795], [35.131207, -0.15406], [35.131527, -0.154129], [35.131321, -0.153232], [35.130797, -0.152104], [35.132028, -0.15252], [35.132872, -0.15275], [35.133921, -0.152637], [35.134559, -0.153764], [35.135129, -0.155237], [35.135881, -0.155836], [35.136657, -0.156089], [35.137203, -0.158528], [35.137431, -0.159379], [35.138092, -0.16007], [35.139118, -0.160301], [35.140327, -0.159865], [35.140601, -0.159313], [35.139484, -0.158415], [35.139826, -0.15814], [35.141946, -0.158441], [35.143542, -0.159224], [35.145001, -0.159341], [35.146506, -0.159366], [35.147783, -0.159758], [35.148467, -0.160173], [35.149311, -0.159782], [35.150246, -0.160174], [35.150542, -0.161049], [35.15191, -0.161073], [35.153552, -0.161167], [35.154236, -0.161628], [35.154714, -0.162019], [35.155717, -0.162342], [35.155945, -0.163262], [35.157792, -0.163195], [35.158978, -0.162828], [35.159708, -0.162208], [35.160802, -0.162002], [35.162011, -0.161728], [35.162079, -0.160808], [35.162991, -0.160188], [35.163493, -0.16028], [35.164154, -0.159545], [35.164724, -0.159178], [35.165659, -0.160122], [35.166343, -0.160076], [35.167529, -0.159227], [35.168418, -0.159412], [35.167506, -0.160583], [35.166731, -0.16148], [35.166753, -0.162285], [35.167665, -0.162654], [35.168782, -0.162057], [35.169581, -0.161092], [35.169968, -0.16054], [35.170858, -0.159943], [35.17234, -0.160106], [35.173867, -0.159693], [35.175076, -0.159901], [35.17617, -0.160616], [35.177128, -0.161353], [35.178222, -0.161929], [35.180343, -0.16177], [35.181369, -0.16184], [35.182075, -0.162278], [35.183215, -0.162463], [35.184241, -0.162395], [35.18504, -0.161131], [35.186111, -0.160327], [35.186567, -0.159821], [35.186408, -0.159361], [35.185405, -0.15821], [35.185314, -0.15706], [35.186112, -0.156578], [35.187297, -0.156832], [35.188187, -0.157638], [35.188323, -0.158305], [35.188962, -0.159134], [35.19033, -0.159503], [35.191789, -0.160103], [35.193704, -0.160128], [35.195688, -0.159946], [35.196759, -0.159763], [35.19774, -0.159465], [35.198583, -0.159742], [35.199609, -0.160686], [35.200862, -0.161972], [35.201567, -0.162458], [35.201791, -0.163263], [35.201927, -0.163631], [35.202635, -0.163198], [35.203822, -0.162767], [35.204596, -0.163047], [35.204776, -0.163852], [35.204295, -0.164263], [35.203655, -0.164857], [35.203516, -0.165316], [35.203855, -0.165937], [35.204813, -0.166057], [35.20529, -0.166289], [35.205424, -0.167139], [35.208681, -0.16789], [35.209386, -0.168261], [35.20984, -0.16886], [35.210798, -0.168704], [35.211231, -0.168775], [35.210955, -0.169393], [35.210428, -0.170011], [35.210449, -0.170402], [35.210585, -0.17054], [35.21111, -0.170405], [35.211705, -0.169833], [35.212594, -0.169884], [35.213685, -0.170785], [35.214185, -0.171177], [35.214914, -0.171319], [35.215618, -0.171919], [35.215797, -0.172862], [35.215745, -0.174561], [35.216357, -0.175299], [35.216102, -0.176492], [35.215939, -0.177341], [35.216098, -0.177618], [35.217169, -0.1776], [35.217852, -0.177833], [35.218347, -0.179443], [35.218114, -0.180705], [35.218521, -0.181603], [35.218883, -0.182271], [35.219132, -0.182938], [35.219199, -0.183237], [35.21833, -0.183899], [35.217849, -0.184425], [35.218098, -0.184885], [35.21887, -0.185693], [35.219485, -0.185788], [35.219507, -0.186132], [35.219297, -0.187211], [35.219978, -0.187972], [35.220315, -0.189168], [35.220291, -0.189673], [35.219787, -0.190291], [35.21892, -0.190448], [35.218051, -0.190972], [35.218528, -0.191434], [35.220328, -0.191764], [35.221239, -0.192067], [35.221767, -0.19115], [35.221996, -0.190784], [35.22286, -0.191523], [35.223997, -0.192149], [35.225226, -0.19266], [35.226158, -0.193468], [35.226772, -0.193815], [35.227685, -0.19336], [35.228667, -0.193043], [35.229487, -0.193047], [35.229898, -0.193118], [35.230539, -0.192271], [35.23118, -0.191562], [35.231614, -0.191381], [35.23339, -0.192032], [35.235073, -0.19312], [35.236754, -0.194506], [35.236477, -0.195515], [35.237046, -0.195679], [35.237409, -0.196071], [35.237589, -0.196761], [35.237062, -0.197401], [35.2369, -0.197952], [35.237492, -0.19823], [35.238518, -0.198189], [35.239911, -0.197575], [35.241007, -0.196983], [35.241372, -0.197054], [35.242162, -0.199033], [35.243045, -0.200737], [35.243202, -0.201312], [35.24482, -0.201343], [35.245487, -0.199853], [35.245901, -0.199005], [35.246356, -0.199145], [35.246491, -0.199743], [35.245874, -0.200107], [35.246122, -0.20082], [35.246937, -0.202317], [35.247412, -0.203054], [35.248233, -0.202989], [35.24896, -0.203751], [35.249343, -0.204947], [35.249612, -0.205959], [35.248746, -0.205978], [35.248244, -0.206113], [35.248173, -0.20671], [35.247875, -0.207214], [35.247941, -0.207788], [35.248305, -0.208089], [35.248944, -0.207954], [35.249808, -0.208394], [35.249624, -0.20883], [35.24928, -0.209288], [35.249073, -0.209976], [35.249047, -0.210619], [35.249411, -0.210781], [35.249822, -0.210622], [35.249893, -0.209934], [35.249985, -0.209295]]}}, {"type": "Feature", "properties": {"name": "Kiptiget", "length_km": 30.009, "dist_to_gulf_km": 42.377, "n_segments": 2}, "geometry": {"type": "LineString", "coordinates": [[35.250055, -0.550533], [35.249535, -0.552017], [35.248898, -0.552082], [35.248463, -0.552885], [35.247938, -0.55341], [35.247275, -0.554073], [35.24641, -0.55446], [35.245406, -0.555144]]}}, {"type": "Feature", "properties": {"name": "Kabondo Awach", "length_km": 29.2, "dist_to_gulf_km": 1.688, "n_segments": 1}, "geometry": {"type": "LineString", "coordinates": [[34.765196, -0.423178], [34.765586, -0.423156], [34.765425, -0.42364], [34.765837, -0.423572], [34.766226, -0.42385], [34.766798, -0.423874], [34.76776, -0.423392], [34.768355, -0.423855], [34.769134, -0.423395], [34.769684, -0.422958], [34.770325, -0.423375], [34.771355, -0.423101], [34.772684, -0.422112], [34.773829, -0.421422], [34.774746, -0.420248], [34.775959, -0.420481], [34.776967, -0.419953], [34.778203, -0.420233], [34.779004, -0.420835], [34.779255, -0.421481], [34.779529, -0.42252], [34.780147, -0.422844], [34.780306, -0.423467], [34.78113, -0.423516], [34.781589, -0.422986], [34.782367, -0.42308], [34.782801, -0.42375], [34.783121, -0.424143], [34.783763, -0.423914], [34.784633, -0.423847], [34.785893, -0.423088], [34.786077, -0.422443], [34.786467, -0.42129], [34.786651, -0.420783], [34.787407, -0.420231], [34.787385, -0.419147], [34.787981, -0.41841], [34.788965, -0.419128], [34.789722, -0.417792], [34.790843, -0.41784], [34.791828, -0.417866], [34.792698, -0.417452], [34.793682, -0.417501], [34.794369, -0.417918], [34.795124, -0.418427], [34.795444, -0.419051], [34.795604, -0.419466], [34.796428, -0.419307], [34.796611, -0.419768], [34.796793, -0.420323], [34.797114, -0.420323], [34.797709, -0.420463], [34.797939, -0.41961], [34.798992, -0.419313], [34.799495, -0.41966], [34.799037, -0.420282], [34.798739, -0.420627], [34.799403, -0.420559], [34.799906, -0.420814], [34.800296, -0.4204], [34.800731, -0.420401], [34.801142, -0.421048], [34.801485, -0.421856], [34.802538, -0.421466], [34.803408, -0.42163], [34.804186, -0.422393], [34.805285, -0.422049], [34.805675, -0.421404], [34.807392, -0.421224], [34.80888, -0.421181], [34.810208, -0.421346], [34.811284, -0.421464], [34.81213, -0.421996], [34.812817, -0.422344], [34.813778, -0.422346], [34.814396, -0.422371], [34.815037, -0.422187], [34.815678, -0.422466], [34.816799, -0.42316], [34.817713, -0.424685], [34.818124, -0.426416], [34.819405, -0.427111], [34.820251, -0.427851], [34.821258, -0.428015], [34.821509, -0.429077], [34.821829, -0.42947], [34.822723, -0.42908], [34.823821, -0.429613], [34.824759, -0.430446], [34.825674, -0.430494], [34.826452, -0.430749], [34.827781, -0.430453], [34.829063, -0.430409], [34.830001, -0.430435], [34.830459, -0.430113], [34.831627, -0.430369], [34.832062, -0.430093], [34.83252, -0.429541], [34.833276, -0.42952], [34.834307, -0.42883], [34.834947, -0.429547], [34.836, -0.429641], [34.837053, -0.429621], [34.837625, -0.429968], [34.838129, -0.429531], [34.838908, -0.429164], [34.840418, -0.43009], [34.840234, -0.430689], [34.84147, -0.430923], [34.842867, -0.430534], [34.844149, -0.430906], [34.844927, -0.430792], [34.844972, -0.431992], [34.844949, -0.43213], [34.84504, -0.4325], [34.845567, -0.432386], [34.846344, -0.433056], [34.846871, -0.43285], [34.847306, -0.432528], [34.847993, -0.432391], [34.847924, -0.432875], [34.848199, -0.433061], [34.848931, -0.433501], [34.84948, -0.433709], [34.849778, -0.433364], [34.850487, -0.433666], [34.851037, -0.433344], [34.851472, -0.433645], [34.851471, -0.43406], [34.851929, -0.433923], [34.852272, -0.434523], [34.852775, -0.434847], [34.853302, -0.435287], [34.853485, -0.434826], [34.853691, -0.434688], [34.853623, -0.434134], [34.854013, -0.433812], [34.854197, -0.433144], [34.854632, -0.432706], [34.855296, -0.432639], [34.855982, -0.433009], [34.8566, -0.433034], [34.857241, -0.433059], [34.857379, -0.432828], [34.857745, -0.433198], [34.858638, -0.433385], [34.858912, -0.433916], [34.859209, -0.434586], [34.860192, -0.435095], [34.861062, -0.435144], [34.860901, -0.436066], [34.861566, -0.435537], [34.861931, -0.436114], [34.862341, -0.438053], [34.862844, -0.438677], [34.86337, -0.439255], [34.864606, -0.440065], [34.865681, -0.440875], [34.866276, -0.440807], [34.866506, -0.44007], [34.86742, -0.441179], [34.868175, -0.441711], [34.868404, -0.442473], [34.869273, -0.443236], [34.870829, -0.443194], [34.872042, -0.443681], [34.872843, -0.443821], [34.873599, -0.443684], [34.8744, -0.444355], [34.875064, -0.443757], [34.875522, -0.443481], [34.875887, -0.44452], [34.876597, -0.445099], [34.877969, -0.445817], [34.878861, -0.446488], [34.879044, -0.446927], [34.878975, -0.447642], [34.879387, -0.447942], [34.87989, -0.447713], [34.880486, -0.447276], [34.880807, -0.447207], [34.88115, -0.447693], [34.881906, -0.447049], [34.883165, -0.447305], [34.883851, -0.447607], [34.884033, -0.448276], [34.884674, -0.449131], [34.885016, -0.449778], [34.885817, -0.450033], [34.886641, -0.450335], [34.887259, -0.450129], [34.887809, -0.450453], [34.888473, -0.450016], [34.889297, -0.45011], [34.889869, -0.449973], [34.890373, -0.449905], [34.890624, -0.450921], [34.890646, -0.451751], [34.890577, -0.452328], [34.891561, -0.452307], [34.892134, -0.45217], [34.893232, -0.452219], [34.893896, -0.452474], [34.894147, -0.453397], [34.895269, -0.453377], [34.89639, -0.453864], [34.896388, -0.455455], [34.895976, -0.455847], [34.896914, -0.456472], [34.897325, -0.456957], [34.898035, -0.456912], [34.898219, -0.456382], [34.899089, -0.456292], [34.899935, -0.456778], [34.900942, -0.457657], [34.902154, -0.458283], [34.903185, -0.458193], [34.903275, -0.458862], [34.904442, -0.459511], [34.905518, -0.459628], [34.906319, -0.459676], [34.907235, -0.459333], [34.908082, -0.459404], [34.908746, -0.459474], [34.908152, -0.458758], [34.909662, -0.458854], [34.910097, -0.458947], [34.909868, -0.459362], [34.909661, -0.46003], [34.910119, -0.460077], [34.910531, -0.459755], [34.910967, -0.459318], [34.91186, -0.459274], [34.912271, -0.459875], [34.912981, -0.459992], [34.913484, -0.460731], [34.914171, -0.460594], [34.915132, -0.460504], [34.9163, -0.460415], [34.91662, -0.460715], [34.916619, -0.461361], [34.916642, -0.461684], [34.917443, -0.461386], [34.918038, -0.461433], [34.918862, -0.461827], [34.919709, -0.461991], [34.920968, -0.461948], [34.921747, -0.461719], [34.922274, -0.461351], [34.922617, -0.461075], [34.923212, -0.461514], [34.923853, -0.461447], [34.924585, -0.461979], [34.92566, -0.463296], [34.926323, -0.463736], [34.926987, -0.463899], [34.927421, -0.464546], [34.927787, -0.464685], [34.927856, -0.465147], [34.928335, -0.466186], [34.928839, -0.466279], [34.929227, -0.466811], [34.929731, -0.466904], [34.930327, -0.466536], [34.931219, -0.467046], [34.931699, -0.467831], [34.93195, -0.468708], [34.932224, -0.469286], [34.932933, -0.469449], [34.933483, -0.469427], [34.933322, -0.470303], [34.93307, -0.470602], [34.933848, -0.470535], [34.934581, -0.470306], [34.935793, -0.471254], [34.936845, -0.471995], [34.937784, -0.472458], [34.93847, -0.473014], [34.93911, -0.473477], [34.939911, -0.47417], [34.940872, -0.474888], [34.941352, -0.475258], [34.941511, -0.476181], [34.941648, -0.47715], [34.942128, -0.477889], [34.943135, -0.477338], [34.943844, -0.478424], [34.944737, -0.478656], [34.945515, -0.478497], [34.945743, -0.479535], [34.946246, -0.480344], [34.945902, -0.480989], [34.946244, -0.481681], [34.946863, -0.481544], [34.947206, -0.481338], [34.947618, -0.481823], [34.947457, -0.482884], [34.947296, -0.483506], [34.948165, -0.484338], [34.948737, -0.484778], [34.949629, -0.485057], [34.949949, -0.486049], [34.950085, -0.487111], [34.950176, -0.487988], [34.950655, -0.488981], [34.950907, -0.489604], [34.950929, -0.489996]]}}, {"type": "Feature", "properties": {"name": "Miriu", "length_km": 28.501, "dist_to_gulf_km": 0.925, "n_segments": 1}, "geometry": {"type": "LineString", "coordinates": [[34.832845, -0.229666], [34.834602, -0.227328], [34.835059, -0.226779], [34.836263, -0.226646], [34.838267, -0.225299], [34.839156, -0.224383], [34.840248, -0.223974], [34.840955, -0.222989], [34.841026, -0.222184], [34.841483, -0.221405], [34.843169, -0.220194], [34.844468, -0.218958], [34.845673, -0.218504], [34.846858, -0.217566], [34.846567, -0.216415], [34.84573, -0.215307], [34.845461, -0.214409], [34.84558, -0.212915], [34.847715, -0.21281], [34.848555, -0.213159], [34.849487, -0.212818], [34.849899, -0.212038], [34.850197, -0.211189], [34.851424, -0.210988], [34.852399, -0.211406], [34.854036, -0.211115], [34.855811, -0.210227], [34.856791, -0.209242], [34.857825, -0.205936], [34.857649, -0.204371], [34.857492, -0.203841], [34.856379, -0.20402], [34.856564, -0.202894], [34.856931, -0.202068], [34.856846, -0.200435], [34.857508, -0.199403], [34.858646, -0.198741], [34.858963, -0.19918], [34.859645, -0.198884], [34.860037, -0.197391], [34.86034, -0.195231], [34.86064, -0.193967], [34.862549, -0.19377], [34.862277, -0.193446], [34.862642, -0.193057], [34.863962, -0.192419], [34.863305, -0.191841], [34.862992, -0.190598], [34.863991, -0.190649], [34.864401, -0.190214], [34.864154, -0.189638], [34.864451, -0.189133], [34.864179, -0.188879], [34.863769, -0.189291], [34.863406, -0.189128], [34.863432, -0.188185], [34.86323, -0.187632], [34.864457, -0.187454], [34.865411, -0.187321], [34.866158, -0.188014], [34.866815, -0.188408], [34.866745, -0.189075], [34.867472, -0.188849], [34.868246, -0.188507], [34.868243, -0.189335], [34.867423, -0.18986], [34.86808, -0.19053], [34.867918, -0.191242], [34.86846, -0.19205], [34.869231, -0.192375], [34.869663, -0.192194], [34.869371, -0.191341], [34.870009, -0.190884], [34.870825, -0.191348], [34.871686, -0.191927], [34.872026, -0.192067], [34.872569, -0.192759], [34.873208, -0.19175], [34.873461, -0.190947], [34.873868, -0.191501], [34.874435, -0.191641], [34.874597, -0.190906], [34.875527, -0.191256], [34.876868, -0.190825], [34.87719, -0.1897], [34.877762, -0.188782], [34.878833, -0.187592], [34.878748, -0.186188], [34.878297, -0.185335], [34.87914, -0.184627], [34.880025, -0.184861], [34.879755, -0.18417], [34.880234, -0.183367], [34.880801, -0.1836], [34.881508, -0.182913], [34.88253, -0.182803], [34.882898, -0.181655], [34.883263, -0.181266], [34.883578, -0.182003], [34.884167, -0.182581], [34.884915, -0.182906], [34.884964, -0.18201], [34.885645, -0.182036], [34.886872, -0.18195], [34.886763, -0.180638], [34.886992, -0.180179], [34.88783, -0.180735], [34.888537, -0.180003], [34.889087, -0.178718], [34.88884, -0.177751], [34.889705, -0.177387], [34.890635, -0.177713], [34.891132, -0.178451], [34.890697, -0.179438], [34.892148, -0.179997], [34.892805, -0.180391], [34.893691, -0.180441], [34.894035, -0.179454], [34.894676, -0.178146], [34.894497, -0.177455], [34.894068, -0.176764], [34.894504, -0.175547], [34.894052, -0.174993], [34.893939, -0.174624], [34.893534, -0.173725], [34.8949, -0.172881], [34.896036, -0.172748], [34.895674, -0.172379], [34.894904, -0.171823], [34.895337, -0.171227], [34.896267, -0.171669], [34.897404, -0.171398], [34.897997, -0.170665], [34.897293, -0.170547], [34.896406, -0.170957], [34.896454, -0.170336], [34.896003, -0.169345], [34.895395, -0.167939], [34.894809, -0.166625], [34.894564, -0.16529], [34.894181, -0.164645], [34.894728, -0.164118], [34.895002, -0.163499], [34.894779, -0.162532], [34.895462, -0.161937], [34.895573, -0.162835], [34.896164, -0.162676], [34.896597, -0.162219], [34.897029, -0.162106], [34.897481, -0.162637], [34.897002, -0.163117], [34.896842, -0.163554], [34.897501, -0.163419], [34.897704, -0.163719], [34.897974, -0.164387], [34.897996, -0.164755], [34.898426, -0.165217], [34.899199, -0.164899], [34.898861, -0.164207], [34.898454, -0.163584], [34.898706, -0.163194], [34.899025, -0.162943], [34.899318, -0.163381], [34.899999, -0.1635], [34.899479, -0.162761], [34.899617, -0.162486], [34.900206, -0.162834], [34.900591, -0.163249], [34.901092, -0.162723], [34.90039, -0.16226], [34.900575, -0.161387], [34.901143, -0.161136], [34.90155, -0.161621], [34.901756, -0.161254], [34.901713, -0.160656], [34.902598, -0.160752], [34.903096, -0.161238], [34.903414, -0.161285], [34.903507, -0.160826], [34.902941, -0.160294], [34.903533, -0.159906], [34.904827, -0.160073], [34.904824, -0.160717], [34.905096, -0.161063], [34.905484, -0.160536], [34.904761, -0.159429], [34.904468, -0.158899], [34.905058, -0.158947], [34.904878, -0.158418], [34.904403, -0.158024], [34.904132, -0.157632], [34.90436, -0.157334], [34.905018, -0.15736], [34.905497, -0.156903], [34.905705, -0.156053], [34.906113, -0.156032], [34.90675, -0.155989], [34.907158, -0.156221], [34.907475, -0.156452], [34.907886, -0.155695], [34.908681, -0.155699], [34.908683, -0.155216], [34.909253, -0.154736], [34.909256, -0.153908], [34.908669, -0.152916], [34.908876, -0.152136], [34.908515, -0.151582], [34.908313, -0.150845], [34.909154, -0.150573], [34.909657, -0.149725], [34.909297, -0.148895], [34.90964, -0.148161], [34.909733, -0.147517], [34.910325, -0.147198], [34.910621, -0.147016], [34.910869, -0.147431], [34.911231, -0.1478], [34.911799, -0.147734], [34.911574, -0.147204], [34.910896, -0.146327], [34.910966, -0.145729], [34.911831, -0.14532], [34.912174, -0.144815], [34.912376, -0.145253], [34.913399, -0.145143], [34.913967, -0.145054], [34.913719, -0.14457], [34.913699, -0.143834], [34.914176, -0.143675], [34.914492, -0.144389], [34.915037, -0.144461], [34.9147, -0.143471], [34.914248, -0.142641], [34.913976, -0.142524], [34.914613, -0.142389], [34.91543, -0.142531], [34.915408, -0.142255], [34.915978, -0.141798], [34.917387, -0.141414], [34.917772, -0.141646], [34.917883, -0.14252], [34.918724, -0.142156], [34.918634, -0.142018], [34.918479, -0.141005], [34.919205, -0.1411], [34.919163, -0.140364], [34.920481, -0.140118], [34.92112, -0.139362], [34.919918, -0.138781], [34.920556, -0.138186], [34.921623, -0.13826], [34.92149, -0.137547], [34.921266, -0.136672], [34.921834, -0.136583], [34.922625, -0.137506], [34.923079, -0.137578], [34.922878, -0.136772], [34.922925, -0.136243], [34.924108, -0.135881], [34.924656, -0.134963], [34.924295, -0.134272], [34.925434, -0.133472], [34.926276, -0.132856], [34.926939, -0.131709], [34.92726, -0.131021], [34.926534, -0.130672], [34.927401, -0.129825], [34.926653, -0.129201], [34.926178, -0.128647], [34.925227, -0.12786], [34.926159, -0.127727], [34.926321, -0.126877], [34.92707, -0.126949], [34.928569, -0.127117], [34.929682, -0.127031], [34.93009, -0.127378], [34.930908, -0.127198], [34.931771, -0.127202], [34.932817, -0.126908], [34.932342, -0.126308], [34.932003, -0.125731], [34.932754, -0.125344], [34.932551, -0.124952], [34.931646, -0.12412]]}}, {"type": "Feature", "properties": {"name": "Mbogo", "length_km": 27.393, "dist_to_gulf_km": 28.475, "n_segments": 2}, "geometry": {"type": "MultiLineString", "coordinates": [[[35.250453, -0.061974], [35.251433, -0.063008], [35.252276, -0.062847], [35.252731, -0.063077], [35.253141, -0.062571], [35.253299, -0.061422], [35.253778, -0.061813], [35.25412, -0.062387], [35.254143, -0.062801], [35.254963, -0.063031], [35.255737, -0.062571], [35.256306, -0.062249], [35.256762, -0.062663], [35.257627, -0.062341], [35.257969, -0.062916], [35.25838, -0.063652], [35.258835, -0.063399], [35.258948, -0.062272], [35.259517, -0.06195], [35.260587, -0.061674], [35.261998, -0.060801], [35.262636, -0.060663], [35.263069, -0.06087], [35.26407, -0.060479], [35.264503, -0.060778], [35.264754, -0.060893], [35.265072, -0.059904], [35.265823, -0.059835], [35.266052, -0.060686], [35.266667, -0.060801], [35.267441, -0.060433], [35.267007, -0.05949], [35.266893, -0.05903], [35.267986, -0.059122], [35.268943, -0.059306], [35.269694, -0.058846], [35.27056, -0.059536], [35.271881, -0.060249], [35.272633, -0.060777], [35.273339, -0.06057], [35.274524, -0.06149], [35.275686, -0.061881], [35.276164, -0.06149], [35.27687, -0.061352], [35.277348, -0.06211], [35.277053, -0.062961], [35.277918, -0.062823], [35.278943, -0.062432], [35.279627, -0.063375], [35.279855, -0.06434], [35.280607, -0.064455], [35.280674, -0.063352], [35.28113, -0.063812], [35.281359, -0.064915], [35.282339, -0.06572], [35.282863, -0.06657], [35.283638, -0.067237], [35.284595, -0.067283], [35.285392, -0.067076], [35.286212, -0.067674], [35.286827, -0.067743], [35.287555, -0.066846], [35.289035, -0.066892], [35.290334, -0.067742], [35.290995, -0.068501], [35.291269, -0.069673], [35.292545, -0.069558], [35.293956, -0.0688], [35.295094, -0.068685], [35.295732, -0.068616]], [[35.250453, -0.061974], [35.250139, -0.062908], [35.249727, -0.062335], [35.248382, -0.062912], [35.247264, -0.063534], [35.247128, -0.063948], [35.246353, -0.064363], [35.24583, -0.065191], [35.245373, -0.065192], [35.244528, -0.065194], [35.244301, -0.065746], [35.243754, -0.066091], [35.243161, -0.066345], [35.242612, -0.06591], [35.240809, -0.065822], [35.240602, -0.065386], [35.240261, -0.065961], [35.239622, -0.066169], [35.239163, -0.064998], [35.238045, -0.065345], [35.237178, -0.065255], [35.23606, -0.06574], [35.234783, -0.066317], [35.23339, -0.066274], [35.232545, -0.065724], [35.231722, -0.065542], [35.230831, -0.064924], [35.230054, -0.064604], [35.228867, -0.064974], [35.228275, -0.065274], [35.227748, -0.064494], [35.226513, -0.063761], [35.225303, -0.063304], [35.224182, -0.062342], [35.223063, -0.062367], [35.222925, -0.061541], [35.22274, -0.060875], [35.22185, -0.06067], [35.221917, -0.060325], [35.222487, -0.059819], [35.221574, -0.05966], [35.220546, -0.059547], [35.219792, -0.059296], [35.219721, -0.058285], [35.218648, -0.058035], [35.217665, -0.057233], [35.217117, -0.057142], [35.216364, -0.057305], [35.215311, -0.056112], [35.21385, -0.056161], [35.212847, -0.056761], [35.212071, -0.05713], [35.211499, -0.056442], [35.210562, -0.056007], [35.207777, -0.05622], [35.207091, -0.055509], [35.205516, -0.055673], [35.204605, -0.056364], [35.204173, -0.057169], [35.202393, -0.057885], [35.201206, -0.057979], [35.200065, -0.057959], [35.199998, -0.058809], [35.200046, -0.059659], [35.199864, -0.059958], [35.198767, -0.059639], [35.197512, -0.059779], [35.196508, -0.059988], [35.195845, -0.059668], [35.195091, -0.059485], [35.195045, -0.058911], [35.193994, -0.058615], [35.192717, -0.059353], [35.192147, -0.059974], [35.191852, -0.060457], [35.191465, -0.061032], [35.190597, -0.06108], [35.19021, -0.061517], [35.189777, -0.061748], [35.189228, -0.061175], [35.187813, -0.061453], [35.187014, -0.061386], [35.186466, -0.061571], [35.1861, -0.060951], [35.185233, -0.061321], [35.184797, -0.060403], [35.184317, -0.059875], [35.183768, -0.059693], [35.183492, -0.058637], [35.183011, -0.057719], [35.182463, -0.057628], [35.181824, -0.057882], [35.181686, -0.0574], [35.181685, -0.05694], [35.181206, -0.056919], [35.181115, -0.057424], [35.1805, -0.05777], [35.180179, -0.05738], [35.180406, -0.056874], [35.178854, -0.056671], [35.178306, -0.056626], [35.178125, -0.05743], [35.177463, -0.057661], [35.177006, -0.057639], [35.176435, -0.057503], [35.17582, -0.057964], [35.174928, -0.057161], [35.173283, -0.056705], [35.172394, -0.057419], [35.171939, -0.058155], [35.171347, -0.058708], [35.170525, -0.058825], [35.169864, -0.058964], [35.169292, -0.058597], [35.168905, -0.058897], [35.168609, -0.059587], [35.167193, -0.059245], [35.164909, -0.058721], [35.162922, -0.058335], [35.160889, -0.057604], [35.160065, -0.056779], [35.158855, -0.056965], [35.157418, -0.057336], [35.156551, -0.057774], [35.156186, -0.057821], [35.155891, -0.058396], [35.155113, -0.057823], [35.154655, -0.056997], [35.153879, -0.057021], [35.153148, -0.057046], [35.152235, -0.057278], [35.151664, -0.057141], [35.150772, -0.056385], [35.150041, -0.056225], [35.149151, -0.056342], [35.148445, -0.05701], [35.147418, -0.057425], [35.146894, -0.057587], [35.14589, -0.058187], [35.14475, -0.058465], [35.144272, -0.059247], [35.143746, -0.058812], [35.143404, -0.059295], [35.143269, -0.059984], [35.142447, -0.059779], [35.141763, -0.060286], [35.140804, -0.060495], [35.140301, -0.060151], [35.139959, -0.060014], [35.139594, -0.060474], [35.137633, -0.061328], [35.137107, -0.061192], [35.136537, -0.061216], [35.135988, -0.060964], [35.135599, -0.060666], [35.135029, -0.060874], [35.134208, -0.061244], [35.133432, -0.061199], [35.133202, -0.060786], [35.132996, -0.060442], [35.132335, -0.060627], [35.131649, -0.060169], [35.130735, -0.060125], [35.12932, -0.060266], [35.128749, -0.060037], [35.128428, -0.059625], [35.128062, -0.059235], [35.12756, -0.059121], [35.127125, -0.058892], [35.126828, -0.058732], [35.125573, -0.059079], [35.12473, -0.05954], [35.124205, -0.059518], [35.124113, -0.059174], [35.122835, -0.059521], [35.121852, -0.059133], [35.121441, -0.059088], [35.120916, -0.059112], [35.120321, -0.058516], [35.119293, -0.057944], [35.118402, -0.057808], [35.117055, -0.057879], [35.115958, -0.057468], [35.114014, -0.055841], [35.113077, -0.055223], [35.112278, -0.055201], [35.111343, -0.055686], [35.110064, -0.05562], [35.108922, -0.055185], [35.107619, -0.054683], [35.10666, -0.054524], [35.105999, -0.0551], [35.105133, -0.055883], [35.1039, -0.055518], [35.103283, -0.055243], [35.102116, -0.054663]]]}}, {"type": "Feature", "properties": {"name": "Awach Kibuon", "length_km": 26.353, "dist_to_gulf_km": 0.207, "n_segments": 1}, "geometry": {"type": "LineString", "coordinates": [[34.646411, -0.352843], [34.645931, -0.353304], [34.645474, -0.353766], [34.645017, -0.354412], [34.645063, -0.354851], [34.644331, -0.354482], [34.643759, -0.35379], [34.643347, -0.353097], [34.642752, -0.352913], [34.642638, -0.352544], [34.642341, -0.352521], [34.641815, -0.353398], [34.641198, -0.35349], [34.640924, -0.353767], [34.640924, -0.354437], [34.641062, -0.355083], [34.640719, -0.355613], [34.640674, -0.356098], [34.640492, -0.356698], [34.639943, -0.357206], [34.6396, -0.357413], [34.638686, -0.357668], [34.638275, -0.358129], [34.637933, -0.359144], [34.637476, -0.360252], [34.637431, -0.36106], [34.636791, -0.361268], [34.636357, -0.362168], [34.636701, -0.363506], [34.636701, -0.364244], [34.636542, -0.365236], [34.636428, -0.365929], [34.635994, -0.366667], [34.635469, -0.367567], [34.635264, -0.368329], [34.634922, -0.369298], [34.634511, -0.370405], [34.634194, -0.372012], [34.634147, -0.372611], [34.634032, -0.373141], [34.634328, -0.373648], [34.634373, -0.374156], [34.63435, -0.374686], [34.634234, -0.375238], [34.634598, -0.376553], [34.635764, -0.37704], [34.636588, -0.377134], [34.636679, -0.377434], [34.636106, -0.377916], [34.635991, -0.378515], [34.636264, -0.379069], [34.636561, -0.379277], [34.636905, -0.379186], [34.637271, -0.378841], [34.637682, -0.379257], [34.638138, -0.380318], [34.638572, -0.380849], [34.638892, -0.381311], [34.639006, -0.381542], [34.639601, -0.381336], [34.639828, -0.382212], [34.639896, -0.38288], [34.640535, -0.383804], [34.641014, -0.384658], [34.641791, -0.385236], [34.642021, -0.384775], [34.642525, -0.384339], [34.642684, -0.3848], [34.643004, -0.384962], [34.643416, -0.385124], [34.64369, -0.385378], [34.644284, -0.385979], [34.644764, -0.385819], [34.645658, -0.385153], [34.646276, -0.385016], [34.646961, -0.385363], [34.647143, -0.38594], [34.647074, -0.386746], [34.647369, -0.387807], [34.648054, -0.388846], [34.648236, -0.389192], [34.648213, -0.389561], [34.647984, -0.389791], [34.647573, -0.389375], [34.646955, -0.389512], [34.646771, -0.39011], [34.647776, -0.390804], [34.648691, -0.391336], [34.649444, -0.392053], [34.649627, -0.392261], [34.649901, -0.392422], [34.649603, -0.393044], [34.64983, -0.39392], [34.649922, -0.394082], [34.650654, -0.394107], [34.65111, -0.394914], [34.651567, -0.395353], [34.652253, -0.395424], [34.652869, -0.396348], [34.652823, -0.397062], [34.652936, -0.397592], [34.653187, -0.397731], [34.653782, -0.397986], [34.653552, -0.398492], [34.653025, -0.399021], [34.652635, -0.399666], [34.652429, -0.400057], [34.651995, -0.399872], [34.651675, -0.399364], [34.651491, -0.399778], [34.651307, -0.400354], [34.65085, -0.400468], [34.651169, -0.400768], [34.651902, -0.400471], [34.652565, -0.400979], [34.653685, -0.401512], [34.654258, -0.401006], [34.654944, -0.400731], [34.655996, -0.40101], [34.656749, -0.402326], [34.657252, -0.402811], [34.657708, -0.403619], [34.658461, -0.40475], [34.658415, -0.405211], [34.657934, -0.405209], [34.657751, -0.405739], [34.658162, -0.406178], [34.659168, -0.406111], [34.660312, -0.40639], [34.660517, -0.406621], [34.660746, -0.406945], [34.661318, -0.406808], [34.661776, -0.40667], [34.662599, -0.406626], [34.663057, -0.406351], [34.663333, -0.405453], [34.663769, -0.404762], [34.664251, -0.403957], [34.664526, -0.403566], [34.665668, -0.404398], [34.666056, -0.405505], [34.666513, -0.405529], [34.66704, -0.404816], [34.667224, -0.404148], [34.667659, -0.403896], [34.668186, -0.403689], [34.668643, -0.404267], [34.668435, -0.405188], [34.669076, -0.405051], [34.669307, -0.403969], [34.669491, -0.403301], [34.669606, -0.402425], [34.669882, -0.401873], [34.670089, -0.401297], [34.669471, -0.401042], [34.669243, -0.40065], [34.669816, -0.39996], [34.670436, -0.398671], [34.670483, -0.397864], [34.670667, -0.397358], [34.671033, -0.397197], [34.671032, -0.397842], [34.672404, -0.398353], [34.673021, -0.398423], [34.673502, -0.398586], [34.674028, -0.398656], [34.674646, -0.398381], [34.675812, -0.399052], [34.676567, -0.399077], [34.678166, -0.39998], [34.679058, -0.400327], [34.680155, -0.400998], [34.681002, -0.400816], [34.681735, -0.400472], [34.682718, -0.400981], [34.683471, -0.401697], [34.683792, -0.40126], [34.684524, -0.401769], [34.684592, -0.401861], [34.684317, -0.402091], [34.684248, -0.402345], [34.684728, -0.402899], [34.684863, -0.404121], [34.684907, -0.405066], [34.68493, -0.405527], [34.685617, -0.404837], [34.686373, -0.40447], [34.687013, -0.404379], [34.687723, -0.404127], [34.687815, -0.403436], [34.687954, -0.402676], [34.689305, -0.401734], [34.690473, -0.401023], [34.691755, -0.400426], [34.692647, -0.400728], [34.692989, -0.401535], [34.69324, -0.402043], [34.69388, -0.402344], [34.694062, -0.402713], [34.694381, -0.403774], [34.694838, -0.404121], [34.695042, -0.405113], [34.695178, -0.405689], [34.695797, -0.405391], [34.69701, -0.405094], [34.697513, -0.405257], [34.697809, -0.406225], [34.697784, -0.407101], [34.697989, -0.407908], [34.699041, -0.407865], [34.699682, -0.407912], [34.700834, -0.408079], [34.701589, -0.407966], [34.702503, -0.407807], [34.703303, -0.407947], [34.703692, -0.408063], [34.703921, -0.407949], [34.704173, -0.407489], [34.704334, -0.407121], [34.70582, -0.407009], [34.706528, -0.407311], [34.706894, -0.407611], [34.707966, -0.408283], [34.708743, -0.408699], [34.709405, -0.409047], [34.710936, -0.409281], [34.711897, -0.409238], [34.712627, -0.409609], [34.713176, -0.409564], [34.713769, -0.410165], [34.715074, -0.409523], [34.715692, -0.409294], [34.717017, -0.409528], [34.718298, -0.409463], [34.718893, -0.409027], [34.719169, -0.408521], [34.719717, -0.408545], [34.72006, -0.408546], [34.720449, -0.40834], [34.721087, -0.409217], [34.721336, -0.410554], [34.721562, -0.411591], [34.722018, -0.4121], [34.723161, -0.412218], [34.723594, -0.412864], [34.72428, -0.412912], [34.72476, -0.412798], [34.725103, -0.412753], [34.725607, -0.412432], [34.725745, -0.412041], [34.726384, -0.412365], [34.726544, -0.412504], [34.727322, -0.412091], [34.727894, -0.411839], [34.72954, -0.412051], [34.731116, -0.412747], [34.732669, -0.413327], [34.733628, -0.413974], [34.734817, -0.414139], [34.736943, -0.41403], [34.737971, -0.414332], [34.739044, -0.414819], [34.739729, -0.415258], [34.740987, -0.415008], [34.742427, -0.415335], [34.743546, -0.415706], [34.744666, -0.416055], [34.745328, -0.416172], [34.745901, -0.415598], [34.746932, -0.414886], [34.747525, -0.415303], [34.748805, -0.415744], [34.749582, -0.415884], [34.75006, -0.416623], [34.750563, -0.416739], [34.75181, -0.416619], [34.753641, -0.417638], [34.754876, -0.418287], [34.755585, -0.418865], [34.755974, -0.419581], [34.756592, -0.419375], [34.757096, -0.419607], [34.757324, -0.420299], [34.757713, -0.420439], [34.758125, -0.420001], [34.758539, -0.41908], [34.759363, -0.419082], [34.759682, -0.419959], [34.760415, -0.419707], [34.761079, -0.41987], [34.761697, -0.420287], [34.762795, -0.420866], [34.763436, -0.421029], [34.763962, -0.421745], [34.764213, -0.422323], [34.765196, -0.423178], [34.765219, -0.423178]]}}, {"type": "Feature", "properties": {"name": "Sirua", "length_km": 25.921, "dist_to_gulf_km": 31.296, "n_segments": 1}, "geometry": {"type": "LineString", "coordinates": [[35.004634, 0.146542], [35.004492, 0.145647], [35.004875, 0.145001], [35.006233, 0.143821], [35.006525, 0.143313], [35.00668, 0.142508], [35.006178, 0.142305], [35.006126, 0.141226], [35.006281, 0.140421], [35.006915, 0.139912], [35.007802, 0.13986], [35.007683, 0.138988], [35.007586, 0.137955], [35.007375, 0.137015], [35.007464, 0.136555], [35.008008, 0.136276], [35.008645, 0.136225], [35.009141, 0.135625], [35.009618, 0.13553], [35.009894, 0.135964], [35.010101, 0.136284], [35.010485, 0.135937], [35.010299, 0.135249], [35.010526, 0.13511], [35.011414, 0.135242], [35.01173, 0.134895], [35.01125, 0.134531], [35.010523, 0.134559], [35.010178, 0.134056], [35.01029, 0.133711], [35.010904, 0.133615], [35.010855, 0.133041], [35.010058, 0.132931], [35.009624, 0.132613], [35.009941, 0.132266], [35.010192, 0.13254], [35.010555, 0.132308], [35.011191, 0.132097], [35.012148, 0.132412], [35.012145, 0.131884], [35.012414, 0.131285], [35.012527, 0.131077], [35.013142, 0.131257], [35.013572, 0.130863], [35.014208, 0.130744], [35.014226, 0.130055], [35.014795, 0.13012], [35.015706, 0.130275], [35.016232, 0.130661], [35.01673, 0.130405], [35.016912, 0.130266], [35.016749, 0.129716], [35.017181, 0.129598], [35.017525, 0.130078], [35.017914, 0.130466], [35.01841, 0.12982], [35.019089, 0.129218], [35.018744, 0.128623], [35.018765, 0.12821], [35.019379, 0.12832], [35.019952, 0.128936], [35.020566, 0.129047], [35.020929, 0.128769], [35.020582, 0.127738], [35.020622, 0.126934], [35.020915, 0.126426], [35.021528, 0.126284], [35.022117, 0.125775], [35.022455, 0.125314], [35.022816, 0.124783], [35.023064, 0.124368], [35.023816, 0.124661], [35.024476, 0.124634], [35.024928, 0.124263], [35.025205, 0.124881], [35.025752, 0.12513], [35.026137, 0.124829], [35.026707, 0.125101], [35.026841, 0.124663], [35.027183, 0.124822], [35.027477, 0.124406], [35.027842, 0.124679], [35.028639, 0.124881], [35.029346, 0.125174], [35.02962, 0.125264], [35.030918, 0.1256], [35.031897, 0.125708], [35.032195, 0.126165], [35.033154, 0.126802], [35.033379, 0.126364], [35.033492, 0.126271], [35.033768, 0.126706], [35.034542, 0.126792], [35.034608, 0.126493], [35.035133, 0.126857], [35.035585, 0.126303], [35.036602, 0.125171], [35.037557, 0.125164], [35.038488, 0.124813], [35.039623, 0.124576], [35.041145, 0.124106], [35.042963, 0.123841], [35.045599, 0.123524], [35.046214, 0.123681], [35.046673, 0.124344], [35.047243, 0.124546], [35.04806, 0.124196], [35.048881, 0.124627], [35.04943, 0.125175], [35.050314, 0.12464], [35.0507, 0.124546], [35.051227, 0.125139], [35.051614, 0.125206], [35.0522, 0.124329], [35.052674, 0.12366], [35.053373, 0.122736], [35.054142, 0.121927], [35.054774, 0.121142], [35.055752, 0.121135], [35.056916, 0.121747], [35.057824, 0.121466], [35.058299, 0.121049], [35.059257, 0.121456], [35.060192, 0.121886], [35.061171, 0.122109], [35.061538, 0.122565], [35.061746, 0.123161], [35.062335, 0.122836], [35.063176, 0.122715], [35.064064, 0.122915], [35.064573, 0.124336], [35.065124, 0.125274], [35.066428, 0.126482], [35.066661, 0.127422], [35.066806, 0.12896], [35.067042, 0.130267], [35.067524, 0.131159], [35.068075, 0.131959], [35.068984, 0.131815], [35.06992, 0.132475], [35.070813, 0.133387], [35.070542, 0.133826], [35.070002, 0.134702], [35.070326, 0.135733], [35.07128, 0.135428], [35.07219, 0.135583], [35.07197, 0.13687], [35.072361, 0.137556], [35.073226, 0.137642], [35.073212, 0.139112], [35.073899, 0.13998], [35.074323, 0.138622], [35.074798, 0.138183], [35.075615, 0.137787], [35.076388, 0.137804], [35.076688, 0.138537], [35.077617, 0.137911], [35.078547, 0.137445], [35.079272, 0.13705], [35.079656, 0.136542], [35.080026, 0.137504], [35.080147, 0.138881], [35.080381, 0.139913], [35.081407, 0.140411], [35.081709, 0.141442], [35.082262, 0.142587], [35.083202, 0.143935], [35.083905, 0.143563], [35.084226, 0.143997], [35.085749, 0.143803], [35.086412, 0.14435], [35.087874, 0.145465], [35.088628, 0.14608], [35.089879, 0.146186], [35.090012, 0.145496], [35.090809, 0.145605], [35.091632, 0.146449], [35.091979, 0.147435], [35.092483, 0.148028], [35.093297, 0.147196], [35.094027, 0.147558], [35.094092, 0.147053], [35.094021, 0.146548], [35.094591, 0.146705], [35.09523, 0.147137], [35.095756, 0.147546], [35.095893, 0.147775], [35.097326, 0.147719], [35.099667, 0.147542], [35.099663, 0.146854], [35.100526, 0.146618], [35.101346, 0.146773], [35.102621, 0.146925], [35.102299, 0.146307], [35.102959, 0.146418], [35.103776, 0.14609], [35.103983, 0.146525], [35.104894, 0.146818], [35.105231, 0.146103], [35.104976, 0.145187], [35.105431, 0.145229], [35.105885, 0.145111], [35.106386, 0.145223], [35.106497, 0.144671], [35.10613, 0.14426], [35.106696, 0.143797], [35.108551, 0.142131], [35.109344, 0.141528], [35.110156, 0.140328], [35.110672, 0.139245], [35.111737, 0.138457], [35.112642, 0.13767], [35.113752, 0.136951], [35.11459, 0.136417], [35.115475, 0.13602], [35.116276, 0.136773], [35.117304, 0.137638], [35.118901, 0.138523], [35.120224, 0.139134], [35.121613, 0.139331], [35.122841, 0.139392], [35.123843, 0.139614], [35.125368, 0.139719], [35.126499, 0.138677], [35.128606, 0.137377], [35.129358, 0.137556], [35.130816, 0.137959], [35.131952, 0.137721], [35.13281, 0.136751], [35.134261, 0.135868], [35.135508, 0.135286], [35.136984, 0.134793], [35.138075, 0.134763], [35.139008, 0.13494], [35.13992, 0.135278], [35.140216, 0.135345], [35.140987, 0.13495], [35.142535, 0.135192], [35.142899, 0.135212], [35.143379, 0.135645], [35.143658, 0.136677], [35.144737, 0.138254], [35.14627, 0.139943], [35.14764, 0.140783], [35.148391, 0.140892], [35.148751, 0.140293], [35.149751, 0.140125], [35.151435, 0.140206], [35.152391, 0.14036], [35.153533, 0.141225], [35.154449, 0.142298], [35.1555, 0.14314], [35.15712, 0.144047], [35.158078, 0.144454], [35.159283, 0.1444]]}}, {"type": "Feature", "properties": {"name": "Oroba", "length_km": 25.381, "dist_to_gulf_km": 9.292, "n_segments": 4}, "geometry": {"type": "MultiLineString", "coordinates": [[[35.000392, 0.026688], [35.001007, 0.027123], [35.001508, 0.027077], [35.001918, 0.027375], [35.002214, 0.028109], [35.002829, 0.02859], [35.003625, 0.028543], [35.004286, 0.028726], [35.004809, 0.029207], [35.005424, 0.02978], [35.006039, 0.029711], [35.006926, 0.029687], [35.007792, 0.030466], [35.008293, 0.031039], [35.009135, 0.031726], [35.00975, 0.032207], [35.010479, 0.032688], [35.01098, 0.033399], [35.011072, 0.034821], [35.010913, 0.03645], [35.011483, 0.037735], [35.012485, 0.038697], [35.012576, 0.0395], [35.013966, 0.040944], [35.01474, 0.042297], [35.015606, 0.044039], [35.016517, 0.045713], [35.017679, 0.047662], [35.018773, 0.050024], [35.018637, 0.051217], [35.01791, 0.052801], [35.01716, 0.054247], [35.016364, 0.05551], [35.015272, 0.056314], [35.014522, 0.057577], [35.012656, 0.05923], [35.01202, 0.061089], [35.011611, 0.06265], [35.010975, 0.064119], [35.010657, 0.065519], [35.010317, 0.067102], [35.010135, 0.068135], [35.009863, 0.069626], [35.009226, 0.070613], [35.00859, 0.071991], [35.008454, 0.073321], [35.008386, 0.074078], [35.008432, 0.074721]], [[35.00048, -0.018196], [35.000518, -0.016725], [35.001105, -0.015642], [35.001377, -0.015365], [35.001971, -0.015523], [35.002242, -0.015062], [35.001965, -0.01442], [35.002392, -0.013085], [35.003095, -0.012415], [35.003732, -0.012044], [35.004506, -0.01181], [35.004821, -0.01089], [35.004932, -0.010315], [35.006024, -0.009712], [35.007552, -0.009657], [35.008988, -0.009511], [35.010512, -0.008745], [35.011194, -0.008282], [35.011603, -0.007935], [35.012256, -0.006369], [35.012747, -0.004368], [35.012877, -0.002943], [35.0128, -0.001451], [35.012886, -0.000485], [35.012564, 4.1e-05], [35.012561, 0.000685], [35.012695, 0.001145]], [[34.994581, 0.001393], [34.993413, 0.002483], [34.992651, 0.003294], [34.991814, 0.003693], [34.991243, 0.003516], [34.990121, 0.003116], [34.989419, 0.003376], [34.989051, 0.004687], [34.988552, 0.00632], [34.987854, 0.006878], [34.987027, 0.007918], [34.986428, 0.008956], [34.986129, 0.010335], [34.985069, 0.011034], [34.985088, 0.012272], [34.983766, 0.01373], [34.98254, 0.015486], [34.98205, 0.016271], [34.982175, 0.017003], [34.983811, 0.01829], [34.983883, 0.020054], [34.983695, 0.021202], [34.98377, 0.02166], [34.984646, 0.022406], [34.986434, 0.023188], [34.987231, 0.023179], [34.988058, 0.02365], [34.988567, 0.024195], [34.989504, 0.024459], [34.990192, 0.024749], [34.991029, 0.025931], [34.991112, 0.026475], [34.992498, 0.026671], [34.993134, 0.026595], [34.994181, 0.026583], [34.995021, 0.02639], [34.996249, 0.026261], [34.996744, 0.025889], [34.998218, 0.025483], [34.999154, 0.025633], [35.000372, 0.026329]], [[34.93774, -0.115243], [34.938736, -0.114412], [34.939146, -0.114479], [34.939672, -0.115374], [34.940787, -0.115532], [34.940648, -0.115049], [34.940778, -0.113623], [34.941477, -0.112334], [34.941495, -0.111184], [34.943015, -0.110581], [34.945017, -0.11092], [34.946972, -0.110936], [34.948473, -0.111276], [34.949085, -0.110746], [34.950221, -0.11065], [34.951877, -0.109955], [34.95344, -0.108823], [34.954873, -0.109094], [34.955533, -0.109253], [34.956824, -0.108214], [34.958299, -0.107497], [34.9595, -0.106665], [34.960548, -0.107214], [34.960779, -0.108224], [34.961392, -0.108061], [34.962228, -0.106794], [34.963002, -0.107114], [34.963272, -0.106446], [34.963699, -0.105525], [34.963862, -0.106375], [34.964543, -0.106097], [34.966062, -0.10531], [34.966082, -0.104713], [34.966694, -0.10432], [34.968559, -0.104498], [34.970583, -0.104721], [34.97322, -0.104804], [34.97506, -0.10466], [34.976051, -0.102588], [34.976953, -0.100953], [34.978101, -0.098374], [34.979095, -0.096968], [34.979747, -0.095196], [34.98022, -0.094229], [34.980627, -0.093768], [34.9811, -0.092824], [34.982733, -0.092106], [34.983525, -0.091115], [34.984381, -0.089502], [34.985441, -0.087499], [34.985638, -0.085705], [34.985311, -0.08366], [34.985942, -0.0826], [34.988662, -0.080752], [34.989657, -0.079715], [34.99097, -0.0784], [34.99258, -0.077613], [34.994125, -0.077447], [34.995442, -0.077213], [34.996395, -0.076819], [34.996666, -0.076266], [34.997252, -0.075115], [34.998657, -0.074329], [34.999222, -0.073453], [34.999512, -0.072326], [35.000144, -0.071128], [35.000028, -0.0706], [35.000523, -0.069472]]]}}, {"type": "Feature", "properties": {"name": "Kibos", "length_km": 25.292, "dist_to_gulf_km": 1.57, "n_segments": 2}, "geometry": {"type": "MultiLineString", "coordinates": [[[34.813014, 0.001093], [34.813659, 0.001704], [34.814709, 0.001873], [34.815964, 0.001995], [34.817475, 0.002663], [34.818984, 0.00308], [34.820815, 0.003721], [34.822461, 0.004204], [34.82363, 0.004762], [34.82471, 0.005505], [34.825046, 0.005065], [34.825286, 0.004214], [34.825733, 0.003543], [34.82646, 0.003442], [34.827855, 0.003836], [34.82862, 0.004881], [34.82867, 0.005271], [34.829015, 0.005518], [34.829373, 0.005009], [34.829642, 0.004616], [34.830399, 0.005088], [34.83104, 0.005355], [34.831995, 0.005205], [34.832585, 0.004991], [34.833374, 0.004384], [34.834233, 0.003846], [34.834826, 0.003907], [34.835152, 0.004407], [34.835525, 0.005136], [34.835936, 0.005177], [34.836713, 0.005396], [34.836767, 0.006083], [34.836709, 0.006887], [34.836713, 0.007185], [34.837285, 0.00743], [34.837918, 0.007032], [34.838443, 0.007117], [34.838997, 0.007683], [34.838821, 0.00819], [34.839168, 0.008598], [34.84001, 0.008495], [34.840267, 0.009042], [34.840684, 0.009587], [34.841851, 0.010054], [34.84286, 0.010545], [34.843346, 0.011181], [34.843306, 0.011594], [34.844033, 0.011401], [34.844993, 0.011687], [34.846316, 0.011853], [34.84882, 0.011707], [34.851422, 0.012132], [34.8525, 0.012714], [34.853147, 0.013393], [34.853865, 0.014393], [34.854575, 0.014659], [34.856034, 0.014801], [34.857472, 0.014989], [34.859346, 0.015469], [34.860631, 0.016209], [34.861555, 0.017206], [34.861953, 0.018095], [34.862445, 0.019212], [34.862818, 0.019827], [34.863298, 0.019958], [34.864115, 0.019741], [34.864673, 0.018817], [34.864853, 0.018631], [34.865744, 0.018849], [34.866632, 0.018815], [34.868118, 0.019277], [34.870154, 0.019984], [34.870976, 0.020111], [34.871908, 0.019939], [34.872931, 0.019765], [34.874142, 0.020116], [34.876559, 0.020269], [34.878715, 0.02141], [34.878699, 0.022007], [34.879181, 0.022298], [34.880136, 0.022171], [34.881281, 0.022638], [34.882378, 0.022876], [34.884022, 0.023245], [34.884503, 0.023445], [34.885187, 0.023482], [34.885798, 0.023153], [34.886395, 0.021701], [34.88661, 0.020689], [34.88653, 0.019773], [34.886888, 0.01931], [34.887546, 0.019049], [34.888211, 0.019453], [34.889317, 0.020425], [34.890532, 0.021028], [34.891605, 0.021244], [34.892861, 0.02148], [34.894277, 0.02176], [34.895244, 0.022573], [34.896595, 0.023129], [34.898311, 0.023726], [34.899962, 0.024598], [34.900768, 0.025276], [34.902686, 0.025687], [34.903553, 0.02579], [34.90476, 0.025798], [34.905178, 0.026388], [34.90585, 0.027343], [34.907107, 0.027671], [34.907901, 0.027385], [34.909154, 0.027415], [34.910753, 0.027738], [34.911459, 0.027775], [34.912214, 0.02804], [34.912695, 0.028195], [34.913377, 0.028117], [34.914269, 0.028381], [34.914887, 0.028671], [34.916109, 0.029779], [34.916933, 0.030089], [34.91741, 0.029991], [34.918, 0.029846], [34.919255, 0.030036], [34.91981, 0.030648], [34.920411, 0.031374], [34.921184, 0.031249], [34.921652, 0.030441], [34.921552, 0.029754], [34.922486, 0.029742], [34.923705, 0.030621], [34.924439, 0.031047], [34.925428, 0.031791], [34.926662, 0.032096], [34.927989, 0.032583], [34.929364, 0.033276], [34.930921, 0.033921], [34.931998, 0.034411], [34.93346, 0.034714], [34.934767, 0.03543], [34.935325, 0.036363], [34.935494, 0.037118], [34.93592, 0.038328], [34.936659, 0.039167], [34.937394, 0.039639], [34.938304, 0.039512], [34.939058, 0.039732], [34.940174, 0.03974], [34.94096, 0.038859], [34.942437, 0.038519], [34.94355, 0.038275]], [[34.813014, 0.001093], [34.813194, -0.000319], [34.812672, -0.000436], [34.813156, -0.001652], [34.81259, -0.002092], [34.811976, -0.002096], [34.811071, -0.002859], [34.809776, -0.002913], [34.808257, -0.003749], [34.80774, -0.004809], [34.806697, -0.00516], [34.80555, -0.007419], [34.805122, -0.008226], [34.804784, -0.00878], [34.804493, -0.009586], [34.804023, -0.010946], [34.804392, -0.011794], [34.804008, -0.012371], [34.803877, -0.013223], [34.804634, -0.014529], [34.80534, -0.014778], [34.805865, -0.015051], [34.805939, -0.016223], [34.806083, -0.017487], [34.805538, -0.017605], [34.805109, -0.018251], [34.80543, -0.018663], [34.805323, -0.019859], [34.806622, -0.020519], [34.807378, -0.021504], [34.806587, -0.022244], [34.806477, -0.022934], [34.806229, -0.023395], [34.806867, -0.023668], [34.807368, -0.023757], [34.808848, -0.024163], [34.809626, -0.025032], [34.809403, -0.025884], [34.80886, -0.026416], [34.809277, -0.027678], [34.8086, -0.02867], [34.809131, -0.030093], [34.810043, -0.03064], [34.810092, -0.031168], [34.811255, -0.031806], [34.812601, -0.032833], [34.813285, -0.033128], [34.813609, -0.034115], [34.813977, -0.034826], [34.813686, -0.03577], [34.8124, -0.037524], [34.812203, -0.038905], [34.811554, -0.040702], [34.812083, -0.041849], [34.813201, -0.042486], [34.812686, -0.043961], [34.812079, -0.04516], [34.812085, -0.046286], [34.812679, -0.04672], [34.812933, -0.047569], [34.812551, -0.048284], [34.812281, -0.048768], [34.813013, -0.049546], [34.812995, -0.050397], [34.812476, -0.05125]]]}}, {"type": "Feature", "properties": {"name": "Viratsi", "length_km": 24.645, "dist_to_gulf_km": 17.948, "n_segments": 3}, "geometry": {"type": "MultiLineString", "coordinates": [[[34.308969, 0.158718], [34.309582, 0.158695], [34.309832, 0.159086], [34.310082, 0.159455], [34.31065, 0.159501], [34.312081, 0.160583], [34.31224, 0.161274], [34.312421, 0.162908], [34.314216, 0.163162], [34.31508, 0.163807], [34.315443, 0.16383], [34.315921, 0.163577], [34.31658, 0.164176], [34.317284, 0.164176], [34.317693, 0.164107], [34.31808, 0.163463], [34.320398, 0.163924], [34.320853, 0.163901], [34.321739, 0.164523], [34.322558, 0.164017], [34.32408, 0.165008], [34.32533, 0.165745], [34.326034, 0.165676], [34.326603, 0.165607], [34.327739, 0.166344], [34.329102, 0.167127], [34.329942, 0.167818], [34.33017, 0.16745], [34.330897, 0.167726], [34.331466, 0.167427], [34.332806, 0.167957], [34.333511, 0.168625], [34.333738, 0.169039], [34.334988, 0.169362], [34.335896, 0.169915], [34.337192, 0.170123], [34.338465, 0.170422], [34.339033, 0.170837], [34.339736, 0.171827], [34.340418, 0.172218], [34.340896, 0.172035], [34.341487, 0.171667], [34.342373, 0.172058], [34.342918, 0.173094], [34.343576, 0.173946], [34.343963, 0.174406], [34.344622, 0.174361], [34.345486, 0.174292], [34.346735, 0.175535], [34.348302, 0.176802], [34.349439, 0.177286], [34.350507, 0.177263], [34.351348, 0.177079], [34.351916, 0.177149], [34.352416, 0.177632], [34.353303, 0.177241], [34.353803, 0.177034], [34.354803, 0.177748], [34.355757, 0.177933], [34.356894, 0.177197], [34.358326, 0.17752], [34.359258, 0.176807], [34.360327, 0.176071], [34.3616, 0.175427], [34.363351, 0.175197], [34.365033, 0.175267], [34.365965, 0.175383], [34.366623, 0.175889], [34.367623, 0.176672], [34.369055, 0.177156], [34.369532, 0.17764], [34.369554, 0.178169], [34.36969, 0.178929], [34.369985, 0.17909], [34.370622, 0.178745], [34.37194, 0.178792], [34.372599, 0.178815], [34.37294, 0.179206], [34.373213, 0.179506], [34.373417, 0.179368], [34.373599, 0.179068], [34.374213, 0.178977], [34.374963, 0.179299], [34.375281, 0.179599], [34.375167, 0.180611], [34.375644, 0.181026], [34.376758, 0.180911], [34.377621, 0.181464], [34.378439, 0.182339], [34.379621, 0.182408], [34.380462, 0.182178], [34.381394, 0.181788], [34.382485, 0.181857], [34.383099, 0.18119], [34.383917, 0.18096], [34.385054, 0.181628], [34.385713, 0.180731], [34.386759, 0.180892], [34.386576, 0.18156], [34.387054, 0.181652], [34.388031, 0.181629], [34.389304, 0.18209], [34.390258, 0.182183], [34.390781, 0.182758], [34.392098, 0.183564], [34.39278, 0.183818], [34.393621, 0.183795]], [[34.405754, 0.190659], [34.407073, 0.190199], [34.408095, 0.190844], [34.409118, 0.191489], [34.41014, 0.191972], [34.410777, 0.191743], [34.411277, 0.191259], [34.411687, 0.190753], [34.412141, 0.191007], [34.412414, 0.191329], [34.412732, 0.190754], [34.413437, 0.19034], [34.413983, 0.190202], [34.414073, 0.190984], [34.414732, 0.191284], [34.416028, 0.190249], [34.417097, 0.190364], [34.417665, 0.189398], [34.418143, 0.188984], [34.419189, 0.188754], [34.420303, 0.188272], [34.421439, 0.187881], [34.421962, 0.187858], [34.422735, 0.188595], [34.423598, 0.188411], [34.424099, 0.187629], [34.425213, 0.187629], [34.426327, 0.186824], [34.426917, 0.187584], [34.427053, 0.189517], [34.428734, 0.1903], [34.429438, 0.190646], [34.430597, 0.192096], [34.430914, 0.193707], [34.43114, 0.19571], [34.432003, 0.197045], [34.432388, 0.198012], [34.433365, 0.199025], [34.434274, 0.199577], [34.434842, 0.200314], [34.43559, 0.201948], [34.436158, 0.202823], [34.437362, 0.203537], [34.438771, 0.203814], [34.440249, 0.203769], [34.443613, 0.203678], [34.44484, 0.203909], [34.446226, 0.204093], [34.447408, 0.204807], [34.44793, 0.205199]], [[34.44793, 0.205199], [34.447778, 0.206197], [34.448942, 0.20709], [34.450126, 0.207339], [34.451108, 0.208485], [34.451701, 0.208759], [34.452246, 0.208275], [34.453107, 0.207329], [34.457136, 0.207638], [34.458754, 0.208138], [34.460711, 0.207971], [34.461508, 0.208175], [34.462488, 0.208724], [34.464629, 0.209131], [34.46522, 0.209129], [34.466949, 0.208801], [34.467811, 0.208086], [34.468607, 0.207784], [34.470174, 0.206882], [34.471013, 0.206028], [34.471147, 0.205177], [34.471168, 0.204556], [34.472556, 0.204689], [34.47358, 0.204663], [34.473919, 0.203742], [34.474304, 0.203304], [34.475442, 0.203231], [34.477147, 0.202904], [34.479353, 0.202436], [34.480854, 0.202156], [34.481378, 0.202154], [34.482538, 0.201943], [34.484132, 0.202398], [34.484723, 0.202212], [34.486181, 0.20246], [34.487524, 0.202616], [34.489164, 0.203094], [34.489848, 0.203506], [34.490233, 0.202907], [34.492603, 0.20375], [34.493057, 0.20338], [34.493328, 0.202735], [34.493826, 0.202159], [34.495053, 0.201373], [34.497235, 0.200699], [34.498784, 0.201039], [34.500125, 0.202747]]]}}, {"type": "Feature", "properties": {"name": "Ditch", "length_km": 23.245, "dist_to_gulf_km": 1.136, "n_segments": 3}, "geometry": {"type": "MultiLineString", "coordinates": [[[34.870361, -0.156827], [34.870793, -0.156714], [34.872133, -0.156605], [34.873068, -0.15569], [34.87357, -0.155026], [34.874253, -0.154523], [34.875139, -0.154596], [34.87691, -0.154788], [34.879954, -0.154711], [34.881021, -0.154831], [34.88245, -0.155091], [34.88397, -0.155604], [34.885766, -0.155176], [34.886766, -0.15502], [34.888742, -0.155098], [34.889082, -0.155169], [34.889312, -0.154411], [34.889792, -0.153769], [34.890951, -0.153591], [34.891093, -0.151844], [34.890984, -0.150716], [34.891396, -0.14989], [34.893075, -0.150381], [34.894712, -0.14986], [34.896597, -0.149892], [34.897689, -0.149483], [34.89928, -0.148962], [34.900192, -0.148208], [34.901715, -0.147893], [34.902105, -0.146561], [34.902497, -0.144976], [34.902411, -0.143665], [34.902413, -0.143205], [34.903097, -0.142541], [34.903144, -0.14199], [34.902261, -0.141272], [34.902446, -0.140376], [34.903538, -0.13983], [34.904902, -0.139537], [34.904907, -0.138365], [34.904368, -0.136683], [34.904509, -0.13535], [34.905192, -0.13487], [34.905415, -0.135906], [34.906916, -0.135453], [34.906942, -0.134718], [34.907377, -0.133708], [34.907965, -0.134309], [34.909013, -0.133486], [34.909192, -0.134315], [34.910008, -0.134525], [34.910142, -0.135377], [34.91132, -0.135958], [34.912705, -0.136125], [34.913341, -0.136197], [34.913669, -0.133485], [34.91483, -0.132778], [34.915402, -0.131677], [34.915293, -0.130388], [34.916435, -0.1286], [34.917166, -0.127592], [34.917647, -0.126513]], [[34.833957, -0.05081], [34.838686, -0.050875], [34.840853, -0.052266], [34.842445, -0.052234], [34.843969, -0.052387], [34.845299, -0.054495], [34.846487, -0.055592], [34.848354, -0.056041], [34.849542, -0.057092], [34.85082, -0.057982], [34.854034, -0.059527], [34.855584, -0.060278], [34.856147, -0.06347], [34.856564, -0.064939], [34.856482, -0.066526], [34.856493, -0.068526], [34.856821, -0.07018], [34.857307, -0.071787], [34.858001, -0.073829], [34.85881, -0.076239], [34.859865, -0.078049], [34.860871, -0.078986]], [[34.860871, -0.078986], [34.861977, -0.077624], [34.861562, -0.076476], [34.863192, -0.075341], [34.86476, -0.075217], [34.866551, -0.074265], [34.868323, -0.074209], [34.871615, -0.073409], [34.873019, -0.072412], [34.872921, -0.071125], [34.873773, -0.068936], [34.874994, -0.067734], [34.876831, -0.067057], [34.876407, -0.064324], [34.876669, -0.062414], [34.87791, -0.060844], [34.882033, -0.058108], [34.883937, -0.057109], [34.886074, -0.057258], [34.887776, -0.056742], [34.888474, -0.055382], [34.887821, -0.04435], [34.889353, -0.041835], [34.888975, -0.035147], [34.890424, -0.034081], [34.893327, -0.032824], [34.893937, -0.032154], [34.895616, -0.031616], [34.897317, -0.030848], [34.898124, -0.028843], [34.899172, -0.025273], [34.899371, -0.024215], [34.900844, -0.02331], [34.902198, -0.021601], [34.903145, -0.020217], [34.903731, -0.019317], [34.904769, -0.01784]]]}}, {"type": "Feature", "properties": {"name": "Asawo (Buara)", "length_km": 22.995, "dist_to_gulf_km": 3.862, "n_segments": 2}, "geometry": {"type": "MultiLineString", "coordinates": [[[34.92812, -0.288454], [34.929285, -0.289653], [34.930244, -0.289815], [34.93109, -0.290161], [34.932507, -0.290071], [34.933558, -0.290302], [34.934175, -0.289636], [34.935318, -0.2892], [34.936621, -0.289362], [34.937215, -0.290169], [34.937808, -0.290952], [34.937922, -0.291274], [34.938699, -0.290907], [34.939545, -0.290402], [34.940369, -0.289758], [34.941739, -0.290381], [34.943202, -0.290636], [34.944367, -0.291213], [34.944503, -0.291812], [34.943931, -0.292732], [34.944502, -0.293239], [34.94649, -0.29407], [34.947289, -0.294715], [34.949551, -0.29557], [34.951036, -0.295664], [34.951333, -0.296309], [34.952362, -0.295873], [34.953664, -0.295713], [34.954053, -0.296174], [34.955196, -0.295715], [34.956567, -0.295325], [34.959721, -0.294961], [34.962029, -0.295033], [34.962851, -0.296024], [34.963193, -0.296691], [34.963765, -0.296991], [34.963627, -0.297728], [34.964152, -0.298833], [34.965065, -0.299364], [34.965728, -0.299365], [34.96575, -0.29994], [34.96575, -0.300515], [34.967418, -0.30031], [34.968927, -0.300542], [34.969658, -0.300267], [34.969818, -0.300682], [34.971349, -0.300591], [34.97208, -0.300937], [34.972125, -0.302019], [34.972238, -0.302848], [34.971758, -0.303653], [34.972306, -0.304137], [34.973175, -0.303701], [34.973427, -0.302711], [34.97377, -0.302275], [34.974684, -0.302736], [34.97546, -0.303243], [34.976672, -0.303084], [34.977928, -0.303592], [34.978888, -0.303432], [34.979299, -0.304146], [34.97843, -0.304858], [34.979595, -0.305504], [34.980692, -0.305643], [34.980806, -0.305413], [34.981331, -0.305874], [34.981811, -0.305622], [34.982108, -0.306359], [34.982726, -0.305646], [34.982635, -0.304702], [34.983526, -0.304864], [34.983777, -0.305601], [34.983342, -0.306291], [34.984004, -0.306775], [34.984713, -0.306799], [34.98517, -0.306178], [34.986015, -0.307054], [34.986426, -0.307538], [34.987044, -0.307124], [34.987204, -0.306917], [34.987821, -0.306941], [34.988094, -0.30754], [34.988849, -0.30685], [34.989489, -0.306506], [34.989877, -0.307427], [34.990357, -0.307312], [34.99118, -0.307359], [34.991889, -0.306301], [34.992004, -0.305956], [34.992963, -0.306878], [34.993511, -0.307638], [34.994014, -0.307064], [34.994197, -0.306396], [34.994814, -0.306466], [34.995432, -0.305961], [34.995569, -0.305178], [34.995934, -0.306145], [34.996094, -0.306422], [34.996597, -0.306123], [34.997146, -0.30571], [34.997443, -0.305273], [34.998037, -0.306263], [34.997236, -0.306814], [34.997236, -0.307735], [34.997281, -0.30838], [34.998264, -0.307483], [34.998584, -0.307299], [34.998881, -0.307668], [34.999658, -0.307347], [34.999818, -0.308083], [34.999566, -0.308935], [35.000159, -0.309327], [34.999862, -0.309718], [34.999885, -0.309994], [35.000456, -0.310501]], [[35.000456, -0.310501], [35.000686, -0.310959], [35.000868, -0.31066], [35.001004, -0.310384], [35.001278, -0.310315], [35.001324, -0.310752], [35.001302, -0.311004], [35.001552, -0.311027], [35.001825, -0.310636], [35.00219, -0.310544], [35.00276, -0.311003], [35.003376, -0.311279], [35.004059, -0.311094], [35.004766, -0.311415], [35.005588, -0.312219], [35.006137, -0.313367], [35.006572, -0.31463], [35.006938, -0.315595], [35.007236, -0.316605], [35.007055, -0.317042], [35.006577, -0.317272], [35.006121, -0.317249], [35.00603, -0.317686], [35.006419, -0.318214], [35.006739, -0.319018], [35.006491, -0.320534], [35.007108, -0.321843], [35.007019, -0.322693], [35.007088, -0.323313], [35.007134, -0.323727], [35.007295, -0.324324], [35.007569, -0.324393], [35.008321, -0.324438], [35.0088, -0.325058], [35.009235, -0.325885], [35.009418, -0.326551], [35.0091, -0.327125], [35.008851, -0.327746], [35.008668, -0.32747], [35.008347, -0.326712], [35.007938, -0.327241], [35.007827, -0.328573], [35.00776, -0.32963], [35.007579, -0.33071], [35.00824, -0.330296], [35.007899, -0.331192], [35.007332, -0.332341], [35.00731, -0.333283], [35.007766, -0.333375], [35.008221, -0.332662], [35.008564, -0.333328], [35.008314, -0.334086], [35.007654, -0.334225], [35.006696, -0.334042], [35.006539, -0.335098], [35.005741, -0.335122], [35.005332, -0.33572], [35.005789, -0.336569], [35.006019, -0.337787], [35.005838, -0.338637], [35.005452, -0.33928], [35.006182, -0.339716], [35.006569, -0.339739], [35.006754, -0.341117], [35.006345, -0.341783], [35.005958, -0.342174], [35.006165, -0.343162], [35.006395, -0.344379], [35.006352, -0.345574], [35.006034, -0.346608], [35.005398, -0.347504], [35.004874, -0.347872], [35.004441, -0.347597], [35.004488, -0.348493], [35.004946, -0.349618], [35.005153, -0.350697], [35.005564, -0.351134], [35.005929, -0.351708], [35.005817, -0.352741], [35.004999, -0.354006], [35.005023, -0.355085], [35.005185, -0.356027], [35.005733, -0.357152], [35.006214, -0.358071], [35.00633, -0.359196], [35.006422, -0.359656], [35.006786, -0.359747], [35.007038, -0.360551], [35.007153, -0.360942], [35.007449, -0.36078], [35.007291, -0.36147], [35.00704, -0.361677], [35.007223, -0.361746], [35.007292, -0.362481], [35.007794, -0.362756], [35.00825, -0.362778], [35.008593, -0.363169], [35.008686, -0.364271], [35.009415, -0.364592], [35.009689, -0.364615], [35.009644, -0.365167], [35.009166, -0.365052], [35.009121, -0.36581], [35.010422, -0.366613], [35.011013, -0.365717], [35.011766, -0.366658], [35.012269, -0.367209], [35.012589, -0.367783], [35.012545, -0.36884], [35.012774, -0.369598], [35.013208, -0.370034], [35.013756, -0.370861], [35.014923, -0.373524], [35.015609, -0.374994], [35.01593, -0.375775], [35.016091, -0.37651], [35.016092, -0.377199], [35.015637, -0.377889], [35.015342, -0.378785], [35.015435, -0.379635], [35.015072, -0.380439]]]}}, {"type": "Feature", "properties": {"name": "Ndate", "length_km": 22.121, "dist_to_gulf_km": 0.104, "n_segments": 2}, "geometry": {"type": "MultiLineString", "coordinates": [[[34.196225, -0.188688], [34.197947, -0.189786], [34.19897, -0.190141], [34.19964, -0.191482], [34.20116, -0.192279], [34.201835, -0.193137], [34.202487, -0.194064], [34.203188, -0.1946], [34.204511, -0.194636], [34.20562, -0.195429], [34.206548, -0.196175], [34.207589, -0.196875], [34.207997, -0.197202], [34.208847, -0.196589], [34.210615, -0.197664], [34.212886, -0.198584], [34.213771, -0.198984], [34.214316, -0.199219], [34.215204, -0.199389], [34.216323, -0.199285], [34.217031, -0.199223], [34.217441, -0.199204], [34.218018, -0.198565], [34.219278, -0.198094], [34.2209, -0.197788], [34.222135, -0.197547], [34.222934, -0.19744], [34.223916, -0.19738], [34.225195, -0.19714], [34.226107, -0.197218], [34.226813, -0.197271], [34.227361, -0.197276], [34.227655, -0.197532], [34.227968, -0.198087], [34.228758, -0.198854], [34.230269, -0.200503], [34.231126, -0.201501], [34.231922, -0.20167], [34.232788, -0.201747], [34.23367, -0.202423], [34.234117, -0.203302], [34.233839, -0.203782], [34.233947, -0.204313], [34.234555, -0.205055], [34.234749, -0.206184], [34.234717, -0.207058], [34.235417, -0.207686], [34.236657, -0.209056], [34.236966, -0.210072], [34.23714, -0.210902], [34.237496, -0.211687], [34.238545, -0.211744], [34.23936, -0.212327], [34.239904, -0.212654], [34.240202, -0.212473], [34.240369, -0.211785], [34.241599, -0.211935], [34.242545, -0.213071], [34.243724, -0.213819], [34.24465, -0.21468], [34.245113, -0.214017], [34.246004, -0.213865], [34.24677, -0.214769], [34.247037, -0.215416], [34.247831, -0.215838], [34.24886, -0.215595], [34.249048, -0.215045], [34.249487, -0.214497], [34.250333, -0.214298]], [[34.250333, -0.214298], [34.251606, -0.215119], [34.252355, -0.215285], [34.252969, -0.215382], [34.25347, -0.215108], [34.253268, -0.214577], [34.25429, -0.214745], [34.255652, -0.215377], [34.256219, -0.215589], [34.256694, -0.216007], [34.256967, -0.216147], [34.257078, -0.216609], [34.257008, -0.216955], [34.256915, -0.217369], [34.257006, -0.217416], [34.257484, -0.217419], [34.257893, -0.217284], [34.25803, -0.217215], [34.258665, -0.217519], [34.259325, -0.217501], [34.259666, -0.217526], [34.259941, -0.217113], [34.260419, -0.217001], [34.260919, -0.217004], [34.261262, -0.216546], [34.261582, -0.216179], [34.262354, -0.216392], [34.263013, -0.216557], [34.263174, -0.216143], [34.263788, -0.216078], [34.264288, -0.216105], [34.264582, -0.216453], [34.264789, -0.215855], [34.265387, -0.214567], [34.265299, -0.213852], [34.266367, -0.213928], [34.267323, -0.21375], [34.267896, -0.212878], [34.268308, -0.212235], [34.268762, -0.212353], [34.268876, -0.212377], [34.269103, -0.212425], [34.269195, -0.212126], [34.269038, -0.211709], [34.269678, -0.210884], [34.270114, -0.210149], [34.270799, -0.209508], [34.271599, -0.20859], [34.271737, -0.208269], [34.27215, -0.207533], [34.273494, -0.207012], [34.274129, -0.207247], [34.274291, -0.206672], [34.274931, -0.205984], [34.27616, -0.205762], [34.277682, -0.206026], [34.278157, -0.206606], [34.278838, -0.206795], [34.279357, -0.20756], [34.280402, -0.207682], [34.281831, -0.208591], [34.282505, -0.210233], [34.282843, -0.210766], [34.283686, -0.210541], [34.284521, -0.211908], [34.284791, -0.212417], [34.28595, -0.212632], [34.286719, -0.213353], [34.287013, -0.213862], [34.286669, -0.214275], [34.286462, -0.214873], [34.286641, -0.215589], [34.287617, -0.21578], [34.288483, -0.215371], [34.288455, -0.216478], [34.288862, -0.217127], [34.289541, -0.217754], [34.289698, -0.21817], [34.289604, -0.218769], [34.289081, -0.218742], [34.288511, -0.219177], [34.289077, -0.219642], [34.289983, -0.220409], [34.289982, -0.220732], [34.289437, -0.220521], [34.289116, -0.221026], [34.289386, -0.221558], [34.288904, -0.222639], [34.288445, -0.223581], [34.288489, -0.223881], [34.289126, -0.22377], [34.290149, -0.223777], [34.290008, -0.224745], [34.290075, -0.225068], [34.290596, -0.225441], [34.290867, -0.225766], [34.291, -0.226597], [34.292024, -0.226396], [34.292661, -0.226308], [34.292633, -0.227507], [34.292788, -0.228408], [34.292872, -0.229769], [34.293279, -0.230325], [34.294257, -0.230125], [34.294825, -0.23029], [34.294959, -0.230867], [34.294364, -0.231647], [34.295727, -0.231864], [34.296429, -0.232607], [34.296335, -0.233183], [34.297495, -0.233053], [34.298242, -0.233703], [34.298763, -0.234145], [34.299312, -0.233503], [34.300109, -0.233209], [34.300036, -0.234131], [34.300513, -0.234226], [34.301244, -0.233632], [34.302131, -0.233568], [34.302563, -0.233618], [34.303607, -0.233901], [34.304332, -0.234483], [34.304901, -0.234372], [34.304766, -0.234025], [34.304905, -0.233495], [34.305336, -0.233706], [34.305996, -0.23348], [34.306315, -0.233413], [34.306496, -0.233621], [34.307884, -0.233377], [34.309182, -0.232948], [34.309864, -0.233068], [34.310431, -0.233233], [34.310404, -0.234225], [34.310356, -0.234709], [34.310901, -0.234966], [34.311287, -0.234969], [34.311289, -0.234577], [34.311743, -0.234764], [34.312695, -0.235393], [34.313123, -0.236157], [34.313328, -0.236044], [34.313557, -0.235676], [34.313849, -0.236485], [34.314166, -0.236695], [34.314549, -0.237528], [34.314796, -0.238244], [34.315112, -0.238754], [34.315041, -0.239399], [34.314832, -0.240297], [34.31494, -0.241359], [34.315209, -0.242191], [34.315502, -0.242793], [34.316003, -0.242635], [34.316097, -0.242082], [34.316755, -0.242201], [34.316842, -0.243078], [34.316457, -0.242776], [34.316365, -0.243075], [34.316454, -0.243399], [34.315931, -0.24351], [34.315542, -0.243923], [34.316155, -0.244135], [34.316677, -0.2443], [34.316426, -0.244482], [34.31588, -0.244686], [34.315264, -0.245166], [34.314762, -0.245532], [34.314737, -0.246062], [34.31528, -0.246527], [34.315709, -0.247176], [34.315979, -0.247731], [34.315932, -0.248123], [34.31636, -0.248979]]]}}, {"type": "Feature", "properties": {"name": "Ombeyi", "length_km": 22.068, "dist_to_gulf_km": 0.267, "n_segments": 1}, "geometry": {"type": "LineString", "coordinates": [[34.809595, -0.196048], [34.810962, -0.195019], [34.812284, -0.19376], [34.813421, -0.193444], [34.814579, -0.193518], [34.815283, -0.193683], [34.814792, -0.191197], [34.81441, -0.190183], [34.814298, -0.189538], [34.814278, -0.188825], [34.814145, -0.188112], [34.814919, -0.187633], [34.814833, -0.186045], [34.814725, -0.184734], [34.815773, -0.183934], [34.817069, -0.183503], [34.817915, -0.181874], [34.817852, -0.18054], [34.817333, -0.179618], [34.817315, -0.178261], [34.818384, -0.177806], [34.820045, -0.177124], [34.820956, -0.176484], [34.820889, -0.17607], [34.819742, -0.173052], [34.819475, -0.171579], [34.819138, -0.170427], [34.8198, -0.169717], [34.82037, -0.169099], [34.820983, -0.168987], [34.821937, -0.169176], [34.82264, -0.169409], [34.823002, -0.169733], [34.824478, -0.169855], [34.825477, -0.170066], [34.826112, -0.170207], [34.826388, -0.169404], [34.827003, -0.168947], [34.827774, -0.169204], [34.829388, -0.168912], [34.83048, -0.168434], [34.830685, -0.168045], [34.831415, -0.167289], [34.831986, -0.166464], [34.833807, -0.165461], [34.834559, -0.16459], [34.835292, -0.163076], [34.835272, -0.162248], [34.835705, -0.161928], [34.838297, -0.161158], [34.839253, -0.160496], [34.839891, -0.160016], [34.840913, -0.159975], [34.842071, -0.160119], [34.842936, -0.159686], [34.843799, -0.159598], [34.845024, -0.160156], [34.845931, -0.16062], [34.84677, -0.160785], [34.847268, -0.161431], [34.848083, -0.16201], [34.848374, -0.16323], [34.849442, -0.162982], [34.849625, -0.162753], [34.851053, -0.163427], [34.851527, -0.16428], [34.853573, -0.163899], [34.854007, -0.163188], [34.855849, -0.162599], [34.857486, -0.162009], [34.859032, -0.161602], [34.859939, -0.162136], [34.860691, -0.161518], [34.862191, -0.161181], [34.862552, -0.161757], [34.862849, -0.161437], [34.862941, -0.161092], [34.863871, -0.161465], [34.863756, -0.16174], [34.864711, -0.161537], [34.865302, -0.161356], [34.865714, -0.160392], [34.866371, -0.160948], [34.867096, -0.161342], [34.867168, -0.160537], [34.867465, -0.159826], [34.867787, -0.158861], [34.867609, -0.15778], [34.86854, -0.157968], [34.868859, -0.15774], [34.868724, -0.157302], [34.870064, -0.157355], [34.870361, -0.156827], [34.870022, -0.156273], [34.869797, -0.155789], [34.869206, -0.155971], [34.868617, -0.155439], [34.867844, -0.155688], [34.865982, -0.155495], [34.86578, -0.154896], [34.866779, -0.15497], [34.867374, -0.1538], [34.868282, -0.15385], [34.868371, -0.154311], [34.868847, -0.154612], [34.869414, -0.154983], [34.869847, -0.154663], [34.869917, -0.15395], [34.870281, -0.153952], [34.870916, -0.154185], [34.871078, -0.153381], [34.870785, -0.152736], [34.871353, -0.152669], [34.87106, -0.152139], [34.871333, -0.15191], [34.871968, -0.15212], [34.871903, -0.15143], [34.872223, -0.15065], [34.87311, -0.150401], [34.873723, -0.150404], [34.874176, -0.150935], [34.874608, -0.150822], [34.874654, -0.1505], [34.874656, -0.149971], [34.875178, -0.150204], [34.877567, -0.149065], [34.877774, -0.148376], [34.87789, -0.147618], [34.878527, -0.147345], [34.878892, -0.146887], [34.880733, -0.146574], [34.882189, -0.145937], [34.885329, -0.144503], [34.885397, -0.144411], [34.886056, -0.144254], [34.886307, -0.143979], [34.886083, -0.143058], [34.886924, -0.142924], [34.887562, -0.142444], [34.887906, -0.141503], [34.888137, -0.140446], [34.888866, -0.139943], [34.889549, -0.139487], [34.88987, -0.138684], [34.890712, -0.138182], [34.891668, -0.137657], [34.892374, -0.137109], [34.893078, -0.137204], [34.893399, -0.136424], [34.893629, -0.135413], [34.895016, -0.135098], [34.89604, -0.134597], [34.896311, -0.134966], [34.896583, -0.135151], [34.89649, -0.135863], [34.896805, -0.136463], [34.897098, -0.137154], [34.897257, -0.137109], [34.897488, -0.136098], [34.898013, -0.135411], [34.898015, -0.13479], [34.89893, -0.133139], [34.900066, -0.132868], [34.90036, -0.133329], [34.900495, -0.133744], [34.901334, -0.134024], [34.901947, -0.134142], [34.901723, -0.133359], [34.901544, -0.132576], [34.901909, -0.132003], [34.90157, -0.131656], [34.902229, -0.13143], [34.903296, -0.131642], [34.903321, -0.131044], [34.902437, -0.130626], [34.901578, -0.129587], [34.901375, -0.129126], [34.901695, -0.128575], [34.902672, -0.128534], [34.903219, -0.127985], [34.904196, -0.127897], [34.90472, -0.127348], [34.906585, -0.126621], [34.907155, -0.126164], [34.907293, -0.125498], [34.908042, -0.125754], [34.909044, -0.125115], [34.909794, -0.124981], [34.910473, -0.125582], [34.911084, -0.126275], [34.911246, -0.125333], [34.911612, -0.124713], [34.911905, -0.125267], [34.91188, -0.12598], [34.911969, -0.126463], [34.912425, -0.125959], [34.912634, -0.124672], [34.913634, -0.12447], [34.913928, -0.124748], [34.914108, -0.125185], [34.914264, -0.126129], [34.915106, -0.125765], [34.916196, -0.125632], [34.916651, -0.12545], [34.917239, -0.126281], [34.91858, -0.125874], [34.91949, -0.125372]]}}, {"type": "Feature", "properties": {"name": "Edzawa", "length_km": 21.915, "dist_to_gulf_km": 12.323, "n_segments": 1}, "geometry": {"type": "LineString", "coordinates": [[34.540987, 0.092474], [34.541488, 0.09238], [34.542196, 0.092766], [34.542765, 0.092603], [34.543313, 0.092668], [34.543954, 0.093262], [34.544729, 0.093418], [34.545275, 0.093025], [34.545159, 0.092613], [34.545293, 0.092061], [34.546432, 0.092055], [34.546865, 0.091869], [34.547481, 0.092049], [34.547799, 0.091772], [34.548322, 0.09154], [34.548711, 0.09202], [34.549463, 0.091809], [34.549687, 0.091028], [34.551011, 0.091434], [34.5519, 0.091635], [34.552308, 0.091128], [34.552991, 0.090895], [34.553331, 0.090411], [34.554311, 0.090475], [34.555384, 0.090951], [34.555888, 0.091453], [34.556732, 0.091678], [34.55735, 0.092225], [34.558128, 0.092818], [34.55863, 0.093022], [34.558245, 0.093574], [34.558839, 0.093801], [34.559615, 0.093934], [34.559685, 0.094393], [34.559391, 0.094808], [34.560144, 0.094964], [34.560648, 0.095627], [34.560172, 0.096272], [34.560493, 0.096591], [34.561039, 0.096336], [34.561403, 0.096288], [34.561727, 0.097204], [34.562118, 0.098143], [34.563487, 0.098434], [34.565039, 0.098885], [34.56682, 0.099632], [34.567732, 0.099696], [34.568255, 0.099441], [34.569531, 0.099273], [34.56996, 0.098399], [34.570553, 0.098442], [34.57126, 0.098621], [34.571346, 0.097405], [34.571456, 0.096624], [34.572234, 0.097239], [34.573264, 0.098175], [34.573765, 0.098103], [34.573952, 0.099135], [34.574184, 0.099982], [34.574912, 0.099864], [34.575525, 0.099333], [34.576326, 0.099879], [34.576512, 0.100727], [34.576836, 0.101827], [34.577318, 0.102513], [34.577366, 0.103132], [34.57778, 0.103795], [34.57867, 0.10402], [34.580561, 0.103872], [34.581497, 0.104303], [34.582001, 0.104851], [34.582845, 0.105099], [34.583828, 0.105713], [34.585241, 0.105522], [34.586562, 0.105377], [34.587429, 0.105556], [34.587386, 0.106107], [34.587957, 0.106471], [34.58887, 0.106718], [34.589575, 0.106347], [34.590622, 0.106227], [34.591972, 0.107321], [34.597694, 0.107657], [34.598879, 0.107536], [34.600473, 0.107252], [34.602112, 0.106945], [34.602796, 0.106849], [34.604984, 0.106884], [34.605758, 0.106788], [34.60706, 0.107262], [34.607835, 0.107304], [34.608994, 0.106747], [34.609198, 0.10631], [34.609264, 0.10592], [34.609947, 0.105755], [34.610609, 0.105981], [34.611045, 0.10653], [34.611955, 0.106226], [34.613028, 0.106588], [34.613873, 0.107134], [34.614447, 0.107888], [34.615543, 0.108272], [34.616866, 0.108701], [34.617552, 0.109202], [34.618193, 0.10968], [34.619399, 0.109353], [34.620538, 0.109094], [34.621403, 0.109043], [34.622543, 0.108968], [34.623115, 0.109608], [34.624053, 0.110314], [34.625055, 0.110125], [34.626079, 0.109798], [34.627012, 0.109426], [34.627329, 0.109057], [34.627692, 0.108757], [34.628561, 0.10928], [34.629379, 0.108886], [34.630834, 0.107983], [34.631538, 0.107428], [34.632287, 0.106919], [34.63313, 0.106892], [34.633611, 0.107325], [34.634455, 0.107481], [34.63555, 0.107774], [34.636601, 0.108342], [34.637858, 0.108977], [34.639341, 0.109428], [34.640641, 0.109605], [34.642099, 0.10939], [34.642851, 0.109501], [34.643652, 0.110093], [34.644479, 0.11158], [34.64503, 0.112449], [34.645353, 0.113274], [34.645904, 0.114051], [34.647228, 0.114434], [34.647546, 0.114386], [34.647681, 0.113881], [34.648135, 0.11358], [34.64884, 0.113163], [34.649909, 0.112675], [34.650637, 0.112465], [34.650886, 0.112119], [34.651066, 0.111613], [34.651544, 0.111519], [34.652366, 0.111767], [34.652869, 0.112177], [34.653117, 0.111602], [34.653227, 0.110822], [34.653543, 0.110108], [34.654043, 0.109922], [34.655545, 0.109363], [34.657048, 0.109195], [34.6583, 0.108866], [34.660237, 0.10881], [34.661399, 0.108758], [34.66279, 0.108773], [34.66368, 0.109204], [34.666389, 0.108501], [34.667982, 0.107896], [34.669369, 0.107338], [34.670482, 0.106483], [34.671185, 0.105699], [34.671479, 0.105192], [34.672139, 0.104959], [34.672501, 0.10443], [34.67423, 0.103732], [34.675114, 0.102832], [34.675384, 0.102028], [34.675542, 0.101705], [34.676224, 0.101426], [34.677476, 0.101007], [34.678706, 0.100885], [34.679226, 0.099942], [34.680135, 0.099501], [34.68075, 0.099451], [34.681158, 0.098899], [34.682227, 0.098434], [34.683936, 0.098356], [34.684917, 0.098695], [34.687105, 0.098568], [34.689268, 0.098166], [34.689929, 0.098209], [34.690341, 0.098551], [34.691508, 0.099531], [34.693494, 0.100323], [34.694797, 0.101096], [34.696191, 0.102053], [34.697057, 0.10191], [34.697906, 0.103191], [34.698571, 0.104174], [34.699099, 0.104905], [34.699536, 0.105752], [34.700175, 0.106047], [34.700949, 0.105813]]}}, {"type": "Feature", "properties": {"name": "Awach Tende", "length_km": 21.666, "dist_to_gulf_km": 0.487, "n_segments": 2}, "geometry": {"type": "MultiLineString", "coordinates": [[[34.643156, -0.498953], [34.642744, -0.50024], [34.642743, -0.500471], [34.643291, -0.50038], [34.644251, -0.500405], [34.644776, -0.500683], [34.645072, -0.500729], [34.645049, -0.501051], [34.645118, -0.501167], [34.645597, -0.501053], [34.646123, -0.500755], [34.646807, -0.501263], [34.647057, -0.502368], [34.647148, -0.503104], [34.647786, -0.50444], [34.64815, -0.505477], [34.648423, -0.506006], [34.648834, -0.506513], [34.64929, -0.506814], [34.649953, -0.5067], [34.649999, -0.505987], [34.650547, -0.505827], [34.650889, -0.506426], [34.651277, -0.506634], [34.651712, -0.50629], [34.652146, -0.506291], [34.652579, -0.506891], [34.653445, -0.508204], [34.653284, -0.508986], [34.652873, -0.508985], [34.652553, -0.509307], [34.65237, -0.509904], [34.652963, -0.510435], [34.653738, -0.51115], [34.654652, -0.511382], [34.655587, -0.51219], [34.655678, -0.51288], [34.656157, -0.513388], [34.656454, -0.513204], [34.656409, -0.512721], [34.656865, -0.513113], [34.657368, -0.512608], [34.658167, -0.513301], [34.658667, -0.514728], [34.659145, -0.515995], [34.659259, -0.516593], [34.659052, -0.517444], [34.659211, -0.51848], [34.65962, -0.519976], [34.659917, -0.520552], [34.660533, -0.520899], [34.661058, -0.521314], [34.661467, -0.522926], [34.66215, -0.524147], [34.662607, -0.524585], [34.663565, -0.525324], [34.66409, -0.525463], [34.664158, -0.525923], [34.664386, -0.526361], [34.665116, -0.526708], [34.664522, -0.527535], [34.664566, -0.528639], [34.664908, -0.529353], [34.665228, -0.5294], [34.664998, -0.530159], [34.664975, -0.530803]], [[34.553426, -0.463596], [34.554021, -0.463506], [34.554273, -0.463207], [34.554662, -0.463046], [34.554959, -0.463047], [34.555142, -0.463416], [34.555394, -0.463301], [34.555828, -0.463441], [34.556469, -0.463419], [34.556492, -0.463004], [34.556927, -0.463098], [34.557155, -0.463329], [34.557545, -0.46303], [34.558002, -0.463284], [34.558184, -0.463746], [34.558733, -0.46377], [34.559305, -0.463864], [34.559579, -0.464302], [34.560128, -0.464073], [34.560357, -0.464027], [34.560585, -0.464489], [34.561273, -0.463891], [34.561937, -0.463409], [34.562463, -0.463295], [34.563332, -0.463919], [34.563584, -0.463528], [34.56395, -0.463344], [34.5637, -0.462745], [34.564271, -0.463184], [34.564866, -0.463254], [34.564821, -0.462816], [34.565073, -0.46261], [34.565712, -0.46321], [34.566467, -0.46312], [34.566948, -0.462937], [34.567405, -0.463168], [34.567681, -0.462385], [34.568277, -0.461649], [34.568575, -0.461097], [34.568896, -0.460636], [34.569423, -0.460707], [34.569583, -0.460338], [34.569972, -0.460593], [34.570269, -0.460916], [34.570453, -0.460294], [34.5713, -0.459881], [34.571849, -0.460021], [34.572513, -0.459354], [34.572629, -0.458594], [34.573018, -0.458756], [34.573797, -0.457813], [34.574415, -0.457768], [34.575261, -0.457932], [34.575718, -0.458302], [34.576657, -0.458004], [34.577366, -0.457729], [34.5778, -0.458237], [34.578372, -0.457985], [34.579036, -0.457756], [34.579722, -0.458196], [34.580545, -0.458313], [34.581185, -0.458775], [34.581986, -0.458962], [34.583312, -0.459495], [34.583998, -0.459842], [34.584592, -0.460466], [34.585141, -0.460605], [34.585599, -0.460122], [34.585943, -0.459432], [34.586242, -0.458603], [34.587479, -0.457822], [34.588165, -0.45787], [34.58812, -0.45727], [34.589083, -0.456028], [34.590045, -0.455293], [34.591052, -0.454972], [34.591645, -0.456218], [34.591735, -0.45721], [34.591573, -0.458431], [34.591686, -0.458938], [34.592349, -0.459539], [34.593034, -0.460347], [34.593033, -0.460831], [34.592941, -0.4612], [34.594152, -0.462355], [34.594174, -0.463116], [34.59367, -0.463506], [34.593874, -0.464382], [34.593965, -0.465051], [34.594604, -0.46579], [34.59536, -0.465631], [34.596434, -0.46614], [34.597531, -0.466972], [34.5984, -0.467412], [34.59943, -0.467092], [34.600825, -0.467556], [34.600869, -0.468663], [34.601736, -0.469794], [34.602445, -0.470395], [34.603244, -0.471088], [34.603449, -0.471688], [34.604342, -0.47169], [34.605599, -0.472108], [34.606217, -0.47227], [34.605781, -0.472754], [34.605254, -0.473351], [34.605848, -0.473768], [34.606672, -0.473839], [34.606397, -0.474345], [34.607334, -0.474555], [34.608158, -0.47458], [34.608568, -0.475572], [34.608452, -0.476655], [34.608451, -0.477346], [34.609366, -0.47721], [34.610122, -0.476613], [34.610261, -0.475944], [34.610696, -0.475807], [34.611793, -0.47604], [34.613577, -0.476551], [34.61472, -0.477292], [34.615292, -0.477431], [34.616345, -0.477134], [34.616894, -0.476836], [34.617306, -0.476514], [34.618016, -0.476239], [34.61861, -0.47684], [34.619342, -0.476611], [34.6198, -0.476428], [34.620053, -0.475691], [34.620397, -0.475161], [34.621745, -0.476271], [34.622659, -0.476918], [34.623048, -0.47738], [34.623252, -0.47821], [34.623595, -0.478488], [34.623687, -0.478027], [34.624259, -0.478236], [34.625083, -0.477984], [34.625425, -0.478515], [34.624828, -0.479735], [34.625331, -0.480128], [34.625307, -0.48075], [34.625832, -0.481581], [34.626381, -0.481675], [34.626678, -0.481975], [34.627204, -0.481953], [34.627685, -0.481632], [34.628258, -0.481287], [34.62892, -0.482026], [34.629125, -0.482603], [34.62956, -0.482558], [34.629767, -0.481867], [34.630133, -0.481845], [34.630841, -0.482745], [34.630908, -0.483621], [34.631525, -0.484199], [34.632257, -0.484523], [34.633469, -0.484549], [34.634179, -0.484435], [34.634499, -0.484136], [34.635872, -0.484186], [34.637221, -0.484489], [34.637838, -0.485158], [34.637654, -0.485988], [34.638271, -0.486542], [34.638865, -0.486912], [34.639161, -0.487466], [34.639135, -0.490093], [34.639178, -0.491292], [34.639406, -0.491823], [34.640366, -0.492839], [34.640891, -0.493324], [34.641142, -0.494085], [34.64153, -0.494778], [34.641712, -0.494939], [34.642353, -0.495217], [34.643222, -0.49545], [34.643358, -0.495681], [34.642763, -0.49614], [34.642396, -0.496923], [34.642532, -0.49773], [34.642633, -0.498322], [34.643156, -0.498953]]]}}, {"type": "Feature", "properties": {"name": "Olambwe", "length_km": 21.584, "dist_to_gulf_km": 0.0, "n_segments": 3}, "geometry": {"type": "MultiLineString", "coordinates": [[[34.317062, -0.597858], [34.317908, -0.598686], [34.318161, -0.599631], [34.318391, -0.600598], [34.318598, -0.601819], [34.318053, -0.602811], [34.318192, -0.603894], [34.31833, -0.604493], [34.318035, -0.605439], [34.318151, -0.605992], [34.317764, -0.606845], [34.317333, -0.608022], [34.317608, -0.608736], [34.317018, -0.609958], [34.317226, -0.611202], [34.316861, -0.611526], [34.315949, -0.611642], [34.315676, -0.612334], [34.315473, -0.613372], [34.315329, -0.614052], [34.315833, -0.614557], [34.315291, -0.615321], [34.314883, -0.615807], [34.314842, -0.616569], [34.314617, -0.617055], [34.314144, -0.61791], [34.313576, -0.618375], [34.313442, -0.618767], [34.313145, -0.618653], [34.31262, -0.618471], [34.311915, -0.618821], [34.311025, -0.618687], [34.310459, -0.619266], [34.309874, -0.620538], [34.3094, -0.621463], [34.308656, -0.622735], [34.308005, -0.624561], [34.307487, -0.625555], [34.30701, -0.625765], [34.307106, -0.626688], [34.306111, -0.627961], [34.30566, -0.628771], [34.304411, -0.6297], [34.303549, -0.630281], [34.301503, -0.631236], [34.299756, -0.632675], [34.298895, -0.633579], [34.298052, -0.633583], [34.297078, -0.634672], [34.296307, -0.635321], [34.294395, -0.635884], [34.293462, -0.636096], [34.292895, -0.63656], [34.291709, -0.636589], [34.2908, -0.636916], [34.290118, -0.637335], [34.289324, -0.637892], [34.288116, -0.638014], [34.286595, -0.639082], [34.285641, -0.639686], [34.284778, -0.640175], [34.283942, -0.641356], [34.28358, -0.641957], [34.282675, -0.643069], [34.281973, -0.643764], [34.281222, -0.644068]], [[34.306139, -0.575749], [34.306388, -0.574849], [34.30714, -0.574295], [34.307846, -0.573763], [34.308234, -0.573348], [34.308027, -0.572657], [34.307409, -0.57222], [34.30686, -0.571529], [34.306103, -0.570194], [34.305554, -0.569527], [34.305233, -0.568997], [34.30473, -0.568537], [34.304225, -0.567432], [34.304223, -0.56651], [34.304335, -0.565496], [34.303921, -0.564413], [34.303827, -0.563169], [34.304098, -0.561854], [34.303958, -0.560656], [34.303408, -0.55962], [34.302288, -0.558931], [34.301898, -0.55824], [34.301737, -0.557802], [34.301119, -0.557135], [34.301118, -0.556605], [34.300889, -0.556191], [34.300409, -0.555846], [34.299472, -0.55541], [34.299242, -0.554857], [34.299127, -0.554166], [34.298759, -0.553152], [34.29798, -0.552047], [34.297637, -0.551472], [34.297635, -0.551011], [34.297154, -0.550228], [34.296787, -0.549284], [34.296741, -0.549099], [34.296785, -0.548454], [34.296625, -0.548201], [34.29546, -0.548088], [34.294888, -0.547674], [34.293928, -0.546961], [34.292693, -0.546088], [34.291779, -0.545582], [34.291525, -0.544523], [34.292343, -0.5427], [34.293321, -0.541246], [34.293456, -0.540255], [34.293111, -0.538919], [34.292218, -0.537976], [34.291758, -0.536617], [34.291734, -0.535902], [34.291755, -0.535188], [34.291503, -0.534727], [34.29214, -0.533597], [34.292434, -0.532697], [34.291656, -0.531615], [34.290602, -0.530096], [34.289915, -0.529129], [34.290161, -0.526755], [34.289816, -0.525511], [34.289379, -0.524313], [34.288511, -0.524084], [34.287665, -0.523325], [34.287162, -0.523027], [34.285904, -0.522245], [34.284626, -0.522109], [34.283849, -0.521788], [34.283664, -0.521028], [34.283138, -0.520637], [34.282793, -0.519278], [34.282927, -0.518171], [34.283451, -0.517617], [34.284727, -0.516439], [34.285729, -0.515516], [34.286709, -0.514638], [34.287369, -0.513646], [34.287914, -0.512515], [34.288529, -0.51173], [34.289919, -0.510552], [34.290647, -0.509445], [34.290735, -0.507992], [34.290846, -0.506425], [34.291208, -0.505156], [34.291663, -0.50428], [34.292597, -0.503448], [34.293257, -0.502387], [34.29403, -0.501371], [34.293891, -0.500173], [34.293956, -0.498882]], [[34.293956, -0.498882], [34.295143, -0.495859], [34.296083, -0.495154], [34.295616, -0.493748], [34.295743, -0.492116], [34.294929, -0.491304], [34.294532, -0.489577], [34.295271, -0.488502], [34.295713, -0.487357], [34.29661, -0.486422], [34.296943, -0.4847], [34.297094, -0.483046], [34.296601, -0.481892], [34.29712, -0.479782], [34.297137, -0.477689], [34.296394, -0.47651], [34.295818, -0.474528], [34.295239, -0.472845], [34.294333, -0.472055], [34.29446, -0.47047]]]}}, {"type": "Feature", "properties": {"name": "Luanda", "length_km": 21.4, "dist_to_gulf_km": 0.0, "n_segments": 5}, "geometry": {"type": "MultiLineString", "coordinates": [[[34.489378, -0.173372], [34.489226, -0.172056], [34.489052, -0.170648], [34.489248, -0.168412], [34.490738, -0.166786], [34.491379, -0.166307], [34.491791, -0.166102], [34.491999, -0.165573], [34.492118, -0.164675], [34.492735, -0.164449], [34.493231, -0.165283], [34.49405, -0.165497], [34.495881, -0.164127], [34.498331, -0.162093], [34.499706, -0.160674], [34.50053, -0.16008]], [[34.50053, -0.16008], [34.501788, -0.158381], [34.502361, -0.157391], [34.502887, -0.156816], [34.503277, -0.156218], [34.50442, -0.155668], [34.50522, -0.155209], [34.505587, -0.154841], [34.506021, -0.154427], [34.506251, -0.153667], [34.506161, -0.152883], [34.506573, -0.152077], [34.5071, -0.151618], [34.507421, -0.150489], [34.507583, -0.149406], [34.507721, -0.148623], [34.508042, -0.147932], [34.508889, -0.14715], [34.508936, -0.146321], [34.508983, -0.145237], [34.509054, -0.143877], [34.509009, -0.143255], [34.509034, -0.141872], [34.509104, -0.140996], [34.508283, -0.140003], [34.507143, -0.138548], [34.50607, -0.137945], [34.504906, -0.137089], [34.503903, -0.135934], [34.503654, -0.134159], [34.504068, -0.132661], [34.504413, -0.131141], [34.504643, -0.130404], [34.504873, -0.129482], [34.505604, -0.129277], [34.506359, -0.129002], [34.506816, -0.128427], [34.507389, -0.127322], [34.508237, -0.12601], [34.509588, -0.124239], [34.510572, -0.123458], [34.511829, -0.123092], [34.512584, -0.12238], [34.513067, -0.120698], [34.513731, -0.119663], [34.514808, -0.117891], [34.516045, -0.115635], [34.517535, -0.11278], [34.518017, -0.11126], [34.517791, -0.109646], [34.517611, -0.10817], [34.517589, -0.107364]], [[34.72406, -0.348196], [34.722656, -0.351138], [34.723141, -0.351852], [34.723584, -0.353144], [34.723524, -0.354716], [34.723603, -0.35661], [34.723544, -0.358251], [34.722864, -0.359595], [34.723377, -0.361118], [34.723251, -0.363222], [34.723053, -0.364655], [34.722539, -0.36683], [34.722181, -0.368334], [34.721614, -0.369423], [34.72071, -0.371531]], [[34.297157, 0.122087], [34.297136, 0.121074], [34.296365, 0.119255], [34.295549, 0.117642], [34.295073, 0.116606], [34.294529, 0.115155], [34.294417, 0.114395], [34.29483, 0.112739], [34.295564, 0.110323], [34.296706, 0.108668], [34.29794, 0.106576], [34.299905, 0.103127], [34.300636, 0.101978], [34.301072, 0.100574], [34.30137, 0.099332], [34.302649, 0.097815], [34.304543, 0.095977], [34.305844, 0.0943], [34.30669, 0.09246], [34.307582, 0.09062], [34.308107, 0.090046], [34.309224, 0.089518], [34.310863, 0.089912], [34.311318, 0.090005], [34.312297, 0.089708], [34.313164, 0.089019], [34.314349, 0.088446], [34.316331, 0.088104], [34.317424, 0.088152], [34.318654, 0.0882], [34.319906, 0.088133], [34.323115, 0.088806], [34.324662, 0.089522], [34.326437, 0.090285], [34.327461, 0.090632], [34.32869, 0.090818], [34.329578, 0.090705], [34.329921, 0.090337]], [[34.424486, 0.153959], [34.425736, 0.153799], [34.426895, 0.154259], [34.428713, 0.154513], [34.430281, 0.154997], [34.431599, 0.15578], [34.432803, 0.156402], [34.434166, 0.157669], [34.435846, 0.159603], [34.437118, 0.161099], [34.43864, 0.163033], [34.439934, 0.165036], [34.440524, 0.165911], [34.441342, 0.166901], [34.441773, 0.168719]]]}}, {"type": "Feature", "properties": {"name": "Anobngetuny", "length_km": 20.742, "dist_to_gulf_km": 50.087, "n_segments": 1}, "geometry": {"type": "LineString", "coordinates": [[35.28966, 0.001158], [35.291075, 0.002264], [35.291849, 0.002772], [35.292556, 0.00275], [35.293124, 0.003303], [35.293578, 0.004384], [35.294351, 0.005236], [35.295307, 0.005836], [35.296036, 0.006044], [35.29697, 0.006345], [35.298588, 0.006808], [35.3, 0.0075520281030414796]]}}, {"type": "Feature", "properties": {"name": "Lairi", "length_km": 20.478, "dist_to_gulf_km": 40.194, "n_segments": 3}, "geometry": {"type": "LineString", "coordinates": [[34.419508, 0.333757], [34.418551, 0.334358], [34.418691, 0.335831], [34.419355, 0.336727], [34.419743, 0.337371], [34.419653, 0.337878], [34.419221, 0.338247], [34.418926, 0.33887], [34.418631, 0.339515], [34.418655, 0.340137], [34.418453, 0.341611], [34.418684, 0.343061], [34.418324, 0.345088], [34.417916, 0.346447], [34.417373, 0.348245], [34.417217, 0.34988], [34.416628, 0.351678], [34.416221, 0.353176], [34.415793, 0.355548], [34.415979, 0.357251], [34.416781, 0.359252], [34.417515, 0.36116], [34.418222, 0.361504], [34.41884, 0.362331], [34.419481, 0.363549], [34.420371, 0.363937], [34.422015, 0.364945], [34.422724, 0.365772], [34.423891, 0.36784], [34.424761, 0.369472], [34.425996, 0.371195], [34.426682, 0.372091], [34.427528, 0.373078]]}}, {"type": "Feature", "properties": {"name": "Sondo", "length_km": 20.352, "dist_to_gulf_km": 11.219, "n_segments": 1}, "geometry": {"type": "LineString", "coordinates": [[35.000412, -0.402692], [35.001127, -0.4032], [35.002472, -0.403175], [35.003428, -0.402578], [35.003974, -0.401705], [35.00445, -0.40058], [35.004903, -0.399685], [35.004947, -0.39895], [35.005195, -0.397688], [35.006583, -0.396447], [35.00729, -0.396401], [35.007698, -0.395551], [35.007535, -0.394427], [35.007463, -0.392889], [35.007872, -0.392063], [35.008623, -0.391672], [35.009533, -0.390891], [35.010033, -0.390087], [35.010395, -0.389123], [35.010873, -0.388526], [35.011581, -0.388938], [35.012906, -0.389969], [35.014597, -0.391253], [35.015648, -0.392193], [35.016357, -0.392949], [35.017043, -0.39366], [35.017933, -0.394164], [35.018436, -0.394691], [35.018233, -0.395495], [35.017484, -0.39678], [35.018124, -0.397491], [35.018285, -0.398225], [35.018061, -0.399465], [35.018519, -0.400336], [35.019775, -0.401047], [35.020711, -0.401482], [35.021373, -0.402009], [35.021807, -0.402192], [35.021901, -0.403041], [35.021767, -0.404211], [35.020929, -0.406599], [35.020204, -0.408321], [35.019956, -0.40956], [35.020209, -0.410455], [35.020918, -0.411303], [35.022218, -0.411187], [35.024611, -0.410955], [35.026345, -0.411344], [35.027601, -0.411962], [35.02863, -0.413108], [35.029683, -0.414691], [35.03037, -0.415837], [35.030739, -0.417352], [35.031377, -0.41719], [35.032357, -0.416845], [35.033453, -0.41767], [35.035309, -0.420927], [35.035951, -0.422349], [35.036933, -0.423243], [35.037164, -0.424207], [35.03776, -0.425422], [35.038082, -0.426523], [35.038677, -0.427303], [35.039249, -0.428083], [35.039481, -0.429643], [35.039757, -0.430698], [35.039509, -0.431915], [35.039034, -0.433384], [35.03872, -0.435289], [35.039953, -0.435999], [35.041073, -0.4371], [35.041828, -0.438109], [35.042446, -0.438911], [35.043384, -0.440264], [35.044231, -0.441502], [35.045055, -0.442557], [35.045673, -0.443451], [35.045902, -0.443841], [35.04554, -0.445173], [35.044998, -0.446986], [35.044843, -0.448845], [35.04569, -0.450106], [35.046103, -0.451093], [35.046331, -0.451368], [35.046378, -0.451873], [35.04597, -0.452791], [35.045401, -0.453273], [35.04442, -0.452953], [35.043758, -0.452541], [35.043052, -0.453092], [35.042395, -0.454631], [35.042471, -0.457545], [35.042749, -0.459381], [35.042912, -0.460734], [35.042891, -0.461492], [35.043033, -0.46358], [35.042697, -0.465714], [35.042359, -0.467505], [35.041817, -0.469502], [35.041323, -0.472256], [35.040802, -0.473886], [35.040896, -0.474804], [35.04115, -0.476111], [35.041084, -0.477052], [35.040403, -0.478224], [35.040133, -0.479761], [35.040091, -0.480909], [35.039955, -0.481574], [35.039227, -0.481919], [35.03763, -0.481944], [35.036444, -0.481555], [35.035212, -0.481304], [35.034414, -0.481443], [35.033778, -0.482683], [35.034214, -0.483623], [35.03449, -0.484403], [35.034082, -0.48562], [35.034267, -0.486308], [35.034338, -0.48734], [35.034318, -0.48858], [35.034208, -0.490049], [35.033892, -0.491449], [35.033735, -0.49239], [35.033531, -0.492964], [35.033056, -0.494295], [35.03315, -0.495351], [35.03379, -0.495924], [35.034658, -0.496428], [35.035615, -0.496381], [35.0368, -0.495989], [35.037687, -0.495208], [35.038806, -0.495712], [35.040062, -0.49633], [35.04255, -0.497222], [35.043599, -0.497497], [35.045788, -0.497242], [35.046975, -0.497654], [35.047931, -0.497079], [35.048658, -0.496183], [35.049728, -0.495379], [35.051052, -0.496043], [35.052012, -0.496891], [35.052448, -0.49774], [35.053477, -0.498978]]}}, {"type": "Feature", "properties": {"name": "Ndhiwa", "length_km": 20.35, "dist_to_gulf_km": 16.375, "n_segments": 3}, "geometry": {"type": "MultiLineString", "coordinates": [[[34.346651, -0.733179], [34.345778, -0.732099], [34.344291, -0.731137], [34.343079, -0.73052], [34.341912, -0.72981], [34.340541, -0.729171], [34.338735, -0.728303], [34.337062, -0.72688], [34.335371, -0.72615], [34.334157, -0.725256], [34.333629, -0.724636], [34.331711, -0.724068], [34.329859, -0.723178], [34.327527, -0.721943], [34.326749, -0.721416], [34.326197, -0.720588], [34.326147, -0.719965], [34.325983, -0.719205], [34.325133, -0.718078], [34.324606, -0.717573], [34.323645, -0.717024], [34.323095, -0.716496], [34.322407, -0.715877], [34.32142, -0.714728], [34.320709, -0.713924], [34.319883, -0.713074], [34.31865, -0.712665], [34.317666, -0.712162], [34.316843, -0.711612], [34.31548, -0.708712], [34.314765, -0.707331], [34.314161, -0.705327], [34.313627, -0.703714], [34.312409, -0.702082], [34.311374, -0.700495], [34.310477, -0.699115], [34.309512, -0.697966], [34.308597, -0.697463], [34.30789, -0.697259], [34.30618, -0.697244], [34.303147, -0.697004], [34.298762, -0.69571], [34.296753, -0.695212], [34.293738, -0.694258], [34.291157, -0.693324], [34.288893, -0.692135], [34.287016, -0.690783], [34.28473, -0.689732], [34.282626, -0.688658], [34.281528, -0.687925], [34.280567, -0.68733], [34.279285, -0.686459], [34.27885, -0.686138]], [[34.538833, -0.782282], [34.539811, -0.782307], [34.540634, -0.781526], [34.541362, -0.78162], [34.542364, -0.781324], [34.543232, -0.78052], [34.543598, -0.779945], [34.544395, -0.780039], [34.545034, -0.779534], [34.545424, -0.778752], [34.54595, -0.777786], [34.546724, -0.777972], [34.5472, -0.778503], [34.548499, -0.778], [34.54948, -0.777381], [34.550231, -0.777429], [34.550847, -0.777062], [34.551487, -0.776349], [34.552194, -0.776144], [34.552923, -0.775962], [34.554131, -0.775366], [34.555202, -0.775023], [34.55584, -0.774933], [34.556317, -0.775395], [34.556863, -0.775419], [34.557251, -0.77496], [34.557663, -0.774339], [34.558846, -0.774573], [34.560054, -0.774253], [34.561103, -0.773634], [34.561631, -0.772484], [34.562474, -0.772025], [34.563635, -0.772075], [34.56407, -0.771431], [34.564842, -0.772101], [34.565641, -0.771297], [34.567395, -0.770956], [34.567964, -0.770981], [34.568557, -0.770729], [34.5697, -0.76935], [34.571114, -0.768662], [34.572091, -0.769218], [34.572614, -0.769288], [34.573593, -0.76913], [34.573796, -0.769821], [34.574137, -0.769845], [34.574615, -0.769962], [34.575184, -0.76994], [34.575935, -0.769896], [34.576597, -0.769483], [34.57851, -0.769189], [34.579239, -0.769122], [34.579696, -0.768663], [34.580176, -0.768019], [34.580497, -0.76749], [34.581838, -0.767839], [34.584297, -0.767731], [34.588509, -0.767627], [34.590512, -0.767655], [34.591559, -0.767865], [34.592378, -0.768052], [34.593242, -0.768215], [34.594198, -0.768287], [34.595427, -0.768337], [34.59652, -0.768316], [34.598385, -0.768782], [34.599524, -0.768532], [34.600454, -0.769502], [34.600564, -0.770447], [34.601018, -0.770863], [34.602108, -0.771603], [34.602609, -0.771673], [34.603107, -0.772504], [34.603835, -0.772621]], [[34.397439, -0.75828], [34.395316, -0.757608], [34.393216, -0.756935], [34.392508, -0.756542], [34.391619, -0.755526], [34.390432, -0.754463], [34.38936, -0.753792], [34.387351, -0.753051], [34.385068, -0.752101], [34.383927, -0.751315], [34.383105, -0.751337], [34.381415, -0.751196], [34.380275, -0.750294], [34.37987, -0.749584]]]}}, {"type": "Feature", "properties": {"name": "Mosobeti", "length_km": 20.176, "dist_to_gulf_km": 29.376, "n_segments": 2}, "geometry": {"type": "MultiLineString", "coordinates": [[[34.934563, -0.68199], [34.935556, -0.683282], [34.936963, -0.683693], [34.938735, -0.684201], [34.940566, -0.685309], [34.942758, -0.686675], [34.945133, -0.687951], [34.946699, -0.688502], [34.948519, -0.688758], [34.94987, -0.688409], [34.951507, -0.687143], [34.952806, -0.685619], [34.955792, -0.684096], [34.957587, -0.683016], [34.960226, -0.681834], [34.961954, -0.680638], [34.963134, -0.679412], [34.964277, -0.677633], [34.965621, -0.676201], [34.967083, -0.675992], [34.969582, -0.675037], [34.970591, -0.67466], [34.973195, -0.674329], [34.975499, -0.674292], [34.978332, -0.673871], [34.979891, -0.673318], [34.982337, -0.672846], [34.983339, -0.672952], [34.984881, -0.673526], [34.985611, -0.67356], [34.988135, -0.672467], [34.990738, -0.672205], [34.992542, -0.672046], [34.994131, -0.672506], [34.995105, -0.672934], [34.996678, -0.672956], [34.997699, -0.673338], [34.999655, -0.673665], [35.000112, -0.673625]], [[34.698376, -0.894157], [34.698857, -0.894659], [34.699769, -0.894476], [34.70075, -0.894294], [34.701411, -0.894732], [34.70205, -0.894572], [34.703009, -0.893952], [34.703647, -0.89416], [34.703762, -0.893816], [34.70399, -0.893379], [34.704652, -0.892782], [34.705518, -0.893542], [34.706225, -0.893865], [34.706772, -0.893751], [34.707913, -0.8935], [34.709282, -0.89318], [34.710742, -0.892861], [34.7117, -0.892655], [34.712111, -0.892127], [34.712544, -0.89222], [34.71284, -0.89268], [34.713844, -0.892636], [34.714232, -0.892383], [34.715463, -0.892661], [34.717127, -0.893193], [34.717719, -0.893999], [34.718357, -0.89446], [34.718607, -0.89492], [34.720318, -0.894877], [34.720911, -0.894924], [34.721777, -0.895661], [34.722368, -0.896628], [34.722641, -0.897433], [34.723279, -0.897986], [34.72378, -0.898585], [34.724462, -0.900196], [34.725077, -0.900726], [34.725647, -0.90098], [34.725782, -0.901923], [34.726032, -0.90282], [34.72578, -0.903441], [34.725483, -0.903923], [34.725665, -0.904315], [34.726076, -0.90443], [34.725528, -0.905004], [34.725093, -0.905579], [34.725686, -0.905994], [34.726438, -0.906087], [34.726597, -0.906869], [34.726641, -0.907973], [34.727439, -0.90848], [34.728237, -0.908919], [34.72844, -0.910437], [34.728302, -0.911242], [34.728255, -0.912506], [34.728573, -0.913611], [34.728755, -0.913979], [34.729347, -0.914509], [34.729461, -0.914739], [34.728958, -0.915221], [34.728935, -0.915635], [34.730667, -0.916236], [34.731442, -0.917226], [34.73176, -0.91817], [34.732055, -0.919389], [34.7321, -0.91978], [34.732601, -0.919919], [34.73308, -0.920288], [34.733762, -0.921922], [34.734558, -0.923349], [34.734671, -0.924591], [34.7341, -0.925119], [34.733666, -0.925509], [34.734258, -0.925947], [34.735261, -0.926432], [34.73542, -0.927513], [34.736103, -0.928388], [34.73649, -0.928987], [34.735826, -0.930641], [34.735026, -0.932158], [34.733976, -0.933145], [34.733403, -0.935076], [34.732921, -0.937468], [34.732714, -0.938525], [34.732417, -0.939192], [34.730383, -0.942431], [34.729789, -0.943328], [34.728783, -0.945051], [34.728371, -0.946108], [34.728461, -0.947396], [34.728756, -0.948708], [34.729628871832006, -0.9500000000000001]]]}}, {"type": "Feature", "properties": {"name": "Kaplelach", "length_km": 20.015, "dist_to_gulf_km": 19.325, "n_segments": 1}, "geometry": {"type": "LineString", "coordinates": [[35.092873, -0.183206], [35.093489, -0.18369], [35.09374, -0.183828], [35.094424, -0.183714], [35.094743, -0.183967], [35.094971, -0.184313], [35.095381, -0.184543], [35.095883, -0.184566], [35.096613, -0.184935], [35.096704, -0.185165], [35.097434, -0.185258], [35.09814, -0.185512], [35.098824, -0.185881], [35.099326, -0.186686], [35.099828, -0.187239], [35.100854, -0.187378], [35.101538, -0.187125], [35.101948, -0.187908], [35.103134, -0.187702], [35.104388, -0.187749], [35.104798, -0.188371], [35.10571, -0.189269], [35.106348, -0.189936], [35.107169, -0.190489], [35.107146, -0.190696], [35.107215, -0.191064], [35.107101, -0.19157], [35.107283, -0.19203], [35.108446, -0.191893], [35.108651, -0.192147], [35.108993, -0.1924], [35.109198, -0.193021], [35.110088, -0.193068], [35.110475, -0.192976], [35.111456, -0.193024], [35.111524, -0.193185], [35.111524, -0.193875], [35.112208, -0.19468], [35.113804, -0.195556], [35.11499, -0.196086], [35.116061, -0.196133], [35.116814, -0.196364], [35.11768, -0.196664], [35.118683, -0.197217], [35.119345, -0.197977], [35.120553, -0.199036], [35.121305, -0.199611], [35.121784, -0.200302], [35.122673, -0.200671], [35.122696, -0.201246], [35.123357, -0.201845], [35.123585, -0.202581], [35.123973, -0.203087], [35.123767, -0.203961], [35.12436, -0.204238], [35.125044, -0.204422], [35.125751, -0.205504], [35.126298, -0.206723], [35.126959, -0.207046], [35.128852, -0.207761], [35.129421, -0.20905], [35.054156, -0.180452], [35.05427, -0.179785], [35.054635, -0.179188], [35.055661, -0.17889], [35.05728, -0.178408], [35.058101, -0.178501], [35.058351, -0.179491], [35.058739, -0.180434], [35.059035, -0.180825], [35.060016, -0.181332], [35.061954, -0.181127], [35.062547, -0.181128], [35.064075, -0.179934], [35.065101, -0.179015], [35.065489, -0.178555], [35.065785, -0.178072], [35.066287, -0.177314], [35.066629, -0.176371], [35.06745, -0.175682], [35.070893, -0.175778], [35.074314, -0.175804], [35.075636, -0.176081], [35.076206, -0.17622], [35.076753, -0.175669], [35.077665, -0.175831], [35.079079, -0.176798], [35.080082, -0.17696], [35.081291, -0.177398], [35.081929, -0.178089], [35.082841, -0.178826], [35.083388, -0.179149], [35.084962, -0.178759], [35.087105, -0.178347], [35.088291, -0.178165], [35.089066, -0.178901], [35.089431, -0.179362], [35.090434, -0.17957], [35.091209, -0.180238], [35.09203, -0.179986], [35.09276, -0.181228], [35.0926, -0.182424], [35.092463, -0.182884], [35.092919, -0.183321]]}}, {"type": "Feature", "properties": {"name": "Nyakwamba", "length_km": 19.828, "dist_to_gulf_km": 18.889, "n_segments": 3}, "geometry": {"type": "MultiLineString", "coordinates": [[[34.280161, -0.749463], [34.279906, -0.748633], [34.27974, -0.747573], [34.279211, -0.746837], [34.278935, -0.746377], [34.278836, -0.745109], [34.278558, -0.744395], [34.277779, -0.743614], [34.276906, -0.742603], [34.276514, -0.741774], [34.276119, -0.7406], [34.276367, -0.740137], [34.275816, -0.739401], [34.275349, -0.737627], [34.274884, -0.736037], [34.273961, -0.734127], [34.273409, -0.733299], [34.273471, -0.73233], [34.273033, -0.731501], [34.272391, -0.730766], [34.271654, -0.729593], [34.270829, -0.728905], [34.269799, -0.728125], [34.269016, -0.726768], [34.268248, -0.72421], [34.267716, -0.722852], [34.267338, -0.720593], [34.267012, -0.719418], [34.266686, -0.718289], [34.266066, -0.717507], [34.26563, -0.717071], [34.265211, -0.715596], [34.26486, -0.714052], [34.264552, -0.712185], [34.264269, -0.710617], [34.263827, -0.709027], [34.263501, -0.707875], [34.263336, -0.707069], [34.262824, -0.705226]], [[34.353355, -0.794365], [34.352625, -0.793948], [34.351689, -0.793762], [34.350342, -0.793206], [34.348402, -0.792304], [34.347192, -0.791979], [34.345388, -0.791445], [34.343608, -0.790427], [34.34274, -0.790749], [34.341529, -0.791231], [34.339587, -0.791712], [34.338513, -0.792656], [34.337142, -0.793783], [34.335429, -0.793573], [34.333009, -0.793684], [34.331159, -0.793681], [34.329698, -0.793332], [34.327848, -0.792868], [34.326227, -0.793234], [34.324491, -0.793415], [34.322504, -0.793412], [34.320974, -0.793478], [34.319581, -0.793799], [34.318872, -0.794997], [34.318324, -0.794973], [34.316794, -0.794647], [34.315606, -0.794645], [34.313779, -0.794527], [34.312341, -0.794409], [34.311222, -0.793969], [34.310104, -0.793344], [34.309099, -0.792951], [34.308461, -0.791658], [34.308006, -0.790642], [34.306888, -0.789372], [34.305747, -0.787894], [34.304447, -0.786554], [34.303512, -0.785423], [34.302325, -0.78436], [34.30171, -0.783067], [34.301094, -0.782028], [34.300479, -0.780666], [34.299316, -0.778912], [34.298449, -0.77808], [34.298084, -0.777572], [34.297698, -0.775611], [34.296763, -0.773995], [34.295119, -0.773277], [34.293613, -0.772375], [34.292656, -0.770644], [34.291675, -0.769581], [34.29035, -0.769302], [34.288912, -0.768515], [34.288251, -0.767477], [34.287498, -0.76646], [34.286084, -0.765143], [34.284875, -0.763665], [34.284512, -0.761289], [34.282778, -0.759072], [34.28109, -0.757178], [34.281206, -0.755772], [34.282007, -0.753444], [34.281963, -0.752383], [34.281461, -0.751505], [34.280161, -0.749463]], [[34.368059, -0.821833], [34.368926, -0.82308], [34.370317, -0.824858], [34.371823, -0.825945], [34.373991, -0.827655], [34.375885, -0.829342], [34.376729, -0.830358], [34.377162, -0.831581], [34.376931, -0.833656], [34.376884, -0.835962], [34.377452, -0.838177], [34.377794, -0.839261], [34.377908, -0.83993], [34.377085, -0.840759], [34.376399, -0.841173], [34.376422, -0.841658], [34.376809, -0.84205], [34.377312, -0.842051], [34.377174, -0.842743], [34.377379, -0.843689]]]}}, {"type": "Feature", "properties": {"name": "Owich", "length_km": 18.557, "dist_to_gulf_km": 18.008, "n_segments": 3}, "geometry": {"type": "MultiLineString", "coordinates": [[[34.108239, -0.801464], [34.10831, -0.799921], [34.108587, -0.797849], [34.109068, -0.797044], [34.111975, -0.795183], [34.112914, -0.794539], [34.113717, -0.792606], [34.114382, -0.790558], [34.114178, -0.789222], [34.113128, -0.7877], [34.11256, -0.784775], [34.112701, -0.781551], [34.113597, -0.778512], [34.113508, -0.77644], [34.112436, -0.774389], [34.110358, -0.771392], [34.110772, -0.769527], [34.110271, -0.76796], [34.108444, -0.766138], [34.107302, -0.765008], [34.10568, -0.763578], [34.104219, -0.761618], [34.102598, -0.759474], [34.102624, -0.75648], [34.10542, -0.752132], [34.106222, -0.750683], [34.106797, -0.748588]], [[34.449119, -0.943619], [34.450125, -0.943505], [34.451772, -0.942793], [34.45255, -0.942035], [34.453283, -0.940955], [34.453786, -0.939874], [34.453947, -0.938587], [34.453971, -0.937139], [34.454132, -0.936151], [34.455435, -0.93668], [34.456761, -0.93737], [34.457493, -0.937439], [34.457492, -0.938382], [34.457835, -0.93891], [34.458841, -0.93852], [34.459733, -0.938038], [34.460557, -0.936751], [34.461518, -0.93659], [34.462203, -0.937441], [34.463186, -0.937786], [34.464239, -0.937235], [34.46568, -0.936155], [34.467212, -0.935903], [34.468585, -0.934938], [34.470095, -0.933192], [34.47108, -0.931077], [34.47211, -0.929951], [34.473734, -0.929354], [34.474854, -0.928757], [34.475564, -0.927195], [34.476777, -0.925701], [34.477829, -0.925357], [34.478607, -0.925242], [34.480597, -0.924001], [34.482724, -0.922761], [34.484418, -0.921176], [34.48595, -0.920763], [34.48698, -0.919706], [34.487643, -0.919407], [34.488947, -0.91927], [34.490159, -0.91796], [34.491577, -0.917708], [34.493978, -0.919064], [34.495349, -0.919777], [34.496835, -0.92095], [34.498138, -0.92233], [34.499189, -0.923111], [34.500147, -0.923765]], [[34.106797, -0.748588], [34.106928, -0.747519], [34.107413, -0.745974], [34.109036, -0.744324], [34.1092, -0.742597], [34.109481, -0.741192], [34.108648, -0.740074], [34.109157, -0.738712], [34.109434, -0.736915], [34.109211, -0.735262], [34.108785, -0.733864], [34.108993, -0.732068], [34.109247, -0.730295], [34.109153, -0.727928], [34.109038, -0.725768], [34.109957, -0.724332], [34.110251, -0.72203], [34.110977, -0.719585], [34.110858, -0.717126], [34.111086, -0.715008], [34.110903, -0.712894]]]}}, {"type": "Feature", "properties": {"name": "Kibabet", "length_km": 18.248, "dist_to_gulf_km": 51.35, "n_segments": 2}, "geometry": {"type": "LineString", "coordinates": [[35.250312, 0.098515], [35.251338, 0.098449], [35.25216, 0.097945], [35.252344, 0.097325], [35.252778, 0.096751], [35.253349, 0.096293], [35.253692, 0.096202], [35.254421, 0.096456], [35.255082, 0.096343], [35.255653, 0.095954], [35.256246, 0.095955], [35.256701, 0.096117], [35.257203, 0.096003], [35.257591, 0.096004], [35.258503, 0.096029], [35.259164, 0.095984], [35.259894, 0.096009], [35.260668, 0.096195], [35.261351, 0.096679], [35.262011, 0.097071], [35.262968, 0.097418], [35.264131, 0.097466], [35.265157, 0.097354], [35.266183, 0.097425], [35.267072, 0.097266], [35.268189, 0.097429], [35.269672, 0.097088], [35.270767, 0.096952], [35.271588, 0.096587], [35.272388, 0.095692], [35.273005, 0.095303], [35.27362, 0.095649], [35.274668, 0.095583], [35.275603, 0.095608], [35.276584, 0.095311], [35.277839, 0.094877], [35.278934, 0.094834], [35.279893, 0.093963], [35.280351, 0.093068], [35.281013, 0.092656], [35.281494, 0.091669], [35.282889, 0.090132], [35.284215, 0.088665], [35.284605, 0.087655], [35.285747, 0.086738], [35.287712, 0.084905], [35.288489, 0.083849], [35.289086, 0.081898], [35.290046, 0.081027], [35.29169, 0.080111], [35.292922, 0.079746], [35.293927, 0.078944], [35.294567, 0.07828], [35.295776, 0.077708], [35.296531, 0.076745], [35.29692, 0.075872], [35.297174, 0.074816], [35.297746, 0.073668], [35.298888, 0.072959], [35.299755, 0.072616], [35.3, 0.07237017508417627]]}}, {"type": "Feature", "properties": {"name": "Gorsor", "length_km": 17.552, "dist_to_gulf_km": 17.073, "n_segments": 1}, "geometry": {"type": "LineString", "coordinates": [[34.838216, 0.12441], [34.838639, 0.123579], [34.83899, 0.122588], [34.839303, 0.122057], [34.839658, 0.121364], [34.840061, 0.120763], [34.840301, 0.119912], [34.840882, 0.119056], [34.841514, 0.118566], [34.842176, 0.118718], [34.842902, 0.118456], [34.843516, 0.118356], [34.844093, 0.119014], [34.844065, 0.12039], [34.844779, 0.120954], [34.845483, 0.120853], [34.846107, 0.121487], [34.846665, 0.12242], [34.847845, 0.122084], [34.848633, 0.121317], [34.848967, 0.120739], [34.849394, 0.120275], [34.85067, 0.120327], [34.851783, 0.120038], [34.852733, 0.119544], [34.853205, 0.11901], [34.85446, 0.119178], [34.855647, 0.119392], [34.856058, 0.119432], [34.856595, 0.118714], [34.857643, 0.118655], [34.858286, 0.119128], [34.858868, 0.120061], [34.859512, 0.120603], [34.859847, 0.121882], [34.860981, 0.123221], [34.861991, 0.123895], [34.862929, 0.124204], [34.863797, 0.124399], [34.864978, 0.124086], [34.865838, 0.123685], [34.866408, 0.123723], [34.867154, 0.123255], [34.867778, 0.122169], [34.86949, 0.120611], [34.869893, 0.120055], [34.870936, 0.119698], [34.871858, 0.118769], [34.873036, 0.118249], [34.873721, 0.118378], [34.874932, 0.11866], [34.875831, 0.119497], [34.87761, 0.119657], [34.878844, 0.120008], [34.880121, 0.120083], [34.881139, 0.119543], [34.882548, 0.119318], [34.883451, 0.118641], [34.88359, 0.117035], [34.882814, 0.115073], [34.881922, 0.11302], [34.882086, 0.111574], [34.882156, 0.109876], [34.882146, 0.109119], [34.881879, 0.107793], [34.881234, 0.105485], [34.880781, 0.103886], [34.881387, 0.103145], [34.882814, 0.102507], [34.883807, 0.101806], [34.885187, 0.101009], [34.886825, 0.100896], [34.887694, 0.101137], [34.888453, 0.1017], [34.889076, 0.102334], [34.889451, 0.103178], [34.889763, 0.104389], [34.890214, 0.105828], [34.891411, 0.106867], [34.89274, 0.107446], [34.893934, 0.10821], [34.895456, 0.107892], [34.897392, 0.107913], [34.899061, 0.108396], [34.90043, 0.108562], [34.901274, 0.108619], [34.90209, 0.108288], [34.902907, 0.108071], [34.904504, 0.108302], [34.906086, 0.109061], [34.90693, 0.109188], [34.908658, 0.108959], [34.909845, 0.109127], [34.911806, 0.109308], [34.912989, 0.109178], [34.91417, 0.108888], [34.915827, 0.108454], [34.916638, 0.10771], [34.917305, 0.106463], [34.917426, 0.105177], [34.917477, 0.103801], [34.918008, 0.102578], [34.9185, 0.101884], [34.919549, 0.101939], [34.920723, 0.101099], [34.92123, 0.099762], [34.92223, 0.099635], [34.922736, 0.099972], [34.9233, 0.099575], [34.924521, 0.098871], [34.926025, 0.09892], [34.926836, 0.098222], [34.9281, 0.097312], [34.928792, 0.096202], [34.928727, 0.094598], [34.929146, 0.093561], [34.929655, 0.092339], [34.929619, 0.091284], [34.929362, 0.090829], [34.929643, 0.08961], [34.930461, 0.089462], [34.931549, 0.089012], [34.932459, 0.088909], [34.933347, 0.08892], [34.934575, 0.088721], [34.936488, 0.088765], [34.938331, 0.088535], [34.940242, 0.088372], [34.941382, 0.088449], [34.942869, 0.08898], [34.945383, 0.089613]]}}, {"type": "Feature", "properties": {"name": "Ngaria", "length_km": 17.279, "dist_to_gulf_km": 70.124, "n_segments": 1}, "geometry": {"type": "LineString", "coordinates": [[35.247519, 0.393696], [35.248753, 0.393074], [35.249232, 0.392362], [35.250215, 0.391245], [35.250628, 0.390512], [35.250676, 0.390122], [35.251574, 0.388014], [35.252193, 0.387167], [35.251991, 0.386501], [35.252017, 0.385766], [35.252795, 0.385034], [35.253368, 0.384279], [35.254122, 0.383685], [35.255262, 0.383551], [35.255333, 0.382978], [35.25554, 0.382542], [35.256475, 0.382201], [35.256793, 0.382409], [35.257433, 0.382136], [35.257978, 0.382413], [35.258618, 0.381887], [35.259556, 0.381018], [35.26047, 0.38054], [35.261202, 0.379762], [35.262072, 0.379007], [35.262783, 0.377954], [35.263607, 0.376993], [35.263792, 0.376328], [35.264158, 0.376192], [35.264547, 0.37578], [35.264774, 0.375918], [35.265708, 0.375876], [35.26639, 0.376222], [35.267029, 0.376064], [35.267486, 0.375744], [35.268555, 0.376161], [35.269395, 0.376829], [35.270329, 0.376764], [35.271059, 0.376583], [35.272448, 0.376794], [35.274518, 0.377352], [35.276431, 0.37768], [35.277047, 0.377384], [35.277935, 0.377501], [35.278392, 0.377113], [35.278966, 0.376243], [35.279512, 0.376405], [35.280445, 0.376592], [35.280576, 0.377878], [35.28144, 0.378179], [35.281873, 0.378295], [35.282377, 0.377631], [35.28359, 0.376327], [35.284252, 0.376054], [35.285458, 0.376472], [35.286211, 0.376061], [35.286442, 0.375534], [35.286811, 0.374365], [35.287293, 0.373632], [35.288298, 0.373154], [35.288869, 0.372811], [35.288916, 0.372421], [35.289235, 0.372445], [35.289832, 0.371438], [35.290288, 0.371393], [35.291175, 0.371718], [35.291719, 0.372224], [35.292813, 0.372228], [35.293724, 0.3723], [35.294098, 0.371637], [35.294677, 0.370254], [35.295155, 0.370157], [35.295501, 0.370682], [35.296547, 0.370442], [35.29704, 0.369633], [35.298088, 0.369669], [35.299343, 0.369932], [35.3, 0.3698060316622697]]}}, {"type": "Feature", "properties": {"name": "Mirogi", "length_km": 17.096, "dist_to_gulf_km": 9.526, "n_segments": 1}, "geometry": {"type": "LineString", "coordinates": [[34.394415, -0.749768], [34.391987, -0.747819], [34.391, -0.746762], [34.389348, -0.744901], [34.388425, -0.74306], [34.38721, -0.741889], [34.38636, -0.740786], [34.386448, -0.740324], [34.386948, -0.73993], [34.386965, -0.739007], [34.387053, -0.73843], [34.387254, -0.737829], [34.387796, -0.736996], [34.387995, -0.735887], [34.388241, -0.735148], [34.388582, -0.734916], [34.389239, -0.734266], [34.389394, -0.733504], [34.389733, -0.732972], [34.389021, -0.732076], [34.388832, -0.731108], [34.388165, -0.730073], [34.387909, -0.729197], [34.387928, -0.728597], [34.387079, -0.727586], [34.386296, -0.726183], [34.38572, -0.725194], [34.385784, -0.724455], [34.386232, -0.723161], [34.386431, -0.722145], [34.386427, -0.721545], [34.386946, -0.720643], [34.387785, -0.719901], [34.388072, -0.718261], [34.388155, -0.716877], [34.388856, -0.71595], [34.38949, -0.715301], [34.390284, -0.714675], [34.391418, -0.713654], [34.392051, -0.712751], [34.393164, -0.7121], [34.394024, -0.71115], [34.395137, -0.710337], [34.395955, -0.710034], [34.396837, -0.708783], [34.397854, -0.707325], [34.39851, -0.706445], [34.398868, -0.705336], [34.39934, -0.704273], [34.399128, -0.703028], [34.398687, -0.701854], [34.398451, -0.70047], [34.39824, -0.699387], [34.398143, -0.698511], [34.397978, -0.69752], [34.39793, -0.697128], [34.3972, -0.697039], [34.396877, -0.696371], [34.397172, -0.696139], [34.397421, -0.695907], [34.397122, -0.695424], [34.396367, -0.694967], [34.395538, -0.693494], [34.39519, -0.692527], [34.394069, -0.691932], [34.39267, -0.690416], [34.392389, -0.689172], [34.392885, -0.688293], [34.393654, -0.687343], [34.394219, -0.686441], [34.395396, -0.685028], [34.395916, -0.68438], [34.395892, -0.684057], [34.395501, -0.683574], [34.39577, -0.682719], [34.395921, -0.681288], [34.395141, -0.68053], [34.395201, -0.679146], [34.39558, -0.67776], [34.3961, -0.67695], [34.396962, -0.676254], [34.397663, -0.675258], [34.398485, -0.675462], [34.398935, -0.674583], [34.398882, -0.673338], [34.399379, -0.672597], [34.399944, -0.671787], [34.400301, -0.670447], [34.400202, -0.66911], [34.400375, -0.667494], [34.400002, -0.666158], [34.400103, -0.663942], [34.40059, -0.661633], [34.400767, -0.660686], [34.400919, -0.659371], [34.401346, -0.658377], [34.401729, -0.657567], [34.402273, -0.65708], [34.404279, -0.657071], [34.405829, -0.657063], [34.407446, -0.656917], [34.409449, -0.656331], [34.410815, -0.656047], [34.411766, -0.654982], [34.412985, -0.652969], [34.413412, -0.651928], [34.413726, -0.651119], [34.413789, -0.650219], [34.414168, -0.648833], [34.414823, -0.647815], [34.415937, -0.647325], [34.416089, -0.645964], [34.416381, -0.645362], [34.416877, -0.644414], [34.417554, -0.643234], [34.417979, -0.641802], [34.418337, -0.640808], [34.419039, -0.639905], [34.420149, -0.638723], [34.420708, -0.636967], [34.420723, -0.635652], [34.420483, -0.633669], [34.420362, -0.632401], [34.420237, -0.630602], [34.420046, -0.629219], [34.419858, -0.628205], [34.419535, -0.627606], [34.419256, -0.626616], [34.419183, -0.625878], [34.419177, -0.624886]]}}, {"type": "Feature", "properties": {"name": "Kimugung", "length_km": 16.91, "dist_to_gulf_km": 37.385, "n_segments": 2}, "geometry": {"type": "MultiLineString", "coordinates": [[[35.235107, -0.419802], [35.23577, -0.418907], [35.236434, -0.417576], [35.236823, -0.416933], [35.236571, -0.416359], [35.235612, -0.415693], [35.235224, -0.415165], [35.235156, -0.414522], [35.235224, -0.413787], [35.235705, -0.413122], [35.23671, -0.412824], [35.237533, -0.41248], [35.238836, -0.41147], [35.239202, -0.411539], [35.239933, -0.411058], [35.240733, -0.410392], [35.241602, -0.409934], [35.242265, -0.410026]], [[35.250269, -0.40556], [35.250953, -0.405445]], [[35.250953, -0.405445], [35.25108224296891, -0.4055696087588702]], [[35.25108224296891, -0.4055696087588702], [35.251455, -0.405929], [35.251934, -0.405722], [35.251819, -0.405123], [35.252184, -0.405008], [35.252504, -0.4054], [35.252914, -0.405309], [35.253552, -0.404802], [35.253689, -0.40471], [35.254031, -0.404987], [35.254373, -0.404572], [35.254236, -0.403858], [35.254852, -0.403513], [35.255239, -0.403421], [35.256242, -0.4028], [35.257474, -0.402708], [35.258432, -0.402709], [35.259207, -0.40271], [35.260415, -0.401951], [35.260575, -0.40172], [35.261031, -0.401513], [35.261601, -0.401606], [35.262034, -0.401169], [35.262445, -0.4008], [35.262878, -0.401469], [35.26322, -0.401861], [35.263722, -0.401424], [35.265204, -0.401609], [35.265478, -0.401125], [35.265819, -0.400273], [35.266139, -0.399882], [35.266754, -0.399882], [35.267096, -0.399468], [35.267278, -0.398753], [35.267004, -0.397831], [35.267049, -0.396887], [35.267687, -0.396334], [35.268281, -0.396634], [35.269124, -0.396151], [35.269785, -0.39599], [35.269945, -0.395553], [35.270036, -0.394977], [35.270606, -0.394839], [35.270993, -0.394355], [35.271175, -0.393595], [35.271015, -0.393226], [35.270833, -0.392765], [35.270468, -0.392627], [35.270741, -0.392258], [35.270308, -0.392004], [35.26992, -0.391681], [35.270148, -0.391151], [35.26976, -0.390713], [35.269554, -0.390091], [35.27001, -0.389169], [35.270602, -0.388433], [35.270561233573844, -0.38825465928412606]], [[35.270561233573844, -0.38825465928412606], [35.270191, -0.386635], [35.270761, -0.385621], [35.271148, -0.384815], [35.271967, -0.381659], [35.274361, -0.380509], [35.275, -0.380071], [35.275523, -0.378205], [35.27566, -0.378689], [35.276367, -0.378252], [35.276891, -0.377262], [35.277917, -0.376133], [35.279034, -0.375558], [35.279877, -0.374591], [35.281428, -0.374063], [35.282454, -0.373487], [35.283593, -0.372705], [35.284756, -0.372061], [35.285714, -0.372039], [35.286512, -0.372131], [35.286946, -0.372362], [35.287995, -0.37234], [35.28861, -0.371626], [35.28906199225724, -0.37180926391716457]], [[35.28906199225724, -0.37180926391716457], [35.289636, -0.372042], [35.290115, -0.372365], [35.290754, -0.371905], [35.291096, -0.371168], [35.291414, -0.370338], [35.291391, -0.369739], [35.28906199225724, -0.37180926391716457]], [[35.28906199225724, -0.37180926391716457], [35.270561233573844, -0.38825465928412606]], [[35.270561233573844, -0.38825465928412606], [35.25108224296891, -0.4055696087588702]], [[35.25108224296891, -0.4055696087588702], [35.24679, -0.409385], [35.247567, -0.408513], [35.248256, -0.407834], [35.249419, -0.406701], [35.249671, -0.406264], [35.249968, -0.405943], [35.250953, -0.405445]]]}}, {"type": "Feature", "properties": {"name": "Koa", "length_km": 16.867, "dist_to_gulf_km": 23.237, "n_segments": 1}, "geometry": {"type": "MultiLineString", "coordinates": [[[34.699124, 0.220752], [34.700695, 0.220879], [34.702634, 0.221348], [34.703909, 0.221339], [34.705321, 0.221375], [34.70664, 0.221204], [34.707207, 0.220808], [34.707842, 0.220435], [34.708322, 0.220662], [34.709144, 0.221093], [34.709503, 0.220192], [34.710459, 0.220162], [34.711142, 0.220065], [34.711979, 0.219252], [34.714164, 0.219098], [34.714985, 0.219368], [34.715417, 0.219158], [34.71619, 0.219014], [34.716894, 0.218778], [34.71767, 0.218957], [34.719398, 0.218599], [34.720579, 0.218106], [34.721531, 0.217408], [34.721898, 0.217843], [34.723169, 0.217235], [34.724692, 0.216693], [34.72549, 0.216872], [34.726876, 0.216424], [34.728556, 0.215628], [34.729553, 0.214814], [34.730784, 0.215105], [34.732584, 0.215299], [34.733202477112854, 0.2153082532772676]], [[34.733202477112854, 0.2153082532772676], [34.734656, 0.21533], [34.736225, 0.214927], [34.73941, 0.214512], [34.74173, 0.21408], [34.74282, 0.213634], [34.743202, 0.212871], [34.743791, 0.212291], [34.744384, 0.212424], [34.745841, 0.212483], [34.746724, 0.211578], [34.74730905556176, 0.2112189062999414]], [[34.74730905556176, 0.2112189062999414], [34.748016, 0.210785], [34.749537, 0.210036], [34.750198, 0.210147], [34.750541, 0.210282], [34.74730905556176, 0.2112189062999414]], [[34.74730905556176, 0.2112189062999414], [34.733202477112854, 0.2153082532772676]], [[34.733202477112854, 0.2153082532772676], [34.681218, 0.230378], [34.681718, 0.229915], [34.682148, 0.228968], [34.682489, 0.22869], [34.683469, 0.228707], [34.683946, 0.228175], [34.684013, 0.227668], [34.684351, 0.22679], [34.685396, 0.22561], [34.685873, 0.225077], [34.686762, 0.224934], [34.68717, 0.22431], [34.687624, 0.223777], [34.688578, 0.222897], [34.689441, 0.221786], [34.6906, 0.220743], [34.691601, 0.220208], [34.6929, 0.219716], [34.693721, 0.219712], [34.694359, 0.21957], [34.694563, 0.219292], [34.694722, 0.219176], [34.695315, 0.219288], [34.696068, 0.219283], [34.697302, 0.219967], [34.698262, 0.220422], [34.699015, 0.220579]]]}}, {"type": "Feature", "properties": {"name": "Ol Doinyo Gara", "length_km": 16.83, "dist_to_gulf_km": 66.122, "n_segments": 2}, "geometry": {"type": "MultiLineString", "coordinates": [[[35.250425, 0.369909], [35.252536, 0.36913], [35.253524, 0.367582], [35.254586, 0.366699], [35.255128, 0.366143], [35.254886, 0.36463], [35.25517, 0.363273], [35.256008, 0.362759], [35.2565, 0.361698], [35.25698, 0.359375], [35.258473, 0.355801], [35.259323, 0.354048], [35.260403, 0.352683], [35.261189, 0.351435], [35.261633, 0.350168], [35.262376, 0.349173], [35.263047, 0.347881], [35.263766, 0.346818], [35.265118, 0.345174], [35.266837, 0.343895], [35.268149, 0.342918], [35.269755, 0.341662], [35.270771, 0.340757], [35.271945, 0.339551], [35.273098, 0.338667], [35.275409, 0.337313], [35.276582, 0.336085], [35.278051, 0.334853], [35.279152, 0.333235], [35.279916, 0.332126], [35.280383, 0.330836], [35.281211, 0.329174], [35.282832, 0.327138], [35.28432, 0.325516], [35.285109, 0.324567], [35.286433, 0.322419], [35.287237, 0.320643], [35.287948, 0.318731], [35.288999, 0.316516], [35.289876, 0.315383], [35.290754, 0.314203], [35.291747, 0.313252], [35.292945, 0.31223], [35.294782, 0.311409], [35.295775, 0.310412], [35.297021, 0.309619], [35.297951, 0.309219], [35.297973, 0.309196]], [[35.250425, 0.369909], [35.248941, 0.369407], [35.247775, 0.369959], [35.246428, 0.370051], [35.245125, 0.370235], [35.244006, 0.370948], [35.24332, 0.3715], [35.242886, 0.372213], [35.241538, 0.37242], [35.240053, 0.372328], [35.239162, 0.371731], [35.238386, 0.371386], [35.237061, 0.371087], [35.23528, 0.370788], [35.23167, 0.370421], [35.229158, 0.369823], [35.227422, 0.369364], [35.22564, 0.368996], [35.224453, 0.368697], [35.223265, 0.368743], [35.220706, 0.369686], [35.218878, 0.370032], [35.217027, 0.371135], [35.215153, 0.37217], [35.212845, 0.374148], [35.211177, 0.375666], [35.209303, 0.377529], [35.208617, 0.378863], [35.207656, 0.38045], [35.207313, 0.381554], [35.206705, 0.384083], [35.20634, 0.384382], [35.205564, 0.384819], [35.204559, 0.385234], [35.20392, 0.385809], [35.202983, 0.385856], [35.202252, 0.386086], [35.201499, 0.386983], [35.201066, 0.387649], [35.200564, 0.388385], [35.200039, 0.389098], [35.200108, 0.38958], [35.199538, 0.390523], [35.199036, 0.391695], [35.199038, 0.393027], [35.198856, 0.393947], [35.198559, 0.394108], [35.198651, 0.394314], [35.198925, 0.394406], [35.199016, 0.39459], [35.198788, 0.394958], [35.19856, 0.395532], [35.198104, 0.395601], [35.197738, 0.396015], [35.197876, 0.396865], [35.19879, 0.397163]]]}}, {"type": "Feature", "properties": {"name": "Kitoi", "length_km": 16.744, "dist_to_gulf_km": 29.603, "n_segments": 2}, "geometry": {"type": "MultiLineString", "coordinates": [[[35.158479, -0.46208], [35.159024, -0.461207], [35.158407, -0.460933], [35.157768, -0.460497], [35.157721, -0.460038], [35.158495, -0.459441], [35.158858, -0.458913], [35.159952, -0.458522], [35.160338, -0.458039], [35.160587, -0.457236], [35.16111, -0.456754], [35.161679, -0.456294], [35.161198, -0.455468], [35.161037, -0.454734], [35.16229, -0.454412], [35.163271, -0.454801], [35.164024, -0.454777], [35.164044, -0.453767], [35.165117, -0.454225], [35.165371, -0.455487], [35.165351, -0.456611], [35.165809, -0.457437], [35.165925, -0.458056], [35.166564, -0.458285], [35.167111, -0.458399], [35.167886, -0.458077], [35.168206, -0.458398], [35.16889, -0.45842], [35.169732, -0.457708], [35.169935, -0.456882], [35.170229, -0.456101], [35.170845, -0.456284], [35.170733, -0.45711], [35.170439, -0.457753], [35.171557, -0.458073], [35.172698, -0.458554], [35.172883, -0.459426], [35.173318, -0.460114], [35.174069, -0.459769], [35.174891, -0.460043], [35.175098, -0.460662], [35.175121, -0.461052], [35.175941, -0.460707], [35.17635, -0.460202], [35.176645, -0.459467], [35.176688, -0.458595], [35.177144, -0.45848], [35.177465, -0.459099], [35.177331, -0.460247], [35.177196, -0.461142], [35.177653, -0.461325], [35.178153, -0.460797], [35.178633, -0.461049], [35.179821, -0.462172], [35.179824, -0.463067], [35.180669, -0.463639], [35.182517, -0.46405], [35.183657, -0.464095], [35.184594, -0.464943], [35.18553, -0.465516], [35.186488, -0.465561], [35.187287, -0.465881], [35.187902, -0.465788], [35.188903, -0.464594], [35.189151, -0.463653], [35.18956, -0.463286], [35.19022, -0.462803], [35.190654, -0.463078], [35.19125, -0.464087]], [[35.197104, -0.466571], [35.197515, -0.467191], [35.197446, -0.467765], [35.19804, -0.468018], [35.198315, -0.468477], [35.198703, -0.46873], [35.199046, -0.469029], [35.199525, -0.469488], [35.199936, -0.469787], [35.200554, -0.469442], [35.201194, -0.469259], [35.201993, -0.470109], [35.202679, -0.470408], [35.203707, -0.471304], [35.204187, -0.47089], [35.204233, -0.469903], [35.204759, -0.469536], [35.205284, -0.470087], [35.206129, -0.470294], [35.206678, -0.469858], [35.207433, -0.4694], [35.208073, -0.468872], [35.207867, -0.467999], [35.207822, -0.466507], [35.207754, -0.465589], [35.207595, -0.464579], [35.20844, -0.464878], [35.20892, -0.464855], [35.209332, -0.464143], [35.209858, -0.463501], [35.210246, -0.462904], [35.21043, -0.461619], [35.210636, -0.460861], [35.211184, -0.460586], [35.21155, -0.460747], [35.212304, -0.460563], [35.213036, -0.460219], [35.214133, -0.460151], [35.214155, -0.460105], [35.21443, -0.459761], [35.214887, -0.458957], [35.214979, -0.458567], [35.215665, -0.458269], [35.216122, -0.457833], [35.215688, -0.456731], [35.21578, -0.455721], [35.215986, -0.455423], [35.216534, -0.456134], [35.216854, -0.456226], [35.217768, -0.455951], [35.217426, -0.45524], [35.217815, -0.453931], [35.218386, -0.453449], [35.219186, -0.453289], [35.219666, -0.453312], [35.219849, -0.452601], [35.219758, -0.451912], [35.219255, -0.452279], [35.218501, -0.452784], [35.217793, -0.452554], [35.217838, -0.45214], [35.218181, -0.452141], [35.218113, -0.451842], [35.218136, -0.451429], [35.21889, -0.451429], [35.218776, -0.450672], [35.218388, -0.450396], [35.218228, -0.449799], [35.218548, -0.449179], [35.218731, -0.448789], [35.218937, -0.448192], [35.219394, -0.447871], [35.219486, -0.446907], [35.219715, -0.446149], [35.220058, -0.446081], [35.220309, -0.446655], [35.220926, -0.446311], [35.221566, -0.445921], [35.221475, -0.445002], [35.222116, -0.443809], [35.223213, -0.442524], [35.224014, -0.440963], [35.224654, -0.439701], [35.225432, -0.438462], [35.226095, -0.437084], [35.226119, -0.43612], [35.226759, -0.435822], [35.227398, -0.436213], [35.227924, -0.435846], [35.227787, -0.434767], [35.228359, -0.434124], [35.228999, -0.433504], [35.229685, -0.432265], [35.229412, -0.431301], [35.229229, -0.430337], [35.229413, -0.428959], [35.229162, -0.428316], [35.229185, -0.427283], [35.229779, -0.426526], [35.230465, -0.426044], [35.231037, -0.426044], [35.231608, -0.425608], [35.231311, -0.425172], [35.230215, -0.423611], [35.230101, -0.423312], [35.231244, -0.42267], [35.23209, -0.421821], [35.232478, -0.421316], [35.232913, -0.420444], [35.233256, -0.419824], [35.233713, -0.41987], [35.23401, -0.420123], [35.234307, -0.420215], [35.235107, -0.419802]]]}}, {"type": "Feature", "properties": {"name": "Isoge", "length_km": 16.638, "dist_to_gulf_km": 45.768, "n_segments": 1}, "geometry": {"type": "LineString", "coordinates": [[35.125537, -0.767405], [35.124621, -0.768531], [35.124164, -0.768737], [35.123662, -0.76862], [35.123272, -0.769333], [35.123725, -0.770209], [35.123929, -0.770762], [35.123836, -0.771291], [35.123174, -0.771244], [35.122282, -0.772047], [35.122119, -0.772921], [35.12198, -0.773543], [35.122047, -0.774049], [35.122479, -0.774695], [35.122386, -0.775155], [35.121448, -0.775797], [35.121013, -0.776326], [35.120737, -0.77697], [35.120303, -0.777199], [35.119614, -0.778532], [35.118858, -0.779566], [35.118422, -0.78021], [35.118035, -0.780116], [35.117691, -0.780668], [35.116938, -0.78062], [35.116368, -0.780457], [35.115912, -0.780272], [35.11507, -0.779602], [35.114544, -0.780176], [35.114428, -0.780636], [35.114769, -0.78089], [35.11422, -0.781395], [35.113787, -0.781348], [35.113237, -0.782107], [35.112551, -0.782358], [35.112001, -0.783093], [35.111361, -0.783506], [35.110264, -0.784055], [35.109282, -0.78449], [35.108847, -0.784927], [35.108436, -0.784856], [35.107364, -0.784853], [35.10668, -0.784806], [35.106246, -0.784873], [35.106473, -0.785335], [35.10581, -0.78554], [35.104988, -0.785722], [35.10428, -0.786042], [35.103549, -0.786363], [35.102979, -0.786154], [35.10241, -0.785761], [35.10161, -0.786173], [35.100583, -0.786378], [35.099671, -0.785984], [35.098966, -0.785521], [35.098694, -0.784945], [35.098491, -0.784024], [35.097992, -0.783263], [35.097513, -0.783215], [35.097216, -0.783307], [35.096783, -0.783144], [35.096671, -0.782637], [35.096169, -0.782705], [35.095666, -0.782773], [35.095596, -0.783348], [35.094592, -0.783507], [35.09336, -0.783319], [35.092836, -0.783157], [35.09213, -0.782717], [35.091789, -0.782325], [35.091172, -0.782576], [35.09003, -0.782965], [35.089483, -0.782986], [35.089323, -0.783032], [35.088657, -0.784389], [35.087924, -0.785146], [35.087466, -0.785721], [35.087144, -0.786526], [35.08664, -0.786939], [35.086022, -0.78772], [35.085768, -0.78841], [35.085263, -0.789329], [35.085032, -0.790342], [35.084802, -0.790894], [35.084458, -0.791353], [35.084183, -0.791859], [35.083316, -0.791834], [35.082264, -0.792545], [35.081829, -0.793073], [35.081257, -0.793486], [35.080345, -0.793368], [35.079523, -0.793435], [35.07934, -0.793504], [35.079043, -0.793595], [35.078863, -0.792835], [35.078541, -0.793755], [35.078399, -0.795205], [35.077623, -0.795387], [35.077302, -0.795985], [35.077322, -0.796698], [35.076547, -0.796443], [35.076205, -0.796465], [35.075953, -0.796787], [35.075518, -0.797223], [35.075196, -0.797959], [35.074421, -0.797589], [35.073529, -0.798254], [35.072886, -0.799495], [35.072383, -0.800093], [35.071492, -0.800182], [35.070443, -0.800041], [35.069735, -0.800339], [35.068294, -0.801348], [35.066376, -0.801734], [35.065052, -0.802053], [35.064092, -0.802603], [35.063496, -0.80343], [35.062579, -0.80474], [35.061937, -0.805843], [35.061637, -0.806625], [35.060905, -0.807176], [35.059582, -0.807149], [35.058211, -0.807859], [35.056951, -0.80926], [35.056219, -0.810041], [35.055602, -0.810316], [35.054573, -0.811027], [35.053362, -0.81153], [35.051763, -0.811963], [35.050257, -0.811844], [35.048934, -0.811887], [35.047564, -0.812044], [35.046743, -0.812203], [35.045831, -0.811993], [35.045739, -0.812016], [35.045353, -0.811532], [35.044786, -0.810402], [35.044196, -0.809479], [35.043583, -0.808603], [35.042924, -0.807726], [35.041808, -0.806963], [35.040784, -0.806201], [35.03992, -0.805485], [35.038505, -0.805366], [35.035674, -0.806095], [35.034123, -0.805768], [35.032914, -0.805673], [35.031999, -0.806292], [35.031153, -0.807004], [35.030034, -0.8073], [35.028642, -0.807227], [35.027684, -0.807155], [35.026862, -0.807452], [35.025126, -0.807954], [35.024143, -0.808527], [35.022909, -0.809123], [35.021262, -0.810269], [35.020827, -0.81066], [35.020461, -0.81105], [35.020368, -0.81174], [35.019795, -0.812499], [35.019314, -0.812866], [35.017739, -0.813115], [35.016458, -0.81424]]}}, {"type": "Feature", "properties": {"name": "Sogororbei", "length_km": 16.569, "dist_to_gulf_km": 66.486, "n_segments": 2}, "geometry": {"type": "LineString", "coordinates": [[35.215642119047615, -0.9500000000000001], [35.215199, -0.948994], [35.214402, -0.948461], [35.214359, -0.948047], [35.214408, -0.947426], [35.213864, -0.946687], [35.212884, -0.946313], [35.212179, -0.945826], [35.209558, -0.944682], [35.209287, -0.944221], [35.208405, -0.942675], [35.208155, -0.94242], [35.207565, -0.94175], [35.207272, -0.941081], [35.206934, -0.940367], [35.207146, -0.939265], [35.206921, -0.938643], [35.206606, -0.937836], [35.205609, -0.936313], [35.204904, -0.935848], [35.204224, -0.934856], [35.203615, -0.933633], [35.202711, -0.931972], [35.202102, -0.93052], [35.201925, -0.929531], [35.201957, -0.928014], [35.202124, -0.926866], [35.202267, -0.925833], [35.202641, -0.92441]]}}, {"type": "Feature", "properties": {"name": "Feradzi", "length_km": 15.843, "dist_to_gulf_km": 27.007, "n_segments": 1}, "geometry": {"type": "LineString", "coordinates": [[34.500125, 0.202747], [34.50106, 0.202787], [34.501681, 0.203981], [34.502411, 0.204207], [34.502917, 0.205126], [34.503354, 0.20609], [34.503266, 0.206989], [34.503771, 0.207654], [34.504869, 0.2085], [34.505761, 0.209301], [34.506791, 0.210008], [34.508482, 0.211035], [34.509373, 0.21126], [34.510468, 0.21123], [34.511633, 0.21173], [34.512821, 0.212345], [34.513689, 0.212501], [34.514398, 0.213096], [34.514924, 0.213438], [34.515837, 0.213548], [34.516866, 0.21421], [34.517209, 0.214484], [34.518073, 0.213788], [34.519235, 0.213367], [34.520923, 0.213403], [34.522405, 0.213302], [34.523293, 0.212929], [34.524366, 0.213268], [34.526991, 0.21369], [34.527974, 0.214214], [34.529778, 0.214825], [34.530782, 0.214934], [34.532058, 0.214443], [34.533241, 0.213768], [34.535202, 0.213596], [34.5365, 0.213058], [34.537319, 0.212432], [34.539921, 0.212946], [34.542205, 0.213624], [34.542844, 0.213896], [34.543254, 0.213687], [34.543598, 0.214122], [34.544263, 0.215063], [34.545106, 0.214919], [34.546294, 0.215304], [34.546887, 0.215208], [34.548004, 0.215087], [34.549212, 0.214964], [34.550693, 0.214518], [34.552288, 0.214025], [34.553677, 0.213579], [34.554704, 0.213735], [34.555912, 0.213543], [34.557029, 0.213168], [34.557574, 0.212589], [34.558303, 0.212401], [34.559077, 0.21212], [34.559579, 0.211979], [34.560263, 0.212113], [34.560924, 0.211948], [34.561859, 0.211781], [34.562565, 0.211685], [34.56318, 0.211474], [34.564367, 0.211674], [34.565531, 0.211737], [34.566533, 0.211408], [34.567877, 0.211055], [34.569063, 0.210956], [34.571323, 0.21138], [34.573148, 0.211438], [34.574127, 0.211064], [34.575354, 0.209975], [34.576584, 0.209323], [34.578179, 0.208922], [34.579208, 0.209607], [34.580213, 0.210015], [34.58124, 0.210216], [34.581696, 0.210099], [34.582675, 0.209701], [34.584519, 0.208861], [34.584952, 0.208629], [34.58527, 0.208396], [34.586322, 0.20915], [34.587372, 0.209236], [34.588284, 0.209093], [34.589926, 0.20906], [34.591158, 0.209191], [34.592962, 0.209779], [34.593805, 0.209636], [34.594738, 0.209101], [34.595626, 0.208727], [34.596836, 0.208881], [34.597978, 0.209289], [34.599143, 0.209858], [34.600013, 0.210636], [34.600633, 0.2116], [34.601362, 0.211549], [34.603485, 0.211928], [34.604626, 0.211991], [34.605378, 0.211917], [34.606383, 0.21228], [34.608095, 0.212477], [34.609305, 0.212976], [34.610631, 0.213798], [34.611638, 0.214552], [34.613694, 0.215438], [34.614585, 0.215801], [34.61575, 0.216324], [34.617371, 0.216706], [34.619036, 0.216627], [34.620313, 0.216551], [34.622047, 0.216748], [34.623051, 0.216926], [34.623871, 0.216714], [34.625764, 0.216541], [34.627474, 0.216485], [34.628341, 0.216457], [34.629869, 0.216448]]}}, {"type": "Feature", "properties": {"name": "Chepkoisi or Kiptiget", "length_km": 15.824, "dist_to_gulf_km": 42.638, "n_segments": 1}, "geometry": {"type": "LineString", "coordinates": [[35.3, -0.5496652948207209], [35.299961, -0.54969], [35.299094, -0.549939], [35.298341, -0.550141], [35.29727, -0.550114], [35.297294, -0.549565], [35.296952, -0.54938], [35.296427, -0.549927], [35.296108, -0.549606], [35.295745, -0.54894], [35.294034, -0.549528], [35.292417, -0.548606], [35.291688, -0.548672], [35.291208, -0.549036], [35.291005, -0.54828], [35.29064, -0.548301], [35.290251, -0.548734], [35.289387, -0.547975], [35.288841, -0.547653], [35.288293, -0.547765], [35.287723, -0.54806], [35.286424, -0.547734], [35.286035, -0.548305], [35.285874, -0.548784], [35.285578, -0.548554], [35.285099, -0.54901], [35.284688, -0.549329], [35.283413, -0.54866], [35.282478, -0.548633], [35.281817, -0.548333], [35.281225, -0.54817], [35.280816, -0.547756], [35.280132, -0.547776], [35.279834, -0.54821], [35.279468, -0.548758], [35.278989, -0.548984], [35.278626, -0.548434], [35.278331, -0.547769], [35.277373, -0.547902], [35.276529, -0.548196], [35.276142, -0.547965], [35.27619, -0.547027], [35.275575, -0.546613], [35.274937, -0.546427], [35.27455, -0.546471], [35.274093, -0.546744], [35.273318, -0.546512], [35.272566, -0.5466], [35.271358, -0.546618], [35.270675, -0.546066], [35.270449, -0.545218], [35.269904, -0.544552], [35.269675, -0.544917], [35.269673, -0.545489], [35.269011, -0.546036], [35.26794, -0.545917], [35.266914, -0.545684], [35.266482, -0.545545], [35.266118, -0.545177], [35.26573, -0.54529], [35.265295, -0.545906], [35.264725, -0.546224], [35.264155, -0.546084], [35.263653, -0.546265], [35.263083, -0.546194], [35.262764, -0.546284], [35.262603, -0.546993], [35.26251, -0.547611], [35.261939, -0.548066], [35.261186, -0.548475], [35.260661, -0.54861], [35.260091, -0.548768], [35.258765, -0.550044], [35.258627, -0.550844], [35.258169, -0.551392], [35.256758, -0.550424], [35.254752, -0.550416], [35.254841, -0.551172], [35.254316, -0.551398], [35.253951, -0.551557], [35.253406, -0.550914], [35.252906, -0.550156], [35.252586, -0.550453], [35.251947, -0.550747], [35.251219, -0.550309], [35.250444, -0.550283], [35.250055, -0.550533]]}}, {"type": "Feature", "properties": {"name": "Garagoli", "length_km": 15.521, "dist_to_gulf_km": 17.282, "n_segments": 1}, "geometry": {"type": "LineString", "coordinates": [[34.769741, 0.165937], [34.770721, 0.165977], [34.771403, 0.165789], [34.772539, 0.16507], [34.773767, 0.16458], [34.774289, 0.164278], [34.775267, 0.163882], [34.775809, 0.162891], [34.776445, 0.162612], [34.776314, 0.163623], [34.77711, 0.163342], [34.777856, 0.162098], [34.778896, 0.160668], [34.779484, 0.15986], [34.779826, 0.159743], [34.780143, 0.159535], [34.780141, 0.159122], [34.779612, 0.15823], [34.779906, 0.1577], [34.78114, 0.158427], [34.782417, 0.158487], [34.783997, 0.160038], [34.785347, 0.160948], [34.786327, 0.160942], [34.787397, 0.16082], [34.787946, 0.161115], [34.788515, 0.160951], [34.788079, 0.16038], [34.787847, 0.159761], [34.788893, 0.15925], [34.789914, 0.15844], [34.79078, 0.158549], [34.791602, 0.158819], [34.792678, 0.159662], [34.794162, 0.160203], [34.794758, 0.160796], [34.795218, 0.161643], [34.795544, 0.162927], [34.796004, 0.163773], [34.79708, 0.164662], [34.798332, 0.164401], [34.800241, 0.16331], [34.802223, 0.163343], [34.803775, 0.163724], [34.804669, 0.164613], [34.805016, 0.165575], [34.805587, 0.165939], [34.806364, 0.166232], [34.807134, 0.165447], [34.808406, 0.164636], [34.809566, 0.164284], [34.81084, 0.163771], [34.812069, 0.16351], [34.813207, 0.163319], [34.813621, 0.16396], [34.81392, 0.164555], [34.815013, 0.164226], [34.815899, 0.163807], [34.816782, 0.162815], [34.817047, 0.161068], [34.81939, 0.16041], [34.821258, 0.160169], [34.824857, 0.160054], [34.82547, 0.159499], [34.82635, 0.15791], [34.826228, 0.156487], [34.82595, 0.155502], [34.825785, 0.154608], [34.826421, 0.154121], [34.82774, 0.153677], [34.827964, 0.152872], [34.827455, 0.151567], [34.826607, 0.150608], [34.825034, 0.150503], [34.822624, 0.151483], [34.820505, 0.151657], [34.819547, 0.151456], [34.818655, 0.15075], [34.818877, 0.149762], [34.819441, 0.148748], [34.81985, 0.148447], [34.821085, 0.149357], [34.821605, 0.148436], [34.822517, 0.148545], [34.823312, 0.148172], [34.824469, 0.147132], [34.826108, 0.146754], [34.827645, 0.144426], [34.827978, 0.142863], [34.825851, 0.141361], [34.82434, 0.140154], [34.823969, 0.138985], [34.82394, 0.137746], [34.824432, 0.135906], [34.824563, 0.134987], [34.82481, 0.13432], [34.82538, 0.13427], [34.826521, 0.134562], [34.828159, 0.134138], [34.828312, 0.132805], [34.828102, 0.131911], [34.829078, 0.131216], [34.829872, 0.130477], [34.830938, 0.129644], [34.831709, 0.128996], [34.832736, 0.129104], [34.834059, 0.129463], [34.834716, 0.128793], [34.835214, 0.128147], [34.8358, 0.12695], [34.836321, 0.126373], [34.837118, 0.12623], [34.837251, 0.125494], [34.837428, 0.124437], [34.837676, 0.124045], [34.838637, 0.124659]]}}, {"type": "Feature", "properties": {"name": "Kingwal", "length_km": 15.374, "dist_to_gulf_km": 49.449, "n_segments": 2}, "geometry": {"type": "MultiLineString", "coordinates": [[[35.084504, 0.28778], [35.085938, 0.288911], [35.087009, 0.289489], [35.088194, 0.290228], [35.089037, 0.290713], [35.089858, 0.290922], [35.090656, 0.291177], [35.092047, 0.29171], [35.093483, 0.292381], [35.094304, 0.292475], [35.095014, 0.29188], [35.095609, 0.291422], [35.096503, 0.290459], [35.097441, 0.289657], [35.098287, 0.28936], [35.098427, 0.288418], [35.099846, 0.28725], [35.100716, 0.286494], [35.101722, 0.286129], [35.102955, 0.285926], [35.104187, 0.286228], [35.105627, 0.285795], [35.107021, 0.285409], [35.108436, 0.285459], [35.10892, 0.28392], [35.109975, 0.282682], [35.110708, 0.281925], [35.110733, 0.281144], [35.110986, 0.280616], [35.111442, 0.280847], [35.111673, 0.28002], [35.111835, 0.279354], [35.11284, 0.279104], [35.11314, 0.278139], [35.113712, 0.277635], [35.114445, 0.277063], [35.115064, 0.276122], [35.116096, 0.274768], [35.116808, 0.273575], [35.117176, 0.272565], [35.118436, 0.271511], [35.119512, 0.270434], [35.12004, 0.269539], [35.121022, 0.269496], [35.122211, 0.268832], [35.123174, 0.267686], [35.123132, 0.266513], [35.123043, 0.265915], [35.123683, 0.265503], [35.125349, 0.265738], [35.126831, 0.266202], [35.127701, 0.265515], [35.127886, 0.264826], [35.128936, 0.264714], [35.129576, 0.264693], [35.130034, 0.264188], [35.130991, 0.264766], [35.131398, 0.265825], [35.131669, 0.266745], [35.132583, 0.266495], [35.132791, 0.26576], [35.132359, 0.265092], [35.132887, 0.264404], [35.13421, 0.264706], [35.135053, 0.265145], [35.135736, 0.26563], [35.136121, 0.266436], [35.136963, 0.267197], [35.137538, 0.266141], [35.137861, 0.265131], [35.13809, 0.264832], [35.138728, 0.265133], [35.139345, 0.264974], [35.139805, 0.263918], [35.13972, 0.262056], [35.140385, 0.261253], [35.141117, 0.260818], [35.141646, 0.25951], [35.142036, 0.258844], [35.141879, 0.258246], [35.142407, 0.257351], [35.143688, 0.256343], [35.144214, 0.256069], [35.143669, 0.255171], [35.143763, 0.254573], [35.144311, 0.254368], [35.146023, 0.254442], [35.146547, 0.254834], [35.146846, 0.254169], [35.147053, 0.253778], [35.148079, 0.254057], [35.149291, 0.253463], [35.149634, 0.253211], [35.150134, 0.253879], [35.150431, 0.253673], [35.151233, 0.252756]], [[35.179252, 0.270281], [35.180166, 0.270832], [35.181056, 0.271453], [35.181718, 0.272005], [35.182289, 0.272327], [35.182654, 0.272764], [35.182883, 0.273155], [35.183933, 0.273592], [35.184642, 0.273109], [35.185692, 0.273247], [35.1864, 0.27366], [35.18672, 0.274074], [35.187588, 0.27366], [35.188868, 0.272925], [35.189759, 0.272993], [35.189918, 0.273614], [35.190512, 0.274534], [35.191425, 0.27504], [35.192156, 0.274994], [35.193504, 0.275063], [35.194852, 0.274718], [35.195674, 0.275109], [35.196291, 0.275638], [35.197821, 0.276373], [35.199146, 0.27704], [35.200356, 0.277822], [35.200949, 0.278627], [35.202023, 0.279018], [35.202366, 0.278259], [35.203348, 0.279063], [35.20417, 0.279224], [35.205404, 0.278741], [35.206592, 0.277822], [35.207438, 0.27727], [35.207712, 0.276419], [35.208215, 0.275913], [35.208673, 0.275108], [35.20954, 0.275453], [35.209769, 0.274993]]]}}, {"type": "Feature", "properties": {"name": "Nang'eni", "length_km": 15.198, "dist_to_gulf_km": 44.378, "n_segments": 1}, "geometry": {"type": "LineString", "coordinates": [[34.3845968921095, 0.4], [34.384641, 0.399951], [34.38633, 0.399032], [34.387745, 0.398665], [34.389548, 0.398414], [34.391808, 0.397909], [34.393519, 0.397082], [34.394227, 0.396116], [34.395117, 0.39568], [34.395825, 0.395105], [34.396578, 0.394231], [34.398678, 0.392806], [34.400938, 0.391565], [34.402992, 0.3906], [34.403129, 0.390554], [34.404703, 0.389911], [34.406233, 0.388739], [34.407899, 0.387912], [34.408835, 0.386716], [34.410478, 0.385313], [34.411095, 0.384485], [34.412099, 0.383428], [34.41283, 0.382277], [34.41299, 0.38161], [34.414747, 0.380231], [34.416573, 0.378806], [34.418034, 0.377886], [34.419107, 0.377128], [34.419701, 0.375586], [34.419975, 0.374413], [34.419975, 0.37439]]}}, {"type": "Feature", "properties": {"name": "Ainopsiwa", "length_km": 14.738, "dist_to_gulf_km": 40.178, "n_segments": 1}, "geometry": {"type": "LineString", "coordinates": [[35.192678, 0.001507], [35.192178, 0.00199], [35.191564, 0.002198], [35.191679, 0.002679], [35.192204, 0.003068], [35.192227, 0.003435], [35.19175, 0.00362], [35.191158, 0.003713], [35.191023, 0.004218], [35.19107, 0.004838], [35.191003, 0.005297], [35.190798, 0.005159], [35.19025, 0.004817], [35.189841, 0.004978], [35.189843, 0.005552], [35.190504, 0.006124], [35.191005, 0.006122], [35.191528, 0.005662], [35.191755, 0.005731], [35.191643, 0.006259], [35.190123, 0.008121], [35.189714, 0.008535], [35.189329, 0.009339], [35.189012, 0.010119], [35.188877, 0.010647], [35.188946, 0.010991], [35.188428, 0.01292], [35.189158, 0.013629], [35.190072, 0.014682], [35.190347, 0.015416], [35.189303, 0.016589], [35.188896, 0.017576], [35.188831, 0.018976], [35.188539, 0.020537], [35.18804, 0.020974], [35.187496, 0.02187], [35.187134, 0.022857], [35.186567, 0.023616], [35.186683, 0.024373], [35.186844, 0.025083], [35.185912, 0.025545], [35.18612, 0.026576], [35.186054, 0.027724], [35.186056, 0.028412], [35.186443, 0.028457], [35.186377, 0.029306], [35.186788, 0.029764], [35.187336, 0.030221], [35.188114, 0.031573], [35.187546, 0.032102], [35.187205, 0.032447], [35.187253, 0.033135], [35.186594, 0.033619], [35.185983, 0.035066], [35.185644, 0.035961], [35.185213, 0.036788], [35.184532, 0.037249], [35.18394, 0.037434], [35.18269, 0.038056], [35.181734, 0.038196], [35.180779, 0.038451], [35.179482, 0.038867], [35.177638, 0.038711], [35.177799, 0.039491], [35.179168, 0.040658], [35.180102, 0.040931], [35.180879, 0.042076], [35.180812, 0.042489], [35.181495, 0.042396], [35.182247, 0.042738], [35.182659, 0.043517], [35.182206, 0.044504], [35.180978, 0.045012], [35.180048, 0.046093], [35.179004, 0.04722], [35.178641, 0.047794], [35.178393, 0.048552], [35.177506, 0.049036], [35.176846, 0.049244], [35.176802, 0.049795], [35.177829, 0.050435], [35.178081, 0.051283], [35.1779, 0.051559], [35.176785, 0.051653], [35.175374, 0.051955], [35.175762, 0.052482], [35.177039, 0.053167], [35.177997, 0.053761], [35.178317, 0.054448], [35.177977, 0.054702], [35.177201, 0.054199], [35.176611, 0.054865], [35.177251, 0.05585], [35.17773, 0.056262], [35.178619, 0.056558], [35.179348, 0.056786], [35.179759, 0.057221], [35.180306, 0.057541], [35.180831, 0.058044], [35.181219, 0.058433], [35.181948, 0.058638], [35.18277, 0.059508], [35.183501, 0.060309], [35.183435, 0.061227], [35.182914, 0.061939], [35.182186, 0.062285], [35.18171, 0.063021], [35.181256, 0.063549], [35.180461, 0.064125], [35.180348, 0.064492], [35.180555, 0.065134], [35.180738, 0.065547], [35.180603, 0.066258], [35.179444, 0.067064], [35.178493, 0.068787], [35.178132, 0.070211], [35.177633, 0.070694], [35.17736, 0.070924], [35.176631, 0.070857], [35.17513, 0.071273], [35.173992, 0.071506], [35.172784, 0.071004], [35.171873, 0.070914], [35.170644, 0.071009], [35.169552, 0.070989], [35.168414, 0.071107], [35.167732, 0.071613], [35.166594, 0.071776], [35.165914, 0.07281], [35.165756, 0.073499], [35.165349, 0.074211], [35.164668, 0.075062], [35.16467, 0.075704], [35.164012, 0.076532], [35.162535, 0.077614], [35.160987, 0.077847], [35.160078, 0.078194], [35.15901, 0.078976], [35.158489, 0.079918], [35.157968, 0.081136], [35.157879, 0.081778], [35.158268, 0.082649], [35.158956, 0.084208]]}}, {"type": "Feature", "properties": {"name": "Kapsumbeiwa", "length_km": 14.721, "dist_to_gulf_km": 51.827, "n_segments": 2}, "geometry": {"type": "MultiLineString", "coordinates": [[[35.250346, 0.1234], [35.251694, 0.122208], [35.252699, 0.121245], [35.253658, 0.120581], [35.255029, 0.11955], [35.255988, 0.118863], [35.256581, 0.118588], [35.256808, 0.118865], [35.257858, 0.118545], [35.258474, 0.118133], [35.258795, 0.117513], [35.259138, 0.11717], [35.259776, 0.11724], [35.260461, 0.116828], [35.261032, 0.116393], [35.26247, 0.115638], [35.263178, 0.115019], [35.263453, 0.114537], [35.264229, 0.114102], [35.264845, 0.114218], [35.265803, 0.114013], [35.266852, 0.113671], [35.267537, 0.113305], [35.269203, 0.112482], [35.270436, 0.111657], [35.271669, 0.111131], [35.272262, 0.111064], [35.272925, 0.110307], [35.273449, 0.11017], [35.273611, 0.109367], [35.273613, 0.108516], [35.274799, 0.10822], [35.27537, 0.107739], [35.275872, 0.107602], [35.275987, 0.106982], [35.276786, 0.106662], [35.277973, 0.106182], [35.27843, 0.105425], [35.27866, 0.104667], [35.2793, 0.103911], [35.279895, 0.10297], [35.280672, 0.102466], [35.281197, 0.101962], [35.281677, 0.101618], [35.282566, 0.101551], [35.28382, 0.101439], [35.284618, 0.101349], [35.285759, 0.101191], [35.287377, 0.101171], [35.288358, 0.100921], [35.289134, 0.100509], [35.28991, 0.100258], [35.290412, 0.100121], [35.290665, 0.099387], [35.291235, 0.099066], [35.292192, 0.099574], [35.292624, 0.099759], [35.292944, 0.099598], [35.293355, 0.09937], [35.293926, 0.098911], [35.294383, 0.098637], [35.294702, 0.098431], [35.295751, 0.098594], [35.296253, 0.098135], [35.296323, 0.097653], [35.296961, 0.097792], [35.298171, 0.096807], [35.297991, 0.096025], [35.298335, 0.095176], [35.299065, 0.094971], [35.299477, 0.094168], [35.3, 0.09374158686730683]], [[35.250346, 0.1234], [35.249013, 0.124752], [35.248377, 0.125396], [35.247355, 0.126041], [35.246218, 0.126594], [35.244899, 0.127056], [35.24399, 0.127609], [35.243262, 0.127932], [35.242194, 0.128439], [35.241444, 0.128946], [35.240694, 0.129338], [35.239465, 0.129456], [35.237782, 0.130089], [35.237124, 0.130461], [35.236032, 0.130585], [35.234946, 0.131374], [35.234562, 0.131767], [35.234337, 0.132205], [35.233701, 0.13237], [35.232927, 0.132331], [35.232338, 0.132817], [35.231885, 0.133073], [35.231572, 0.133787], [35.23133, 0.134936], [35.230743, 0.135606], [35.229426, 0.136007], [35.228292, 0.136635], [35.227793, 0.136869], [35.226524, 0.137613], [35.225367, 0.138196], [35.22444, 0.139075], [35.223788, 0.140136], [35.223314, 0.140621], [35.223268, 0.140668]]]}}, {"type": "Feature", "properties": {"name": "Mayenya", "length_km": 14.646, "dist_to_gulf_km": 1.057, "n_segments": 2}, "geometry": {"type": "MultiLineString", "coordinates": [[[34.811237, -0.138698], [34.812468, -0.137531], [34.813337, -0.13581], [34.814207, -0.13409], [34.814827, -0.132322], [34.814443, -0.131699], [34.814514, -0.130802], [34.8157, -0.129451], [34.816226, -0.128557], [34.816887, -0.127985], [34.816685, -0.12734], [34.816801, -0.126743], [34.817346, -0.126768], [34.817507, -0.126309], [34.81812, -0.126128], [34.819257, -0.125766], [34.819261, -0.1248], [34.820057, -0.124574], [34.821398, -0.124166], [34.82185, -0.124927], [34.822849, -0.124978], [34.823778, -0.125718], [34.824824, -0.125194], [34.825961, -0.124832], [34.826736, -0.124169], [34.826647, -0.123593], [34.827398, -0.12316], [34.82897, -0.122018], [34.828359, -0.121256], [34.82759, -0.120539], [34.827615, -0.119918], [34.828322, -0.119071]], [[34.828322, -0.119071], [34.828437, -0.118634]], [[34.828322, -0.119071], [34.829426, -0.118753], [34.829903, -0.118773], [34.830652, -0.118539], [34.831222, -0.118858], [34.831542, -0.119155], [34.831999, -0.119451], [34.832496, -0.11892], [34.833676, -0.11866], [34.834309, -0.117898], [34.834788, -0.118286], [34.835354, -0.117869], [34.835803, -0.116878], [34.835665, -0.116465], [34.835593, -0.115845], [34.836182, -0.115474], [34.836682, -0.11554], [34.836721, -0.114344], [34.836987, -0.113101], [34.837949, -0.114383], [34.838654, -0.114471], [34.838445, -0.113691], [34.839513, -0.113524], [34.840146, -0.113014], [34.840739, -0.113195], [34.841374, -0.112962], [34.840925, -0.113999], [34.841899, -0.113395], [34.843052, -0.112262], [34.843558, -0.113294], [34.843337, -0.11433], [34.843679, -0.11465], [34.844477, -0.115014], [34.845184, -0.115446], [34.845166, -0.116297], [34.846123, -0.116568], [34.847148, -0.116999], [34.848417, -0.116325], [34.849371, -0.116182], [34.849509, -0.116434], [34.849377, -0.117216], [34.85031, -0.117326], [34.851087, -0.118104], [34.85125, -0.118792], [34.851731, -0.119526], [34.851935, -0.119294], [34.852156, -0.118144], [34.852861, -0.118278], [34.853336, -0.117815], [34.853516, -0.117469], [34.854333, -0.117166], [34.855152, -0.117299], [34.85533, -0.116585], [34.856051, -0.115593], [34.856547, -0.114693], [34.857414, -0.115286], [34.858549, -0.114981], [34.859205, -0.114449], [34.859271, -0.114011], [34.86011, -0.113616], [34.860514, -0.112809], [34.861155, -0.113587], [34.862359, -0.113373], [34.86215, -0.112639], [34.862192, -0.112064], [34.862644, -0.111441], [34.863711, -0.111251], [34.863477, -0.110102], [34.863543, -0.109734], [34.864248, -0.109753], [34.864792, -0.109359], [34.865929, -0.109514], [34.866446, -0.108477], [34.866439, -0.107258], [34.867704, -0.105756], [34.868571, -0.106395], [34.86962, -0.106895], [34.870181, -0.105628], [34.870218, -0.104064], [34.870417, -0.10312], [34.870616, -0.102016], [34.871247, -0.101024], [34.873153, -0.100438], [34.875763, -0.099642], [34.877941, -0.098871], [34.880049, -0.097825], [34.882364, -0.097191], [34.883027, -0.097854], [34.88421, -0.097986], [34.884799, -0.097637], [34.886684, -0.097305], [34.889456, -0.097014], [34.893544, -0.096324]]]}}, {"type": "Feature", "properties": {"name": "Kibugu", "length_km": 14.578, "dist_to_gulf_km": 13.245, "n_segments": 1}, "geometry": {"type": "LineString", "coordinates": [[34.431282, -0.748069], [34.430868, -0.747448], [34.430909, -0.746433], [34.431112, -0.745833], [34.431909, -0.745438], [34.432615, -0.745043], [34.433118, -0.745087], [34.433506, -0.745201], [34.433938, -0.744599], [34.434576, -0.744435], [34.434825, -0.743881], [34.435504, -0.742633], [34.436665, -0.741729], [34.437484, -0.741126], [34.43771, -0.740618], [34.438689, -0.739853], [34.438912, -0.738676], [34.439317, -0.737383], [34.439951, -0.736135], [34.44059, -0.736133], [34.441321, -0.736061], [34.441683, -0.735322], [34.442614, -0.734096], [34.44318, -0.733194], [34.443588, -0.732408], [34.444018, -0.731484], [34.44438, -0.730722], [34.444874, -0.728921], [34.445211, -0.727675], [34.445413, -0.726844], [34.445842, -0.725758], [34.445997, -0.724697], [34.447222, -0.723054], [34.448698, -0.721204], [34.450245, -0.719883], [34.450882, -0.719212], [34.451995, -0.718032], [34.453155, -0.716897], [34.454155, -0.715994], [34.454629, -0.714701], [34.455675, -0.713589], [34.456378, -0.712641], [34.457427, -0.712337], [34.458609, -0.711041], [34.459269, -0.710554], [34.459427, -0.710254], [34.459672, -0.708777], [34.459599, -0.707694], [34.459684, -0.706494], [34.460205, -0.705339], [34.460977, -0.704575], [34.460516, -0.703424], [34.460262, -0.702917], [34.460121, -0.701926], [34.459728, -0.700844], [34.459791, -0.699737], [34.459831, -0.698515], [34.458893, -0.697965], [34.458135, -0.696953], [34.457996, -0.696469], [34.457786, -0.695663], [34.457395, -0.694834], [34.457573, -0.693819], [34.456837, -0.69283], [34.456423, -0.691979], [34.456121, -0.690804], [34.45607, -0.689766], [34.456592, -0.689026], [34.457574, -0.689091], [34.458629, -0.689941], [34.459635, -0.69026], [34.460572, -0.690463], [34.46187, -0.689743], [34.462825, -0.688817], [34.463414, -0.687708], [34.464545, -0.685421], [34.464977, -0.684958], [34.465637, -0.684356], [34.466594, -0.683891], [34.467985, -0.683493], [34.470082, -0.682678], [34.471699, -0.681703], [34.473063, -0.680429], [34.473653, -0.679528], [34.473826, -0.67729], [34.474365, -0.67542], [34.475587, -0.672971], [34.477039, -0.67089], [34.478106, -0.669502], [34.479849, -0.665967], [34.480044, -0.663752], [34.478941, -0.66205], [34.477811, -0.65961], [34.477602, -0.658873], [34.477548, -0.657029], [34.47713, -0.65537], [34.477032, -0.653987], [34.476725, -0.651543], [34.476492, -0.650483], [34.475848, -0.64961], [34.475275, -0.648966], [34.474359, -0.648393], [34.47342, -0.647728]]}}, {"type": "Feature", "properties": {"name": "Lugusida", "length_km": 14.552, "dist_to_gulf_km": 31.099, "n_segments": 2}, "geometry": {"type": "MultiLineString", "coordinates": [[[34.876121, 0.251072], [34.876683, 0.249599], [34.87775, 0.248766], [34.879226, 0.247838], [34.879612, 0.247537], [34.880249, 0.247487], [34.880792, 0.246635], [34.881678, 0.246262], [34.883884, 0.245375], [34.885066, 0.244908], [34.885835, 0.243825], [34.887152, 0.242921], [34.88881, 0.241923], [34.89024, 0.240904], [34.890919, 0.239958], [34.89178, 0.239103], [34.892459, 0.238273], [34.894909, 0.236168], [34.896932, 0.235237], [34.899662, 0.234439], [34.902028, 0.233827], [34.904099, 0.233309], [34.906284, 0.232813], [34.908015, 0.232687], [34.909838, 0.232629], [34.911477, 0.232297], [34.913505, 0.23233], [34.915076, 0.232114], [34.916899, 0.232056], [34.919063, 0.231996], [34.920615, 0.232422], [34.921943, 0.233516], [34.923385, 0.234769], [34.924576, 0.235932], [34.926571, 0.238077], [34.928036, 0.239308], [34.930393, 0.241198], [34.931952, 0.242886], [34.934258, 0.243721], [34.936701, 0.24467], [34.939213, 0.245709], [34.940812, 0.246342], [34.942118, 0.247642], [34.943104, 0.248875], [34.944411, 0.250313], [34.945259, 0.251226]], [[34.854147, 0.268515], [34.855401, 0.268396], [34.856471, 0.26761], [34.857061, 0.266503], [34.857765, 0.26558], [34.85902, 0.265369], [34.860183, 0.265319], [34.861369, 0.265062], [34.862007, 0.264922], [34.863671, 0.264387], [34.865014, 0.263416], [34.867042, 0.262443], [34.86852, 0.261057], [34.869821, 0.261214], [34.870734, 0.26128], [34.871758, 0.260471], [34.873332, 0.260304], [34.875774, 0.260549], [34.877782, 0.260796], [34.879265, 0.260653], [34.880883, 0.260187], [34.882523, 0.259261], [34.883409, 0.258038], [34.884342, 0.257138], [34.887011, 0.257221], [34.888267, 0.257539], [34.890526, 0.257623], [34.892258, 0.25718], [34.893374, 0.256509], [34.894674, 0.25616], [34.896477, 0.256614], [34.897778, 0.256771]]]}}, {"type": "Feature", "properties": {"name": "Kitinges", "length_km": 14.534, "dist_to_gulf_km": 43.66, "n_segments": 1}, "geometry": {"type": "LineString", "coordinates": [[35.291414, -0.370338], [35.292023, -0.369151], [35.292431, -0.36807], [35.292931, -0.367655], [35.29366, -0.367493], [35.294458, -0.367445], [35.2948, -0.367376], [35.295254, -0.366593], [35.29548, -0.365581], [35.296004, -0.365603], [35.296893, -0.365487], [35.297623, -0.365508], [35.298489, -0.365506], [35.298967, -0.365229], [35.299147, -0.364172], [35.299396, -0.363206], [35.299827, -0.362492], [35.299758, -0.362102], [35.3, -0.3615752492113606]]}}, {"type": "Feature", "properties": {"name": "Awach Kasipur (Ober)", "length_km": 14.456, "dist_to_gulf_km": 4.084, "n_segments": 1}, "geometry": {"type": "LineString", "coordinates": [[34.765196, -0.423178], [34.764967, -0.423708], [34.765538, -0.424517], [34.765996, -0.425349], [34.766499, -0.425488], [34.767071, -0.425859], [34.767529, -0.42616], [34.767803, -0.426599], [34.767322, -0.426667], [34.76755, -0.427129], [34.768306, -0.427569], [34.768419, -0.428353], [34.768579, -0.428931], [34.769242, -0.429301], [34.769677, -0.42951], [34.769997, -0.430156], [34.770523, -0.430596], [34.771668, -0.430783], [34.772537, -0.431293], [34.773131, -0.432378], [34.773359, -0.433048], [34.774, -0.433465], [34.773908, -0.434041], [34.774113, -0.434734], [34.773907, -0.43501], [34.774181, -0.435334], [34.774685, -0.435589], [34.774867, -0.436281], [34.775302, -0.436467], [34.775347, -0.437205], [34.775507, -0.437505], [34.775529, -0.438013], [34.776078, -0.438429], [34.776398, -0.438845], [34.776512, -0.439768], [34.776351, -0.440114], [34.776854, -0.440623], [34.777105, -0.441454], [34.778272, -0.442264], [34.77921, -0.44312], [34.780125, -0.44416], [34.781222, -0.445362], [34.782275, -0.446056], [34.78319, -0.446174], [34.783648, -0.446752], [34.784037, -0.446845], [34.785593, -0.447494], [34.786622, -0.44835], [34.786851, -0.448951], [34.787194, -0.449182], [34.788063, -0.449853], [34.788269, -0.449715], [34.788749, -0.450501], [34.789275, -0.45094], [34.789779, -0.451149], [34.790168, -0.45145], [34.79042, -0.450597], [34.790741, -0.450182], [34.791496, -0.450576], [34.791747, -0.451915], [34.792318, -0.4527], [34.793004, -0.45344], [34.793645, -0.454111], [34.794422, -0.455151], [34.795314, -0.45566], [34.796298, -0.456147], [34.796619, -0.456517], [34.796801, -0.456748], [34.797397, -0.456957], [34.79735, -0.457626], [34.798564, -0.457029], [34.799067, -0.458068], [34.799707, -0.458877], [34.800279, -0.459478], [34.800553, -0.460194], [34.801079, -0.460633], [34.801604, -0.461488], [34.802062, -0.461812], [34.80252, -0.461375], [34.802772, -0.46126], [34.802886, -0.462045], [34.803435, -0.462484], [34.803915, -0.462716], [34.804419, -0.462671], [34.804991, -0.463203], [34.806089, -0.464313], [34.806546, -0.46466], [34.807255, -0.465354], [34.807828, -0.46524], [34.808103, -0.46501], [34.808286, -0.465264], [34.808468, -0.466279], [34.80849, -0.467225], [34.808855, -0.467595], [34.80929, -0.468334], [34.80945, -0.468727], [34.80945, -0.468819], [34.808831, -0.469025], [34.808624, -0.470063], [34.809035, -0.470917], [34.809333, -0.471195], [34.809515, -0.471633], [34.809652, -0.472326], [34.809835, -0.472834], [34.810864, -0.47392], [34.811848, -0.474407], [34.812374, -0.474777], [34.812763, -0.47517], [34.813014, -0.475632], [34.813701, -0.475703], [34.814708, -0.475798], [34.814821, -0.477159], [34.814248, -0.478196], [34.814315, -0.479211], [34.814727, -0.479489], [34.815643, -0.479052], [34.816307, -0.479331], [34.816994, -0.479332], [34.817497, -0.479979], [34.817932, -0.480327], [34.819695, -0.479408], [34.820542, -0.479687], [34.821206, -0.47925], [34.821688, -0.478836], [34.822283, -0.478929], [34.822396, -0.47976], [34.823312, -0.479647], [34.823816, -0.47921], [34.82528, -0.480413], [34.826173, -0.481014], [34.826355, -0.481568], [34.826789, -0.482285], [34.827522, -0.482563], [34.828301, -0.482104], [34.828645, -0.481458], [34.829331, -0.481968], [34.829994, -0.482361], [34.829902, -0.483191], [34.829694, -0.485013], [34.83022, -0.48596], [34.830288, -0.486791], [34.830837, -0.487277], [34.831751, -0.488178], [34.832231, -0.489033], [34.832139, -0.489563], [34.832642, -0.490487], [34.83342, -0.490835], [34.834564, -0.491299], [34.835434, -0.491647], [34.835868, -0.492179], [34.836303, -0.492641], [34.837287, -0.493151], [34.838087, -0.493683], [34.838316, -0.493822], [34.837972, -0.494952], [34.837513, -0.495989], [34.836939, -0.497187], [34.836481, -0.497993], [34.837144, -0.498295], [34.837441, -0.498814]]}}, {"type": "Feature", "properties": {"name": "Nyaidho", "length_km": 14.339, "dist_to_gulf_km": 9.611, "n_segments": 2}, "geometry": {"type": "MultiLineString", "coordinates": [[[35.000159, -0.171633], [35.000866, -0.1723], [35.001596, -0.171772], [35.001984, -0.172186], [35.002348, -0.171773], [35.002759, -0.171681], [35.003124, -0.172004], [35.003374, -0.172648], [35.004674, -0.172649], [35.005244, -0.172696], [35.005199, -0.173317], [35.005678, -0.173087], [35.006134, -0.173387], [35.006453, -0.17341], [35.006932, -0.173273], [35.007502, -0.173388], [35.007844, -0.174079], [35.008117, -0.174585], [35.00798, -0.175022], [35.007638, -0.175137], [35.007889, -0.175758], [35.008231, -0.175988], [35.008254, -0.176448], [35.008755, -0.176794], [35.00928, -0.177139], [35.009462, -0.178083], [35.010078, -0.178083], [35.010944, -0.177854], [35.012016, -0.177993], [35.012974, -0.177856], [35.013635, -0.177558], [35.014684, -0.176938], [35.014889, -0.177421], [35.015368, -0.177491], [35.015505, -0.177767], [35.015938, -0.17802], [35.01644, -0.178113], [35.016554, -0.178734], [35.016326, -0.179125], [35.016645, -0.179539], [35.016782, -0.179769], [35.017466, -0.179471], [35.017945, -0.179909], [35.018651, -0.180599], [35.019313, -0.180738], [35.019746, -0.179749], [35.020727, -0.180142], [35.021023, -0.180533], [35.021502, -0.180441], [35.02214, -0.180718], [35.022551, -0.181247], [35.022482, -0.181822], [35.022642, -0.182283], [35.023098, -0.182559], [35.024124, -0.182652], [35.024785, -0.182492], [35.025492, -0.182723], [35.028525, -0.182404], [35.029939, -0.182152], [35.030988, -0.181785], [35.031831, -0.181993], [35.032789, -0.181948], [35.033268, -0.182064], [35.033747, -0.181834], [35.034408, -0.18126], [35.034841, -0.181306], [35.035047, -0.181352], [35.035343, -0.181054], [35.037509, -0.181102], [35.039083, -0.181334], [35.040109, -0.181588], [35.040565, -0.181933], [35.040952, -0.182417], [35.041659, -0.18267], [35.042252, -0.182349], [35.042845, -0.182718], [35.04337, -0.18235], [35.043598, -0.181913], [35.044236, -0.182144], [35.04451, -0.182489], [35.044669, -0.18295], [35.045331, -0.182674], [35.046106, -0.181571], [35.046653, -0.180858], [35.047087, -0.180882], [35.048021, -0.181067], [35.048774, -0.180654], [35.04939, -0.180884], [35.050461, -0.180977], [35.051031, -0.181208], [35.051761, -0.181117], [35.052445, -0.180658], [35.053243, -0.180842], [35.054156, -0.180452]], [[34.959103, -0.197414], [34.959434, -0.195787], [34.959856, -0.194091], [34.960986, -0.191942], [34.961837, -0.190639], [34.963019, -0.187686], [34.963325, -0.18622], [34.964099, -0.186179], [34.965697, -0.185248], [34.967002, -0.18404], [34.96858, -0.182674], [34.970179, -0.181629], [34.971511, -0.179939], [34.972865, -0.17825], [34.975462, -0.174434], [34.978113, -0.172547], [34.979229, -0.172233], [34.979865, -0.172283], [34.980848, -0.171624], [34.981055, -0.171235], [34.982012, -0.170989], [34.982744, -0.170328], [34.983383, -0.169965], [34.984019, -0.170015], [34.984682, -0.16956], [34.984701, -0.170065], [34.98595, -0.170257], [34.987429, -0.169991], [34.990476, -0.169805], [34.993478, -0.169549], [34.994773, -0.169626], [34.995384, -0.169997], [34.995766, -0.170597], [34.996424, -0.170716], [34.996397, -0.171243], [34.99701, -0.17127], [34.997351, -0.171295], [34.99714, -0.172189], [34.997843, -0.172354], [34.998553, -0.171625], [34.99847, -0.17066], [34.999287, -0.170826], [34.999853, -0.171128], [35.000159, -0.171633]]]}}, {"type": "Feature", "properties": {"name": "Keses", "length_km": 14.176, "dist_to_gulf_km": 58.501, "n_segments": 2}, "geometry": {"type": "LineString", "coordinates": [[35.250176, 0.261679], [35.249342, 0.261953], [35.248862, 0.262228], [35.24724, 0.261861], [35.246098, 0.261746], [35.24539, 0.261746], [35.244911, 0.261033], [35.244294, 0.260665], [35.243472, 0.261079], [35.242626, 0.261723], [35.242054, 0.262413], [35.241734, 0.263103], [35.241094, 0.263931], [35.24066, 0.263977], [35.239975, 0.263425], [35.238925, 0.263034], [35.237714, 0.262459], [35.236869, 0.262712], [35.236503, 0.263425], [35.236365, 0.264414], [35.236296, 0.265655], [35.23593, 0.265954], [35.23456, 0.265977], [35.233006, 0.26646], [35.231452, 0.267564], [35.230401, 0.268415], [35.229076, 0.268967], [35.227842, 0.269657], [35.22727, 0.270117], [35.226927, 0.270393], [35.226196, 0.270692], [35.225443, 0.270554], [35.224598, 0.270002], [35.224026, 0.270255], [35.223683, 0.271014], [35.223432, 0.271497], [35.222792, 0.271336], [35.222176, 0.270853], [35.221353, 0.271267], [35.221421, 0.272371], [35.221055, 0.273521], [35.220758, 0.273865], [35.22021, 0.273498], [35.219044, 0.273682], [35.217902, 0.274372], [35.217696, 0.274808], [35.216439, 0.275176], [35.215229, 0.275039], [35.214703, 0.275498], [35.21452, 0.275866], [35.213904, 0.275384], [35.213675, 0.275016], [35.212967, 0.27497], [35.212282, 0.275775], [35.212007, 0.275775], [35.212099, 0.275062], [35.211711, 0.274395], [35.210752, 0.274602], [35.209769, 0.274993]]}}, {"type": "Feature", "properties": {"name": "Pirei", "length_km": 13.888, "dist_to_gulf_km": 49.291, "n_segments": 3}, "geometry": {"type": "MultiLineString", "coordinates": [[[35.083663, 0.286629], [35.083659, 0.287732], [35.083909, 0.288238], [35.084524, 0.288585], [35.084866, 0.28877], [35.084179, 0.28932], [35.083901, 0.290445], [35.083784, 0.291365], [35.08353, 0.292329], [35.082521, 0.293798], [35.081396, 0.29545], [35.081235, 0.295978], [35.080706, 0.297149]], [[35.080706, 0.297149], [35.080453, 0.297769], [35.0796, 0.300249], [35.078127, 0.3039], [35.077046, 0.306288], [35.075826, 0.309089], [35.074607, 0.311936], [35.073045, 0.314874], [35.070455, 0.31797], [35.068919, 0.319736], [35.065662, 0.32437], [35.064079, 0.326917], [35.061896, 0.331049], [35.0607, 0.333873], [35.059387, 0.33741], [35.058509, 0.340442], [35.058016, 0.344463], [35.058059, 0.345452], [35.058329, 0.346556], [35.05978, 0.349411], [35.061484, 0.351899], [35.062963, 0.353604], [35.064464, 0.355263], [35.065967, 0.356463], [35.068767, 0.358701], [35.070359, 0.360545], [35.071722, 0.362663], [35.072331, 0.364688], [35.072868, 0.368046], [35.073317, 0.370346], [35.074312, 0.373315], [35.074396, 0.375315], [35.074507, 0.376556]]]}}, {"type": "Feature", "properties": {"name": "Alara", "length_km": 13.878, "dist_to_gulf_km": 0.488, "n_segments": 3}, "geometry": {"type": "MultiLineString", "coordinates": [[[34.186522, -0.113346], [34.187548, -0.113494], [34.188599, -0.113365], [34.189081, -0.113116], [34.190016, -0.113286], [34.190908, -0.11311], [34.192391, -0.113238], [34.194148, -0.113391], [34.195244, -0.113401], [34.196067, -0.113294], [34.196548, -0.11316]], [[34.59545, -0.356342], [34.594604, -0.356366], [34.593689, -0.355605], [34.593254, -0.355097], [34.592111, -0.354821], [34.591127, -0.354059], [34.589846, -0.353022], [34.587856, -0.35113], [34.587558, -0.350899], [34.586529, -0.350392], [34.58534, -0.350485], [34.583968, -0.350185], [34.582665, -0.35097], [34.580929, -0.35277], [34.579741, -0.354271], [34.579033, -0.355217], [34.578073, -0.356463], [34.577342, -0.357502], [34.577, -0.358009], [34.576817, -0.358471], [34.575468, -0.358633], [34.574325, -0.358702], [34.573274, -0.358841], [34.571856, -0.359072], [34.57117, -0.359303], [34.570645, -0.360042], [34.569548, -0.360619], [34.566805, -0.361589], [34.566073, -0.362097], [34.564634, -0.362951], [34.563011, -0.363898], [34.562439, -0.364128], [34.561594, -0.364429], [34.558988, -0.365699], [34.556863, -0.367084], [34.555034, -0.368261], [34.554074, -0.368584], [34.55364, -0.368492], [34.552406, -0.369346], [34.551949, -0.370546], [34.550258, -0.372208], [34.548796, -0.373824], [34.547334, -0.375278], [34.546008, -0.376363], [34.544386, -0.377748], [34.542946, -0.378325], [34.541734, -0.378626], [34.54098, -0.379087]], [[34.433569, -0.869258], [34.435055, -0.870454], [34.436152, -0.871351], [34.437569, -0.872271], [34.440198, -0.87349], [34.441982, -0.87241], [34.444269, -0.871882], [34.445847, -0.873009], [34.44795, -0.873608], [34.449413, -0.874642], [34.451607, -0.876229], [34.453963, -0.876253], [34.45538, -0.877012], [34.457598, -0.876806], [34.459587, -0.877198], [34.460981, -0.878715], [34.462124, -0.879267], [34.463908, -0.879888], [34.465782, -0.880694], [34.467703, -0.881522], [34.469966, -0.882166], [34.471842, -0.881477], [34.473031, -0.880627], [34.474679, -0.879525], [34.475296, -0.878812]]]}}, {"type": "Feature", "properties": {"name": "Owade", "length_km": 13.853, "dist_to_gulf_km": 0.837, "n_segments": 2}, "geometry": {"type": "MultiLineString", "coordinates": [[[34.744811, -0.499232], [34.744968, -0.499946], [34.743821, -0.501296], [34.742307, -0.503059], [34.741298, -0.504272], [34.740061, -0.505438], [34.738841, -0.507709], [34.737853, -0.509382], [34.736565, -0.511744], [34.736242, -0.512685], [34.734819, -0.514448], [34.732826, -0.516162], [34.732161, -0.516802], [34.731061, -0.518015], [34.730643, -0.51983], [34.731139, -0.521235], [34.733251, -0.524006], [34.734432, -0.525599], [34.735704, -0.527192], [34.738184, -0.529367], [34.739575, -0.529881], [34.740076, -0.530113], [34.740483, -0.531219], [34.741435, -0.532972], [34.742797, -0.535026], [34.74348, -0.535421], [34.744961, -0.536141], [34.747214, -0.538039], [34.748716, -0.539174], [34.749876, -0.540307], [34.750673, -0.540748]], [[34.750421, -0.438742], [34.749894, -0.439224], [34.749344, -0.439753], [34.748885, -0.440328], [34.74836, -0.440257], [34.747718, -0.440831], [34.747124, -0.440853], [34.746666, -0.441151], [34.746138, -0.441726], [34.745452, -0.442046], [34.744924, -0.442966], [34.744465, -0.44361], [34.743937, -0.444507], [34.743225, -0.446141], [34.742857, -0.447131], [34.742167, -0.448903], [34.74205, -0.449894], [34.741635, -0.451644], [34.741518, -0.452887], [34.741057, -0.454292], [34.740962, -0.455651], [34.741299, -0.458324], [34.741411, -0.459707], [34.741591, -0.460952], [34.742114, -0.461967], [34.742111, -0.463257], [34.742566, -0.464134], [34.743022, -0.464941], [34.743524, -0.465357], [34.743064, -0.466347], [34.742858, -0.466715], [34.743336, -0.467431], [34.742876, -0.468535], [34.743239, -0.469872], [34.743329, -0.470794], [34.743784, -0.471579], [34.743919, -0.472293], [34.744142, -0.475036], [34.744962, -0.476536], [34.745462, -0.477666], [34.745984, -0.479211], [34.746507, -0.480779], [34.746915, -0.481955], [34.747188, -0.482762], [34.747506, -0.483662], [34.748305, -0.484355], [34.74844, -0.485024], [34.748576, -0.485646], [34.749237, -0.486385], [34.749762, -0.486917], [34.750447, -0.487264], [34.750446, -0.487725], [34.750478, -0.488038], [34.750637, -0.489307], [34.750659, -0.489814], [34.750521, -0.490206], [34.750554, -0.490329], [34.750416, -0.491065], [34.749727, -0.492123], [34.749519, -0.493044], [34.748808, -0.494056], [34.748578, -0.494701], [34.74796, -0.49493], [34.747227, -0.495803], [34.7467, -0.496055], [34.746448, -0.4967], [34.74608, -0.497413], [34.745598, -0.498103], [34.745369, -0.498471], [34.744705, -0.499114]]]}}, {"type": "Feature", "properties": {"name": "Nyogunde", "length_km": 13.832, "dist_to_gulf_km": 17.733, "n_segments": 1}, "geometry": {"type": "LineString", "coordinates": [[34.37987, -0.749584], [34.378906, -0.748458], [34.375728, -0.746789], [34.37422, -0.746289], [34.374172, -0.745759], [34.374054, -0.745229], [34.373687, -0.744792], [34.373022, -0.744034], [34.371328, -0.742842], [34.370345, -0.742386], [34.368973, -0.741723], [34.368378, -0.74138], [34.367941, -0.740759], [34.366369, -0.74079], [34.364861, -0.740313], [34.363356, -0.740181], [34.3621, -0.739749], [34.360933, -0.739132], [34.360245, -0.738328], [34.359622, -0.737039], [34.357997, -0.735962], [34.356442, -0.735116], [34.354092, -0.734897], [34.352744, -0.734349], [34.351374, -0.733987], [34.349844, -0.733441], [34.347427, -0.733291], [34.346651, -0.733179], [34.344944, -0.733602], [34.343397, -0.734094], [34.341964, -0.734632], [34.340733, -0.734661], [34.33886, -0.73407], [34.335939, -0.733599], [34.333639, -0.73391], [34.331341, -0.73459], [34.329131, -0.734832], [34.327579, -0.73447], [34.325568, -0.733695], [34.323511, -0.732852], [34.31992, -0.730815], [34.317911, -0.730225], [34.315241, -0.729707], [34.313641, -0.728977], [34.312316, -0.728568], [34.310033, -0.727956], [34.307747, -0.726998], [34.305646, -0.726223], [34.303454, -0.725703], [34.301719, -0.725227], [34.300891, -0.723985], [34.299486, -0.721616], [34.296992, -0.716229], [34.295335, -0.713514], [34.294435, -0.71165], [34.292897, -0.709996], [34.292027, -0.709377], [34.291389, -0.709357], [34.28847, -0.709187], [34.287421, -0.709076], [34.28582, -0.708253], [34.284723, -0.707705], [34.283506, -0.70628], [34.281937, -0.703081], [34.280745, -0.702002], [34.279371, -0.700901], [34.278246, -0.699615], [34.277533, -0.698442]]}}, {"type": "Feature", "properties": {"name": "Kirobi", "length_km": 13.675, "dist_to_gulf_km": 56.494, "n_segments": 2}, "geometry": {"type": "MultiLineString", "coordinates": [[[35.250818, 0.234732], [35.252482, 0.233746], [35.253873, 0.232599], [35.254739, 0.232048], [35.25499, 0.231315], [35.255286, 0.230856], [35.25597, 0.230489], [35.256563, 0.229893], [35.257179, 0.229778], [35.258843, 0.229594], [35.259527, 0.22925], [35.260097, 0.229043], [35.262446, 0.228538], [35.263153, 0.227988], [35.264202, 0.227391], [35.264817, 0.2273], [35.265957, 0.227827], [35.267805, 0.22872], [35.268694, 0.22927], [35.269629, 0.230347], [35.270199, 0.231242], [35.270883, 0.231929], [35.271727, 0.232594], [35.272708, 0.233854], [35.273711, 0.234863], [35.274395, 0.235207], [35.275786, 0.235252], [35.277451, 0.235366], [35.27907, 0.235893], [35.280552, 0.236076], [35.281692, 0.23603], [35.28281, 0.236717], [35.283699, 0.237199], [35.284338, 0.237038], [35.285204, 0.23635], [35.286526, 0.236235], [35.287621, 0.236097], [35.288578, 0.23518], [35.289445, 0.234331], [35.290174, 0.234377], [35.29079, 0.234652], [35.291588, 0.233872], [35.292181, 0.233436], [35.293002, 0.232611], [35.294005, 0.232129], [35.294689, 0.231601], [35.295487, 0.230294], [35.295828, 0.229492], [35.296444, 0.229606], [35.297721, 0.228872], [35.29877, 0.227909], [35.299271, 0.227313], [35.3, 0.22732056152758132]], [[35.232614, 0.210328], [35.232828, 0.211473], [35.233383, 0.21257], [35.233985, 0.213872], [35.234243, 0.214948], [35.235435, 0.215879], [35.236078, 0.2167], [35.23725, 0.217998], [35.238052, 0.218771], [35.239035, 0.21929], [35.24029, 0.219624], [35.241223, 0.219479], [35.241745, 0.219291], [35.243155, 0.219142], [35.24468, 0.219015], [35.245589, 0.218801], [35.246728, 0.21886], [35.248272, 0.218389]]]}}, {"type": "Feature", "properties": {"name": "Senetwet", "length_km": 13.636, "dist_to_gulf_km": 27.049, "n_segments": 2}, "geometry": {"type": "MultiLineString", "coordinates": [[[35.138906, -0.216396], [35.140365, -0.215983], [35.141483, -0.216606], [35.142851, -0.216699], [35.144561, -0.216862], [35.146043, -0.217369], [35.146271, -0.218105], [35.146088, -0.219554], [35.146612, -0.220912], [35.146681, -0.222039], [35.146635, -0.222729], [35.145723, -0.223211], [35.145153, -0.223509], [35.145632, -0.224154], [35.146293, -0.224545], [35.146794, -0.224316], [35.14668, -0.224891], [35.146771, -0.225834], [35.147273, -0.225903], [35.147638, -0.226363], [35.147273, -0.22657], [35.147182, -0.226754], [35.147752, -0.226939], [35.147866, -0.227353], [35.148208, -0.227836], [35.148846, -0.227998], [35.14855, -0.228365], [35.148094, -0.228664], [35.148572, -0.229124], [35.149074, -0.22924], [35.148869, -0.229631], [35.149507, -0.230344], [35.149781, -0.230966], [35.150168, -0.231978], [35.150054, -0.232576], [35.149735, -0.232851], [35.149188, -0.23269], [35.14896, -0.232782], [35.149142, -0.233472], [35.149096, -0.234231], [35.149188, -0.234622], [35.149073, -0.23522], [35.149301, -0.235519], [35.149666, -0.235933], [35.149598, -0.236163], [35.149507, -0.236577], [35.149301, -0.237014], [35.149529, -0.237359], [35.149689, -0.237911], [35.148913, -0.239083], [35.149119, -0.239934], [35.149324, -0.240832], [35.149597, -0.241384], [35.149369, -0.241936], [35.149027, -0.242855], [35.148662, -0.243982], [35.148594, -0.24504], [35.148867, -0.246098], [35.148776, -0.246788], [35.14905, -0.247432], [35.149027, -0.248122], [35.148958, -0.248651], [35.1493, -0.24918]], [[35.1493, -0.24918], [35.149207, -0.250098], [35.149596, -0.251062], [35.150097, -0.251246], [35.150395, -0.251935], [35.15051, -0.252555], [35.151012, -0.253358], [35.151697, -0.254254], [35.151881, -0.254851], [35.151791, -0.255425], [35.152156, -0.2557], [35.152954, -0.255999], [35.153479, -0.256825], [35.154163, -0.257031], [35.155919, -0.257581], [35.157629, -0.25843], [35.158449, -0.258407], [35.159315, -0.258176], [35.160271, -0.257578], [35.161022, -0.257187], [35.162252, -0.256911], [35.163141, -0.257094], [35.16396, -0.256336], [35.165167, -0.256036], [35.166672, -0.256311], [35.167174, -0.256793], [35.167857, -0.256609], [35.168517, -0.256309], [35.169384, -0.25663], [35.17041, -0.257342], [35.171732, -0.257042], [35.172894, -0.257133], [35.174375, -0.257224], [35.175606, -0.257246], [35.176859, -0.257268], [35.178182, -0.25798], [35.179891, -0.258415], [35.180552, -0.258414], [35.181417, -0.257909], [35.182716, -0.257678], [35.183695, -0.257631], [35.184265, -0.257516], [35.18529, -0.257171], [35.186042, -0.257124], [35.187366, -0.258548], [35.187731, -0.259351], [35.187733, -0.260454], [35.188282, -0.26174], [35.188856, -0.263944], [35.188949, -0.265231], [35.189497, -0.26608], [35.190547, -0.266883], [35.192577, -0.268007], [35.193446, -0.269729], [35.193516, -0.271176], [35.193701, -0.272715], [35.194046, -0.274208], [35.194686, -0.275815], [35.195624, -0.278043], [35.196766, -0.279168], [35.19695, -0.280224], [35.19768, -0.281188], [35.198183, -0.282107], [35.199051, -0.283186], [35.199235, -0.284472]]]}}, {"type": "Feature", "properties": {"name": "Nyangore", "length_km": 13.569, "dist_to_gulf_km": 29.041, "n_segments": 2}, "geometry": {"type": "MultiLineString", "coordinates": [[[35.140892, 0.001537], [35.140551, 0.003235], [35.140438, 0.004382], [35.140552, 0.005002], [35.141463, 0.004978], [35.142191, 0.006101], [35.142601, 0.006904], [35.143148, 0.006765], [35.143672, 0.007705], [35.1439, 0.008898], [35.144264, 0.009379], [35.144696, 0.009035], [35.144947, 0.008691], [35.14588, 0.00924], [35.146745, 0.010042], [35.14786, 0.010156], [35.148225, 0.010385], [35.148157, 0.011004], [35.149067, 0.011623], [35.149841, 0.012218], [35.150297, 0.012722], [35.151571, 0.012813], [35.152391, 0.013202], [35.153074, 0.013614], [35.15403, 0.013911], [35.154121, 0.01437], [35.154918, 0.015035], [35.15567, 0.01625], [35.156239, 0.016937], [35.157309, 0.017854], [35.158129, 0.018862], [35.158972, 0.019664], [35.160155, 0.020374], [35.161134, 0.020832], [35.162409, 0.021588], [35.16332, 0.022069], [35.163775, 0.021976], [35.164458, 0.022847], [35.164504, 0.024063], [35.164391, 0.025118], [35.164301, 0.026243], [35.164825, 0.027229], [35.16528, 0.028054], [35.165076, 0.02943], [35.164736, 0.030807], [35.164349, 0.032046], [35.164327, 0.032964]], [[35.104475, -0.047943], [35.104882, -0.047183], [35.104537, -0.046656], [35.104489, -0.046289], [35.104101, -0.046199], [35.104212, -0.045555], [35.104595, -0.044795], [35.104637, -0.043968], [35.105111, -0.043116], [35.105906, -0.042514], [35.10654, -0.041638], [35.107518, -0.041081], [35.108427, -0.040364], [35.109497, -0.039968], [35.110519, -0.039204], [35.110949, -0.038489], [35.111904, -0.03791], [35.112701, -0.037653], [35.113295, -0.037856], [35.113798, -0.03806], [35.114456, -0.03739], [35.115867, -0.036831], [35.11637, -0.03715], [35.116806, -0.037653], [35.117422, -0.037673], [35.11776, -0.036913], [35.118465, -0.036472], [35.119242, -0.036767], [35.120153, -0.036417], [35.119922, -0.035913], [35.119509, -0.035433], [35.121101, -0.034506], [35.12087, -0.034024], [35.119933, -0.033754], [35.120044, -0.033156], [35.121773, -0.032205], [35.122431, -0.031627], [35.123224, -0.030543], [35.123355, -0.029509], [35.124448, -0.02925], [35.125518, -0.028785], [35.125877, -0.027634], [35.125278, -0.026558], [35.124477, -0.026057], [35.124676, -0.024907], [35.125327, -0.022883], [35.124953, -0.021139], [35.124855, -0.019991], [35.125032, -0.018933], [35.125463, -0.018426], [35.126128, -0.019203], [35.126694, -0.018373], [35.126434, -0.01672], [35.126491, -0.014538], [35.126937, -0.012652], [35.127931, -0.010855], [35.12856, -0.008922], [35.129804, -0.007055], [35.130367, -0.005604], [35.131115, -0.004728], [35.132553, -0.00488], [35.134445, -0.004755], [35.136014, -0.003828], [35.136304, -0.002517], [35.135794, -0.000981], [35.135194, 0.000233], [35.13519, 0.001083]]]}}, {"type": "Feature", "properties": {"name": "Cheboseran", "length_km": 13.413, "dist_to_gulf_km": 25.777, "n_segments": 1}, "geometry": {"type": "LineString", "coordinates": [[35.125649, -0.446373], [35.126197, -0.446442], [35.126812, -0.446143], [35.127405, -0.446142], [35.127951, -0.445797], [35.128066, -0.446164], [35.128841, -0.446278], [35.129297, -0.446048], [35.129685, -0.446323], [35.130233, -0.446529], [35.130804, -0.446712], [35.131079, -0.447308], [35.131466, -0.447193], [35.131627, -0.447698], [35.131832, -0.447767], [35.13206, -0.447537], [35.132379, -0.447743], [35.132699, -0.447926], [35.133474, -0.447834], [35.13393, -0.447581], [35.134204, -0.448017], [35.134296, -0.448315], [35.13482, -0.448085], [35.135413, -0.448084], [35.13685, -0.448243], [35.137077, -0.447784], [35.137508, -0.446957], [35.138511, -0.446933], [35.139218, -0.447047], [35.140061, -0.446611], [35.14047, -0.446105], [35.140788, -0.445669], [35.141426, -0.445416], [35.141675, -0.444658], [35.142243, -0.443809], [35.142855, -0.442661], [35.143833, -0.441604], [35.144082, -0.440663], [35.144583, -0.440456], [35.145472, -0.440616], [35.146131, -0.439674], [35.14736, -0.438778], [35.148201, -0.437767], [35.149432, -0.437537], [35.150139, -0.437582], [35.151915, -0.43641], [35.153143, -0.435123], [35.154323, -0.432988], [35.156393, -0.430967], [35.157392, -0.429428], [35.158209, -0.427913], [35.15953, -0.427452], [35.161538, -0.42784], [35.16304, -0.426944], [35.164702, -0.425749], [35.165154, -0.424051], [35.165036, -0.422789], [35.165304, -0.420425], [35.165868, -0.418107], [35.166612, -0.414825], [35.167515, -0.411267], [35.168535, -0.408696], [35.169489, -0.407272], [35.170898, -0.40571], [35.173242, -0.403895], [35.174288, -0.402609], [35.174808, -0.40075], [35.175306, -0.399441], [35.175509, -0.398615], [35.175276, -0.396527], [35.175477, -0.394944], [35.176249, -0.393566], [35.177408, -0.392073], [35.178751, -0.391223], [35.180254, -0.390396], [35.181052, -0.390624], [35.182308, -0.391265], [35.183723, -0.391654], [35.185548, -0.392019], [35.187463, -0.391925], [35.188099, -0.39103], [35.187983, -0.390181], [35.188207, -0.388666], [35.188318, -0.387473], [35.188178, -0.386349], [35.188677, -0.385178], [35.189652, -0.383204], [35.190697, -0.381619], [35.19156, -0.380265], [35.192607, -0.379438], [35.193197, -0.37829], [35.194106, -0.376912], [35.195904, -0.375671], [35.196885, -0.376152]]}}, {"type": "Feature", "properties": {"name": "Lusimu", "length_km": 13.412, "dist_to_gulf_km": 37.07, "n_segments": 1}, "geometry": {"type": "LineString", "coordinates": [[34.418416, 0.303301], [34.419487, 0.302837], [34.420104, 0.303664], [34.420767, 0.304306], [34.421861, 0.304349], [34.422796, 0.304461], [34.422775, 0.304945], [34.422161, 0.305776], [34.422413, 0.306512], [34.423191, 0.30766], [34.424059, 0.308233], [34.42536, 0.308874], [34.42641, 0.309654], [34.426937, 0.310596], [34.427418, 0.311676], [34.4294, 0.310749], [34.430336, 0.311322], [34.431022, 0.312494], [34.432049, 0.312652], [34.433667, 0.312233], [34.43483, 0.312344], [34.436063, 0.313123], [34.437317, 0.31335], [34.439552, 0.313527], [34.440282, 0.313479], [34.441149, 0.313522], [34.441535, 0.313175], [34.442221, 0.314002], [34.443498, 0.313906], [34.444159, 0.313858], [34.444594, 0.314593], [34.445485, 0.315558], [34.446649, 0.315761], [34.447753, 0.315711], [34.448825, 0.315178], [34.449349, 0.31467], [34.449419, 0.315475], [34.449762, 0.315727], [34.450972, 0.315884], [34.451772, 0.316203], [34.452431, 0.314798], [34.452863, 0.314405], [34.45341, 0.314127], [34.453638, 0.313736], [34.4543, 0.313779], [34.45437, 0.314607], [34.45524, 0.315387], [34.456495, 0.31506], [34.457271, 0.314966], [34.457911, 0.315539], [34.458597, 0.315836], [34.459392, 0.314499], [34.460967, 0.314539], [34.462246, 0.31442], [34.463822, 0.314829], [34.464871, 0.314572], [34.465715, 0.31427], [34.467222, 0.314334], [34.468409, 0.314606], [34.468548, 0.31525], [34.469142, 0.315593], [34.469917, 0.314947], [34.470325, 0.313956], [34.471144, 0.312757], [34.471713, 0.312019], [34.471779, 0.311075], [34.47244, 0.310843], [34.474609, 0.310698], [34.476228, 0.310347], [34.477597, 0.309975], [34.479446, 0.310107], [34.480747, 0.30978], [34.481772, 0.308926], [34.482387, 0.308371], [34.482682, 0.307634], [34.483091, 0.307104], [34.483571, 0.307286], [34.484256, 0.307307], [34.484482, 0.306432], [34.484846, 0.305948], [34.485348, 0.305785], [34.485095, 0.305303], [34.48498, 0.304866], [34.485891, 0.303828], [34.486481, 0.302607], [34.486502, 0.301755], [34.486797, 0.30111], [34.48611, 0.300169], [34.485492, 0.299642], [34.485969, 0.298628], [34.485601, 0.297755], [34.485759, 0.296996], [34.486671, 0.296418], [34.487217, 0.295749], [34.486919, 0.295244], [34.486256, 0.29497], [34.486141, 0.294372], [34.486413, 0.293865], [34.487122, 0.294438], [34.487762, 0.294689], [34.488515, 0.294456], [34.488969, 0.293649], [34.48938, 0.293372], [34.490293, 0.293599], [34.490976, 0.292861], [34.491294, 0.2921], [34.491384, 0.291778], [34.491841, 0.291984], [34.492413, 0.292304], [34.492548, 0.291751], [34.493163, 0.29122], [34.493687, 0.290781], [34.493229, 0.289931], [34.49446, 0.289421], [34.496195, 0.2896], [34.497108, 0.289619], [34.497335, 0.28886], [34.49747, 0.288215], [34.4982, 0.288005], [34.498565, 0.288073], [34.499135, 0.287749], [34.499638, 0.287863], [34.500575, 0.288458]]}}, {"type": "Feature", "properties": {"name": "Akech", "length_km": 13.357, "dist_to_gulf_km": 0.0, "n_segments": 2}, "geometry": {"type": "MultiLineString", "coordinates": [[[34.519292, -0.326506], [34.520528, -0.328075], [34.521237, -0.329067], [34.521581, -0.330636], [34.521833, -0.332021], [34.521949, -0.33412], [34.522064, -0.335436], [34.522248, -0.336843], [34.522432, -0.338066], [34.522593, -0.33945], [34.522868, -0.34042], [34.52344, -0.341596], [34.524356, -0.342727], [34.525408, -0.343788], [34.526301, -0.345218], [34.526851, -0.346718], [34.526806, -0.348748], [34.527012, -0.349417], [34.527996, -0.349879], [34.528339, -0.350155], [34.528774, -0.351471], [34.529049, -0.351794], [34.529164, -0.352578], [34.529302, -0.354101], [34.52944, -0.355347], [34.529761, -0.356501], [34.529739, -0.357701], [34.529671, -0.359431], [34.529604, -0.360423], [34.529353, -0.361439], [34.528782, -0.362362], [34.528508, -0.363446], [34.528441, -0.365477], [34.528419, -0.366862], [34.528305, -0.367761], [34.527963, -0.368638], [34.527369, -0.369192], [34.526683, -0.369608], [34.525997, -0.369724], [34.525175, -0.370808], [34.523712, -0.371801], [34.522432, -0.372101], [34.521198, -0.372632], [34.520124, -0.373671], [34.519896, -0.374986]], [[34.481792, -0.524628], [34.481608, -0.525802], [34.480759, -0.527091], [34.480827, -0.527944], [34.481877, -0.530089], [34.481691, -0.532324], [34.482054, -0.53502], [34.481069, -0.535825], [34.480656, -0.536792], [34.480723, -0.538382], [34.480836, -0.539765], [34.481383, -0.541218], [34.481382, -0.542762], [34.481198, -0.543568], [34.481035, -0.545226], [34.482178, -0.546772], [34.482337, -0.547395], [34.482199, -0.547786], [34.481193, -0.547738], [34.481215, -0.548292], [34.481054, -0.549121], [34.480253, -0.549304], [34.479497, -0.549487], [34.479084, -0.550454], [34.478855, -0.551006], [34.480158, -0.551976], [34.482377, -0.552718], [34.483359, -0.553503], [34.483473, -0.554033], [34.483815, -0.55537], [34.485164, -0.556364], [34.485757, -0.557332], [34.4869, -0.558302], [34.487723, -0.55941], [34.488179, -0.560402], [34.48875, -0.561048], [34.489528, -0.561764], [34.490442, -0.562226], [34.490442, -0.562595], [34.490441, -0.563194], [34.491402, -0.563633], [34.491744, -0.564026], [34.491606, -0.564694], [34.491994, -0.565478], [34.492383, -0.565847], [34.493664, -0.56585], [34.49396, -0.567463], [34.494897, -0.56834], [34.495811, -0.568895], [34.496245, -0.569817], [34.496954, -0.57028], [34.498372, -0.570674], [34.499333, -0.570768], [34.499675, -0.571068], [34.499926, -0.571668], [34.500177, -0.572313], [34.500246, -0.572498], [34.500566, -0.572959]]]}}, {"type": "Feature", "properties": {"name": "Nyangweta", "length_km": 13.257, "dist_to_gulf_km": 35.048, "n_segments": 2}, "geometry": {"type": "MultiLineString", "coordinates": [[[34.642601, -0.870365], [34.64267, -0.871079]], [[34.64267, -0.871079], [34.643469, -0.871262], [34.644107, -0.871354], [34.644701, -0.871514], [34.64641, -0.871052], [34.64844, -0.870682], [34.649648, -0.870497], [34.65088, -0.870311], [34.651724, -0.870817], [34.652432, -0.871484], [34.653573, -0.871552], [34.654828, -0.872241], [34.655125, -0.87277], [34.654875, -0.8733], [34.654831, -0.874037], [34.655197, -0.87475], [34.655403, -0.875555], [34.655928, -0.875877], [34.656362, -0.87613], [34.657069, -0.876083], [34.657252, -0.876658], [34.657572, -0.877164], [34.65828, -0.877739], [34.658873, -0.877785], [34.659079, -0.878153], [34.659263, -0.879096], [34.659491, -0.879395], [34.660038, -0.879095], [34.661157, -0.880153], [34.662321, -0.880336], [34.662663, -0.88029], [34.662982, -0.880266], [34.66362, -0.880197], [34.664533, -0.880633], [34.664876, -0.880725], [34.664876, -0.881024], [34.66506, -0.88183], [34.664992, -0.882175], [34.664126, -0.882659], [34.66463, -0.8845], [34.664951, -0.88542], [34.665498, -0.885489], [34.665864, -0.885627], [34.665704, -0.885926], [34.665112, -0.886226], [34.665318, -0.886732], [34.666094, -0.887284], [34.666369, -0.888342], [34.666073, -0.888343], [34.666005, -0.888734], [34.666462, -0.88924], [34.666829, -0.890943], [34.667536, -0.890919], [34.668084, -0.891402], [34.669156, -0.891217], [34.670045, -0.89094], [34.670297, -0.891584], [34.670275, -0.892021], [34.671278, -0.89202], [34.671918, -0.893101], [34.672398, -0.893861], [34.673197, -0.893906], [34.674543, -0.894388], [34.675843, -0.89464], [34.676915, -0.894616], [34.678033, -0.894431], [34.678786, -0.894683], [34.680359, -0.894635], [34.681887, -0.894588], [34.683711, -0.894172], [34.685581, -0.893802], [34.686242, -0.893778], [34.686812, -0.893294], [34.687769, -0.892672], [34.688863, -0.892441], [34.689845, -0.892992], [34.690984, -0.892438], [34.691919, -0.892415], [34.691989, -0.893312], [34.692195, -0.893703], [34.693357, -0.893311], [34.694452, -0.893264], [34.694864, -0.893931], [34.695184, -0.894644], [34.696233, -0.894643], [34.697441, -0.894204], [34.698376, -0.894157]], [[34.64267, -0.871079], [34.642366, -0.869841], [34.642368, -0.869127], [34.641983, -0.868527], [34.641553, -0.867835], [34.641374, -0.866982], [34.640649, -0.865944], [34.639831, -0.865458], [34.639262, -0.865387], [34.638808, -0.864879], [34.639084, -0.864097], [34.638633, -0.862967], [34.638224, -0.862459], [34.637772, -0.861744], [34.63725, -0.86112], [34.636979, -0.860428], [34.637438, -0.859393], [34.636894, -0.858585], [34.636441, -0.858054], [34.635851, -0.857339], [34.635832, -0.856348], [34.636086, -0.855312], [34.636248, -0.854414], [34.636227, -0.853954], [34.63541, -0.853145], [34.634775, -0.852452], [34.634208, -0.851806], [34.633801, -0.851022], [34.633099, -0.849937], [34.632395, -0.849336], [34.63169, -0.849104], [34.630233, -0.849238], [34.629782, -0.848085], [34.629716, -0.847164], [34.629627, -0.84668], [34.629219, -0.846149], [34.628604, -0.846147], [34.62831, -0.845801], [34.628675, -0.845341], [34.62779, -0.844602], [34.627179, -0.843587], [34.626614, -0.842318], [34.626639, -0.841742], [34.626345, -0.841166], [34.625957, -0.841349], [34.625256, -0.839988]]]}}, {"type": "Feature", "properties": {"name": "Mogobich", "length_km": 13.212, "dist_to_gulf_km": 57.246, "n_segments": 1}, "geometry": {"type": "LineString", "coordinates": [[35.261594, 0.170853], [35.262598, 0.170027], [35.263099, 0.169981], [35.263647, 0.169912], [35.264125, 0.169477], [35.265288, 0.169156], [35.266132, 0.168788], [35.267226, 0.168651], [35.268709, 0.168696], [35.27035, 0.16881], [35.271832, 0.168627], [35.272471, 0.168489], [35.273679, 0.168534], [35.274705, 0.168397], [35.27621, 0.16725], [35.277533, 0.166676], [35.278126, 0.166355], [35.279448, 0.166607], [35.280543, 0.166538], [35.281227, 0.165988], [35.281569, 0.165093], [35.282663, 0.162571], [35.283347, 0.161195], [35.284646, 0.160484], [35.285809, 0.159934], [35.286356, 0.159154], [35.28761, 0.1592], [35.288568, 0.158328], [35.289389, 0.157915], [35.289731, 0.158786], [35.290483, 0.158488], [35.291145, 0.158672], [35.291943, 0.157869], [35.292581, 0.158075], [35.293379, 0.158281], [35.293721, 0.157502], [35.293744, 0.156951], [35.294245, 0.156401], [35.295271, 0.156126], [35.295842, 0.156309], [35.296708, 0.155208], [35.297962, 0.154451], [35.29933, 0.153511], [35.299854, 0.153144], [35.3, 0.15307066666666977]]}}, {"type": "Feature", "properties": {"name": "Kuja (Gucha)", "length_km": 13.194, "dist_to_gulf_km": 33.176, "n_segments": 2}, "geometry": {"type": "MultiLineString", "coordinates": [[[34.676252, -0.8316], [34.677186, -0.831396], [34.677736, -0.830476], [34.678173, -0.829049], [34.678811, -0.82882], [34.67913, -0.828752], [34.679381, -0.828522], [34.678815, -0.827553], [34.678842, -0.826286], [34.679344, -0.826126], [34.679981, -0.826128], [34.680212, -0.825299], [34.680418, -0.824701], [34.681535, -0.824312], [34.682446, -0.824107], [34.684222, -0.823951], [34.685088, -0.823677], [34.684816, -0.823331], [34.685025, -0.822248], [34.685642, -0.821467], [34.68619, -0.820892], [34.686374, -0.820386], [34.686128, -0.819142], [34.686404, -0.818221], [34.68718, -0.817716], [34.68768, -0.817879], [34.688547, -0.817444], [34.689618, -0.816986], [34.690347, -0.816711], [34.690395, -0.816205], [34.690283, -0.815398], [34.690944, -0.815216], [34.691966, -0.816094], [34.692468, -0.815496], [34.692881, -0.814737], [34.692609, -0.814322], [34.692108, -0.814412], [34.692178, -0.813929], [34.6935, -0.813472], [34.69391, -0.813219], [34.694685, -0.81283], [34.69466, -0.813613], [34.695525, -0.813661], [34.69646, -0.813157], [34.696326, -0.812212], [34.695967, -0.810829], [34.695673, -0.810137], [34.695857, -0.809631], [34.696359, -0.809287], [34.696657, -0.808735], [34.696842, -0.807929], [34.696889, -0.807284], [34.697368, -0.80717], [34.698097, -0.807057], [34.698306, -0.805791], [34.698535, -0.805216], [34.698832, -0.804894], [34.699175, -0.804411], [34.698607, -0.804271], [34.698425, -0.804294], [34.698062, -0.803832], [34.698224, -0.80305], [34.698499, -0.802428], [34.698729, -0.801623], [34.69905, -0.801002], [34.70003, -0.800682]], [[34.70003, -0.800682], [34.702669, -0.799628], [34.703628, -0.799569], [34.704104, -0.799943], [34.704307, -0.800083], [34.704998, -0.799445], [34.70596, -0.799064], [34.706877, -0.798659], [34.707741, -0.798945], [34.708535, -0.799438], [34.70961, -0.79915], [34.710869, -0.798749], [34.71206, -0.798278], [34.71245, -0.798005], [34.712706, -0.797501], [34.713166, -0.797183], [34.714486, -0.797451], [34.715398, -0.797553], [34.716813, -0.797477], [34.717773, -0.797326], [34.718553, -0.796827], [34.719014, -0.796348], [34.719434, -0.7955], [34.720119, -0.795415], [34.720557, -0.794913], [34.721071, -0.793766], [34.722367, -0.791914], [34.722917, -0.791666], [34.723581, -0.791374], [34.724405, -0.791083], [34.725339, -0.791232], [34.726268, -0.791887], [34.726466, -0.792604], [34.726095, -0.793291], [34.725725, -0.793794], [34.726153, -0.794329], [34.726125, -0.794858], [34.72628, -0.795344], [34.726982, -0.79579], [34.72794, -0.795823], [34.729014, -0.795696], [34.729262, -0.795953], [34.728982, -0.796641], [34.728976, -0.797194], [34.729248, -0.797358], [34.730038, -0.795961], [34.730845, -0.795071], [34.732191, -0.795063], [34.73378, -0.795956], [34.734342, -0.796791], [34.735091, -0.797168], [34.735243, -0.79793], [34.735554, -0.79874], [34.736079, -0.798769], [34.736583, -0.798544], [34.736883, -0.798156], [34.737277, -0.797515], [34.738117, -0.797985], [34.739305, -0.797813], [34.74038, -0.797502], [34.74139, -0.796937], [34.742555, -0.796742], [34.743428, -0.796199], [34.744272, -0.796185], [34.744816, -0.79649], [34.746367, -0.796553], [34.747553, -0.796658], [34.748669, -0.796786], [34.749557, -0.79698], [34.749991, -0.796892], [34.750454, -0.796252]]]}}, {"type": "Feature", "properties": {"name": "Mogunga", "length_km": 13.123, "dist_to_gulf_km": 34.79, "n_segments": 2}, "geometry": {"type": "MultiLineString", "coordinates": [[[34.735554, -0.79874], [34.734637, -0.799191], [34.734354, -0.80011], [34.734965, -0.800647], [34.735303, -0.801088], [34.734911, -0.801453], [34.734746, -0.802027], [34.734922, -0.802628], [34.734688, -0.803248], [34.734181, -0.803726], [34.73308, -0.80436], [34.732046, -0.805086], [34.732315, -0.805596], [34.73322, -0.80632], [34.733579, -0.806969], [34.734329, -0.807231], [34.735234, -0.808001], [34.735673, -0.809758], [34.735574, -0.810563], [34.735085, -0.811503], [34.735874, -0.812525], [34.735752, -0.81333], [34.736107, -0.814302], [34.73626, -0.814972], [34.73608, -0.816998], [34.736843, -0.818274], [34.737172, -0.819637], [34.737601, -0.820126], [34.738852, -0.820508], [34.73969, -0.821071], [34.74002, -0.822319], [34.740756, -0.824032], [34.741805, -0.824135], [34.741248, -0.825005], [34.74213, -0.825844], [34.743806, -0.827061], [34.745476, -0.826595], [34.7457, -0.826989], [34.745582, -0.827426], [34.746147, -0.827985], [34.747688, -0.829016], [34.748481, -0.829531], [34.748846, -0.829581], [34.749603, -0.829152], [34.749987, -0.829548], [34.75055, -0.830268]], [[34.75055, -0.830268], [34.75092, -0.83072], [34.751744, -0.832154], [34.751825, -0.832865], [34.7515, -0.83388], [34.751698, -0.834795], [34.7521, -0.835615], [34.753119, -0.836449], [34.754326, -0.837647], [34.755715, -0.838843], [34.756765, -0.840181], [34.758034, -0.842274], [34.758332, -0.843669], [34.7587, -0.845179], [34.759166, -0.845723], [34.759844, -0.846654], [34.760669, -0.848225], [34.760987, -0.849437], [34.761413, -0.850303], [34.761805, -0.851881], [34.761855, -0.853464], [34.76179, -0.854957], [34.761859, -0.856288], [34.763152, -0.857163], [34.764464, -0.857855], [34.76605, -0.858519], [34.766425, -0.859087], [34.76693, -0.859286], [34.767372, -0.858476], [34.768051, -0.858144], [34.768979, -0.859025], [34.770042, -0.859789], [34.770902, -0.860717], [34.771529, -0.861373], [34.772216, -0.861523], [34.772109, -0.861892], [34.772367, -0.862324], [34.772893, -0.862408], [34.772858, -0.862983], [34.773568, -0.863155], [34.774087, -0.864158], [34.774694, -0.864906], [34.775112, -0.865358], [34.775728, -0.865326], [34.776381, -0.866142], [34.776901, -0.867213], [34.776717, -0.868456], [34.776874, -0.869578], [34.777387, -0.870213], [34.778017, -0.87103], [34.778982, -0.871451], [34.780082, -0.871687], [34.781029, -0.872407], [34.781834, -0.872762], [34.782491, -0.872499], [34.782809, -0.87238], [34.783596, -0.873056], [34.783814, -0.873787], [34.784607, -0.874808], [34.785284, -0.875693], [34.785893, -0.876556], [34.785755, -0.876512], [34.786034, -0.876784], [34.786159, -0.876139], [34.786315, -0.875907], [34.786618, -0.876292], [34.786889, -0.876128], [34.787061, -0.875505], [34.787547, -0.875911], [34.788362, -0.876862], [34.788884, -0.878002]]]}}, {"type": "Feature", "properties": {"name": "Namaderema", "length_km": 13.07, "dist_to_gulf_km": 42.485, "n_segments": 2}, "geometry": {"type": "LineString", "coordinates": [[34.34888884313725, 0.4], [34.349156, 0.399875], [34.34975, 0.39999], [34.350571, 0.399416], [34.351507, 0.398634], [34.352785, 0.397968], [34.35379, 0.397393], [34.355136, 0.396658], [34.356734, 0.396475], [34.357784, 0.395533], [34.3584, 0.394751], [34.358766, 0.393623], [34.359291, 0.393278], [34.359747, 0.39268], [34.360341, 0.39199], [34.360935, 0.390909], [34.362464, 0.389921], [34.363195, 0.388403], [34.363081, 0.387068], [34.362648, 0.385341], [34.362717, 0.383891], [34.364155, 0.382166], [34.365205, 0.381339], [34.367031, 0.381064], [34.368012, 0.380421], [34.369062, 0.379662], [34.370158, 0.379272], [34.371025, 0.378766], [34.372303, 0.378008], [34.372943, 0.377019], [34.373263, 0.375753], [34.374883, 0.374673], [34.376937, 0.37357], [34.378741, 0.372582], [34.380019, 0.371432], [34.381023, 0.370075], [34.381594, 0.369201]]}}, {"type": "Feature", "properties": {"name": "Awach", "length_km": 12.691, "dist_to_gulf_km": 1.241, "n_segments": 2}, "geometry": {"type": "MultiLineString", "coordinates": [[[34.638806, -0.063635], [34.639883, -0.063121], [34.640001, -0.062338], [34.639958, -0.061691], [34.640578, -0.061256], [34.640672, -0.06068], [34.640995, -0.05992], [34.641593, -0.05923], [34.642098, -0.058702], [34.642926, -0.057483], [34.643364, -0.056678], [34.644192, -0.055736], [34.644951, -0.054701], [34.645844, -0.054336], [34.646419, -0.053531], [34.646558, -0.053186], [34.646425, -0.052285], [34.646704, -0.051225], [34.647051, -0.05035], [34.647673, -0.049361], [34.647838, -0.048093], [34.647866, -0.047032], [34.647549, -0.046246], [34.646911, -0.045851], [34.647154, -0.045532], [34.647084, -0.045204], [34.647014, -0.044852], [34.648131, -0.043919], [34.648841, -0.043783], [34.650946, -0.043309], [34.650816, -0.041762], [34.650298, -0.039868], [34.649072, -0.038017], [34.647593, -0.036557], [34.645515, -0.035924], [34.644123, -0.035226], [34.642227, -0.034894], [34.63951, -0.034166], [34.638773, -0.034234], [34.638347, -0.033353], [34.637553, -0.03215], [34.637009, -0.031017], [34.635691, -0.029304], [34.634352, -0.027037], [34.633669, -0.026249], [34.634201, -0.025006], [34.634755, -0.023832], [34.635082, -0.022334], [34.635338, -0.021227]], [[34.812476, -0.05125], [34.811933, -0.051575], [34.811794, -0.051231], [34.810792, -0.050915], [34.809627, -0.049772], [34.809214, -0.049084], [34.809344, -0.048003], [34.808249, -0.047342], [34.807248, -0.047233], [34.806173, -0.04602], [34.805465, -0.04538], [34.805028, -0.044578], [34.805159, -0.043611], [34.804561, -0.042235], [34.805009, -0.041129], [34.80548, -0.040023], [34.805338, -0.03892], [34.804921, -0.037589], [34.80389, -0.036123], [34.803703, -0.035135], [34.80347, -0.034217], [34.803103, -0.033575], [34.802743, -0.034244], [34.800965, -0.033426], [34.800482, -0.032302], [34.799224, -0.031044], [34.79817, -0.029556], [34.797491, -0.029996], [34.796873, -0.029241], [34.795489, -0.029823], [34.794699, -0.030908], [34.794227, -0.031854], [34.792615, -0.032139], [34.791336, -0.031065], [34.78963, -0.030936], [34.789288, -0.030777], [34.788496, -0.031426], [34.788126, -0.030301], [34.786874, -0.030009], [34.786232, -0.029024], [34.785885, -0.028037], [34.785903, -0.027163], [34.785147, -0.026064], [34.784457, -0.024596], [34.784408, -0.024044], [34.78438, -0.02301], [34.784444, -0.022205], [34.784874, -0.021927], [34.784482, -0.02094], [34.784436, -0.020894]]]}}, {"type": "Feature", "properties": {"name": "Ainaplakwet", "length_km": 12.668, "dist_to_gulf_km": 50.262, "n_segments": 1}, "geometry": {"type": "LineString", "coordinates": [[35.262852, -0.674743], [35.262465, -0.674375], [35.262965, -0.673733], [35.263716, -0.673228], [35.262919, -0.672447], [35.262373, -0.671527], [35.262009, -0.670631], [35.262623, -0.670195], [35.263078, -0.669208], [35.263737, -0.668474], [35.263464, -0.666383], [35.263396, -0.665212], [35.263873, -0.664914], [35.264533, -0.664937], [35.265465, -0.664639], [35.266466, -0.664388], [35.266875, -0.662941], [35.267626, -0.662344], [35.268627, -0.662207], [35.269422, -0.661106], [35.269445, -0.660026], [35.269991, -0.659361], [35.270491, -0.658879], [35.270013, -0.657776], [35.270149, -0.655938], [35.27074, -0.65417], [35.27124, -0.653045], [35.271513, -0.652379], [35.272582, -0.651944], [35.274197, -0.651348], [35.275539, -0.65089], [35.276995, -0.650179], [35.277882, -0.650042], [35.278564, -0.649606], [35.279337, -0.6494], [35.280861, -0.648781], [35.281612, -0.648529], [35.282339, -0.648507], [35.283681, -0.648301], [35.285364, -0.647085], [35.286956, -0.646352], [35.288571, -0.645365], [35.289344, -0.644998], [35.291073, -0.643553], [35.292346, -0.642383], [35.293233, -0.641671], [35.293688, -0.640408], [35.294324, -0.638388], [35.295484, -0.636804], [35.297121, -0.635313], [35.298736, -0.634143], [35.3, -0.6333929699948276]]}}, {"type": "Feature", "properties": {"name": "Yurith", "length_km": 12.494, "dist_to_gulf_km": 22.556, "n_segments": 1}, "geometry": {"type": "LineString", "coordinates": [[35.086794, -0.473194], [35.08716, -0.473607], [35.087957, -0.473055], [35.088594, -0.47255], [35.088825, -0.473536], [35.089417, -0.473467], [35.089986, -0.472778], [35.090326, -0.471997], [35.090711, -0.471033], [35.091142, -0.470046], [35.091322, -0.469334], [35.091776, -0.468622], [35.093007, -0.468415], [35.094033, -0.468207], [35.094534, -0.468], [35.095083, -0.468642], [35.095586, -0.469192], [35.096384, -0.46926], [35.096705, -0.469971], [35.096891, -0.471233], [35.097189, -0.471852], [35.098009, -0.471599], [35.09876, -0.470933], [35.098781, -0.470152], [35.098801, -0.469257], [35.099779, -0.468293], [35.100233, -0.467305], [35.100413, -0.466295], [35.10041, -0.465125], [35.100522, -0.464528], [35.101252, -0.464734], [35.101779, -0.465697], [35.102693, -0.466293], [35.103719, -0.466498], [35.104701, -0.466796], [35.105772, -0.466588], [35.106227, -0.466106], [35.106999, -0.465095], [35.107499, -0.464314], [35.108, -0.464199], [35.108596, -0.46507], [35.109121, -0.465391], [35.109713, -0.465161], [35.11117, -0.464219], [35.111943, -0.463323], [35.111736, -0.462681], [35.112032, -0.462313], [35.112258, -0.461556], [35.112415, -0.460615], [35.113075, -0.460086], [35.114305, -0.459511], [35.115102, -0.459189], [35.1159, -0.459096], [35.116675, -0.458935], [35.117814, -0.458567], [35.118702, -0.458107], [35.119589, -0.457348], [35.12025, -0.456981], [35.121025, -0.457095], [35.122075, -0.457461], [35.123443, -0.457276], [35.124035, -0.457183], [35.124994, -0.457733], [35.126432, -0.457984], [35.127184, -0.457845], [35.128005, -0.458028], [35.128916, -0.457752], [35.129805, -0.457521], [35.129966, -0.458003], [35.129831, -0.4586], [35.130765, -0.45853], [35.130516, -0.459219], [35.13127, -0.459562], [35.132181, -0.459309], [35.133025, -0.459216], [35.133618, -0.459514], [35.134304, -0.460362], [35.13474, -0.461119], [35.135267, -0.46238], [35.135544, -0.463435], [35.136069, -0.463756], [35.136707, -0.463709], [35.136655, -0.4613], [35.137179, -0.460978], [35.13834, -0.46022], [35.139225, -0.458636], [35.139314, -0.457832], [35.139929, -0.457396], [35.140814, -0.45588], [35.141449, -0.454388], [35.141926, -0.453768], [35.142451, -0.45402], [35.143091, -0.45457], [35.144168, -0.456542], [35.144284, -0.457506], [35.1444, -0.458102], [35.145722, -0.457963], [35.146543, -0.458054], [35.147298, -0.459109], [35.148305, -0.460393], [35.149309, -0.460667], [35.150221, -0.460827], [35.15068, -0.461836], [35.150842, -0.462822], [35.150503, -0.463878], [35.150277, -0.464659], [35.151142, -0.464291], [35.151893, -0.463395], [35.152598, -0.46305], [35.153169, -0.463141], [35.153604, -0.463737], [35.153833, -0.464265], [35.154584, -0.463805], [35.155312, -0.462978], [35.156405, -0.462633], [35.157909, -0.462126], [35.158479, -0.46208]]}}, {"type": "Feature", "properties": {"name": "Kabutie", "length_km": 12.395, "dist_to_gulf_km": 40.449, "n_segments": 1}, "geometry": {"type": "LineString", "coordinates": [[35.049589, 0.210077], [35.050365, 0.210508], [35.05084, 0.210092], [35.051573, 0.210959], [35.052371, 0.21139], [35.053212, 0.211178], [35.054142, 0.210735], [35.055486, 0.211162], [35.055854, 0.211871], [35.056089, 0.213156], [35.056438, 0.214417], [35.056923, 0.215607], [35.057775, 0.217416], [35.058488, 0.218766], [35.058856, 0.219452], [35.059136, 0.220713], [35.059712, 0.221835], [35.0606, 0.221989], [35.061285, 0.222582], [35.0622, 0.223356], [35.06359, 0.22376], [35.065549, 0.224229], [35.0668, 0.224289], [35.067845, 0.224098], [35.068732, 0.224023], [35.069846, 0.224038], [35.071167, 0.224374], [35.072125, 0.224849], [35.073809, 0.224883], [35.07549, 0.224596], [35.07642, 0.224131], [35.077511, 0.223985], [35.07933, 0.223996], [35.080262, 0.22392], [35.081988, 0.223449], [35.083419, 0.223026], [35.08437, 0.222353], [35.085458, 0.221794], [35.087257, 0.222126], [35.089012, 0.222665], [35.089674, 0.223051], [35.090104, 0.222842], [35.090011, 0.222429], [35.091463, 0.221776], [35.093121, 0.221443], [35.094618, 0.220698], [35.09525, 0.219844], [35.096592, 0.219903], [35.098255, 0.220443], [35.099529, 0.220388], [35.100779, 0.220196], [35.102026, 0.219636], [35.103231, 0.219582], [35.103757, 0.219945], [35.105667, 0.219978], [35.107239, 0.22045], [35.109015, 0.220759], [35.110086, 0.221027], [35.111723, 0.220947], [35.113519, 0.220797], [35.114358, 0.2204], [35.114899, 0.219616], [35.117312, 0.219898], [35.119044, 0.220506], [35.119386, 0.220595], [35.120301, 0.221622], [35.122371, 0.221585], [35.123189, 0.221419], [35.123634, 0.219785], [35.123859, 0.219301], [35.124471, 0.21909], [35.124971, 0.218995], [35.125611, 0.21945], [35.12602, 0.219516], [35.126632, 0.219098], [35.127016, 0.218636], [35.127855, 0.218217], [35.129194, 0.217703], [35.130444, 0.217487], [35.13192, 0.21711], [35.132893, 0.216391], [35.134004, 0.21574], [35.13534, 0.21479], [35.135995, 0.214073], [35.138347, 0.211669], [35.139385, 0.210307], [35.140197, 0.209222], [35.140808, 0.208666], [35.142214, 0.207945]]}}, {"type": "Feature", "properties": {"name": "Sambul", "length_km": 12.337, "dist_to_gulf_km": 61.232, "n_segments": 1}, "geometry": {"type": "LineString", "coordinates": [[35.250176, 0.261679], [35.25117, 0.260797], [35.251823, 0.259918], [35.252704, 0.259083], [35.253274, 0.259146], [35.25371, 0.259601], [35.254223, 0.260928], [35.254712, 0.262117], [35.255351, 0.262202], [35.256504, 0.261273], [35.257502, 0.26085], [35.257889, 0.2608], [35.258617, 0.260747], [35.258915, 0.260997], [35.259376, 0.261566], [35.25988, 0.261883], [35.260431, 0.262428], [35.260642, 0.263115], [35.260971, 0.264145], [35.261566, 0.264553], [35.262314, 0.264132], [35.263332, 0.263387], [35.263656, 0.263889], [35.263547, 0.264464], [35.263757, 0.265082], [35.264853, 0.265347], [35.265758, 0.264741], [35.266147, 0.264875], [35.266459, 0.264114], [35.267211, 0.264245], [35.267828, 0.264491], [35.267718, 0.26486], [35.267882, 0.26534], [35.268904, 0.265032], [35.270225, 0.265042], [35.271447, 0.264249], [35.273122, 0.263039], [35.274099, 0.2628], [35.274829, 0.262976], [35.275462, 0.262396], [35.276143, 0.26216], [35.276808, 0.262682], [35.277224, 0.263343], [35.278245, 0.262966], [35.278607, 0.26271], [35.278987, 0.26188], [35.279538, 0.262448], [35.280115, 0.260744], [35.281439, 0.261075], [35.282315, 0.262237], [35.283362, 0.262204], [35.284413, 0.262584], [35.285141, 0.26244], [35.285715, 0.263031], [35.286396, 0.262817], [35.287131, 0.263476], [35.2875, 0.264001], [35.287935, 0.26418], [35.28821, 0.26443], [35.288912, 0.263964], [35.289089, 0.263388], [35.289661, 0.26375], [35.290146, 0.264503], [35.290992, 0.264885], [35.291147, 0.264309], [35.291949, 0.264853], [35.293345, 0.265665], [35.294196, 0.266598], [35.294817, 0.267281], [35.294824, 0.267993], [35.294902, 0.26914], [35.295072, 0.270309], [35.295084, 0.271664], [35.295576, 0.273128], [35.296157, 0.2745], [35.296848, 0.275274], [35.297032, 0.275479], [35.297694, 0.275656], [35.298089, 0.276525], [35.298756, 0.277276], [35.299313, 0.278418], [35.298884, 0.278813], [35.298548, 0.279436], [35.29853, 0.280056], [35.2991, 0.280073], [35.299835, 0.280755], [35.3, 0.28079242268041127]]}}, {"type": "Feature", "properties": {"name": "Cheplelachbei", "length_km": 12.278, "dist_to_gulf_km": 56.212, "n_segments": 1}, "geometry": {"type": "LineString", "coordinates": [[35.250581, 0.172231], [35.251448, 0.172529], [35.251447, 0.17175], [35.251881, 0.172323], [35.2522, 0.173377], [35.252451, 0.173996], [35.253249, 0.174432], [35.25391, 0.174248], [35.254503, 0.173583], [35.25505, 0.173239], [35.255712, 0.173583], [35.255917, 0.173927], [35.256624, 0.173239], [35.257353, 0.172321], [35.257946, 0.171771], [35.258083, 0.171611], [35.258767, 0.171473], [35.259793, 0.171197], [35.260842, 0.170968], [35.261594, 0.170853], [35.261845, 0.170807], [35.262871, 0.171082], [35.263669, 0.171013], [35.264376, 0.171426], [35.264833, 0.17209], [35.266178, 0.173099], [35.267273, 0.173649], [35.268002, 0.173878], [35.268504, 0.173648], [35.269028, 0.173167], [35.269234, 0.173098], [35.26937, 0.173579], [35.26969, 0.173763], [35.269598, 0.174244], [35.2701, 0.174313], [35.270351, 0.174542], [35.271354, 0.175344], [35.27197, 0.175894], [35.272723, 0.176857], [35.273384, 0.177247], [35.273407, 0.177705], [35.274091, 0.177889], [35.275208, 0.178347], [35.27644, 0.179355], [35.277329, 0.179814], [35.277945, 0.180043], [35.278355, 0.180455], [35.278925, 0.180845], [35.279108, 0.18112], [35.279792, 0.18151], [35.280066, 0.181945], [35.280567, 0.182495], [35.281206, 0.182656], [35.281821, 0.182449], [35.282118, 0.182862], [35.282642, 0.183068], [35.28287, 0.18371], [35.283965, 0.184604], [35.284307, 0.185291], [35.284558, 0.185979], [35.284763, 0.186392], [35.284695, 0.186942], [35.2849, 0.187332], [35.285493, 0.187584], [35.286063, 0.187148], [35.286793, 0.186873], [35.287226, 0.186643], [35.287591, 0.186896], [35.288298, 0.187354], [35.288663, 0.18701], [35.289096, 0.186505], [35.28978, 0.187376], [35.290578, 0.187789], [35.29076, 0.186574], [35.291148, 0.186803], [35.291467, 0.187307], [35.292174, 0.187192], [35.293109, 0.186986], [35.293542, 0.186734], [35.293884, 0.186412], [35.294454, 0.186573], [35.294203, 0.1871], [35.294614, 0.187444], [35.295024, 0.18788], [35.295549, 0.187994], [35.296256, 0.187856], [35.296985, 0.187398], [35.297578, 0.187122], [35.298445, 0.186618], [35.299516, 0.186228], [35.3, 0.18605561643835714]]}}, {"type": "Feature", "properties": {"name": "Maugo", "length_km": 12.196, "dist_to_gulf_km": 0.527, "n_segments": 2}, "geometry": {"type": "MultiLineString", "coordinates": [[[34.554201, -0.499288], [34.554429, -0.499841], [34.555456, -0.500257], [34.555592, -0.501247], [34.555728, -0.502191], [34.555865, -0.502513], [34.556663, -0.503297], [34.557073, -0.503851], [34.557301, -0.504265], [34.557552, -0.504726], [34.558008, -0.505095], [34.558555, -0.506155], [34.558578, -0.506615], [34.558805, -0.507076], [34.558531, -0.507743], [34.558484, -0.508111], [34.558964, -0.508457], [34.557912, -0.509536], [34.557683, -0.509789], [34.557796, -0.511054], [34.55784, -0.511929], [34.557177, -0.512732], [34.557131, -0.513054], [34.557565, -0.513424], [34.557632, -0.514206], [34.55786, -0.514575], [34.558019, -0.515127], [34.557905, -0.515564], [34.55827, -0.515726], [34.558498, -0.516279], [34.558336, -0.517498], [34.558816, -0.517752], [34.559181, -0.518121], [34.559066, -0.518696], [34.558814, -0.519064], [34.558562, -0.519385], [34.558881, -0.520146], [34.559452, -0.520308], [34.560137, -0.520471], [34.560571, -0.520357], [34.561166, -0.519806], [34.562032, -0.521166], [34.562784, -0.522019], [34.56299, -0.522364], [34.562487, -0.522892], [34.561983, -0.523466], [34.562325, -0.524019], [34.562188, -0.524318], [34.561821, -0.525537], [34.56198, -0.526757], [34.562573, -0.526873], [34.562572, -0.527701], [34.562937, -0.528232], [34.563508, -0.528348], [34.564261, -0.529247], [34.564534, -0.529869], [34.564602, -0.530629], [34.564738, -0.530928], [34.563893, -0.531271], [34.563504, -0.531454], [34.564075, -0.531962], [34.564714, -0.532539]], [[34.554201, -0.499288], [34.554242, -0.498193], [34.554014, -0.49757], [34.55438, -0.497387], [34.554679, -0.496397], [34.554474, -0.495843], [34.554131, -0.495635], [34.554086, -0.494966], [34.553744, -0.49432], [34.553287, -0.493858], [34.55267, -0.493787], [34.552006, -0.493602], [34.551526, -0.493877], [34.550931, -0.493599], [34.55029, -0.493736], [34.549809, -0.494173], [34.54942, -0.494241], [34.549168, -0.494379], [34.548894, -0.494286], [34.548573, -0.494354], [34.548231, -0.494054], [34.547613, -0.493684], [34.547317, -0.493199], [34.546997, -0.492922], [34.546813, -0.493382], [34.546265, -0.493058], [34.545761, -0.492965], [34.545259, -0.492157], [34.544367, -0.491901], [34.543681, -0.491531], [34.543476, -0.491162], [34.543614, -0.490609], [34.543958, -0.49001], [34.54412, -0.48925], [34.544761, -0.488722], [34.545609, -0.48817], [34.546136, -0.487319], [34.546618, -0.486421], [34.546779, -0.485661], [34.54669, -0.484232], [34.546371, -0.483286], [34.548273, -0.481493], [34.548684, -0.482208], [34.549414, -0.483109], [34.550375, -0.483457], [34.551404, -0.483597], [34.552068, -0.483438], [34.55273, -0.484015], [34.553141, -0.484616], [34.553597, -0.485608], [34.554398, -0.485817], [34.555565, -0.485843], [34.556962, -0.484901], [34.55717, -0.483519], [34.557743, -0.482759], [34.558088, -0.481723], [34.55818, -0.481032], [34.558594, -0.479811], [34.559259, -0.478799], [34.559283, -0.47813], [34.558644, -0.477022], [34.558416, -0.476377], [34.558212, -0.475016], [34.558213, -0.474486], [34.558603, -0.473819], [34.558307, -0.473173], [34.557964, -0.472711], [34.557554, -0.471996], [34.557304, -0.470935], [34.557007, -0.470173], [34.556047, -0.469756], [34.555568, -0.469179], [34.555477, -0.468464], [34.556097, -0.466945], [34.556258, -0.466415], [34.555527, -0.465676], [34.554659, -0.465005], [34.554019, -0.464174], [34.553426, -0.463596]]]}}, {"type": "Feature", "properties": {"name": "Mbugra", "length_km": 12.163, "dist_to_gulf_km": 0.0, "n_segments": 1}, "geometry": {"type": "LineString", "coordinates": [[34.856026, -0.293842], [34.856117, -0.295156], [34.856345, -0.296147], [34.856664, -0.297485], [34.857395, -0.298707], [34.858126, -0.29993], [34.858811, -0.301291], [34.859657, -0.302606], [34.860617, -0.303967], [34.861394, -0.304844], [34.861919, -0.306181], [34.862765, -0.307289], [34.863748, -0.308466], [34.864067, -0.309642], [34.864432, -0.310979], [34.864591, -0.312016], [34.865094, -0.313423], [34.865162, -0.314091], [34.864886, -0.314898], [34.864862, -0.31628], [34.865479, -0.317572], [34.865958, -0.319094], [34.8663, -0.320592], [34.866756, -0.322275], [34.866617, -0.323865], [34.866524, -0.325386], [34.866796, -0.328245], [34.865879, -0.330179], [34.865945, -0.332231], [34.866608, -0.333614], [34.867545, -0.334768], [34.868414, -0.335876], [34.869374, -0.33696], [34.87038, -0.337999], [34.871362, -0.339591], [34.871888, -0.340698], [34.871704, -0.34185], [34.871863, -0.342956], [34.8728, -0.344548], [34.873234, -0.345378], [34.873622, -0.346001], [34.874286, -0.346163], [34.874582, -0.347408], [34.874467, -0.348491], [34.874351, -0.349966], [34.87412, -0.351879], [34.874096, -0.352985], [34.873386, -0.353307], [34.874621, -0.354553], [34.87375, -0.356096], [34.872285, -0.356555], [34.873588, -0.357962], [34.874455, -0.361167], [34.875162, -0.363173], [34.875711, -0.363981], [34.877175, -0.364651], [34.878295, -0.365874], [34.879919, -0.367075], [34.880948, -0.36786], [34.881978, -0.368484], [34.885731, -0.368213], [34.887768, -0.368907], [34.890537, -0.369004], [34.891841, -0.369052], [34.89278, -0.368638], [34.894131, -0.367626], [34.896169, -0.367168], [34.898114, -0.367309], [34.900311, -0.367681], [34.900172, -0.368902], [34.899896, -0.370377], [34.899689, -0.371229]]}}, {"type": "Feature", "properties": {"name": "Misiwi", "length_km": 11.82, "dist_to_gulf_km": 23.384, "n_segments": 1}, "geometry": {"type": "LineString", "coordinates": [[34.186103, -0.846578], [34.187156, -0.845221], [34.18693, -0.842987], [34.187003, -0.839694], [34.187464, -0.836817], [34.187512, -0.835136], [34.187217, -0.833201], [34.187631, -0.830991], [34.188273, -0.829656], [34.189283, -0.826871], [34.190476, -0.823373], [34.191531, -0.821002], [34.193157, -0.819186], [34.195151, -0.815803], [34.196114, -0.813479], [34.197282, -0.812537], [34.198884, -0.811664], [34.200761, -0.809917], [34.201861, -0.808468], [34.201999, -0.807086], [34.202185, -0.805152], [34.2023, -0.804116], [34.201478, -0.803055], [34.19933, -0.801555], [34.198235, -0.800034], [34.196932, -0.798857], [34.196272, -0.796623], [34.195564, -0.795493], [34.194651, -0.794387], [34.1936, -0.793395], [34.19255, -0.791919], [34.190473, -0.788209], [34.189218, -0.786319], [34.187939, -0.78459], [34.186319, -0.782123], [34.185224, -0.779842], [34.184083, -0.777906], [34.183262, -0.775763], [34.183103, -0.774703], [34.18434, -0.773439], [34.185118, -0.772818], [34.186788, -0.772153], [34.188413, -0.771303], [34.189535, -0.770453], [34.189697, -0.768634], [34.189243, -0.765893], [34.188355, -0.762668], [34.187374, -0.760985], [34.186233, -0.759049], [34.185206, -0.757274], [34.184773, -0.756168], [34.18475, -0.756099]]}}, {"type": "Feature", "properties": {"name": "Boreguwet", "length_km": 11.749, "dist_to_gulf_km": 32.688, "n_segments": 1}, "geometry": {"type": "LineString", "coordinates": [[35.086602, -0.625427], [35.087284, -0.625592], [35.087897, -0.625756], [35.088531, -0.626312], [35.089439, -0.626525], [35.090344, -0.627404], [35.090342, -0.627864], [35.090784, -0.630213], [35.091211, -0.631066], [35.091638, -0.632081], [35.092859, -0.633399], [35.094693, -0.634813], [35.095553, -0.635577], [35.096852, -0.63524], [35.098401, -0.634813], [35.09949, -0.63521], [35.100282, -0.636043], [35.101344, -0.637268], [35.102373, -0.636286], [35.1031, -0.636451], [35.103507, -0.636983], [35.104714, -0.636553], [35.106398, -0.63654], [35.107923, -0.636228], [35.108489, -0.636783], [35.109332, -0.636535], [35.11054, -0.636083], [35.110928, -0.635901], [35.111267, -0.636133], [35.112044, -0.635471], [35.11207, -0.634942], [35.113002, -0.63504], [35.11453, -0.634382], [35.11585, -0.634207], [35.116352, -0.633865], [35.117062, -0.632949], [35.118338, -0.632543], [35.119634, -0.63262], [35.120389, -0.631797], [35.120984, -0.631248], [35.121034, -0.630467], [35.12154, -0.629435], [35.122812, -0.629604], [35.124291, -0.629613], [35.125769, -0.629691], [35.126997, -0.629606], [35.128091, -0.629245], [35.128528, -0.62842], [35.129351, -0.627735], [35.130396, -0.627903], [35.131377, -0.627403], [35.132448, -0.626903], [35.13279, -0.626859], [35.133792, -0.626612], [35.134888, -0.625906], [35.136184, -0.625891], [35.137751, -0.626292], [35.138798, -0.626183], [35.139963, -0.625247], [35.141033, -0.62507], [35.14217, -0.625146], [35.143057, -0.625151], [35.143922, -0.625042], [35.144786, -0.625139], [35.146059, -0.625216], [35.147378, -0.625201], [35.148469, -0.625322], [35.1487, -0.624703], [35.149955, -0.624021], [35.150727, -0.624324], [35.151866, -0.623849], [35.152891, -0.623602], [35.153618, -0.623767], [35.154712, -0.623452], [35.155102, -0.622764], [35.156719, -0.62236], [35.158244, -0.622186], [35.15911, -0.6218], [35.15934, -0.621457], [35.160157, -0.621761], [35.161158, -0.621675], [35.162045, -0.621634], [35.162407, -0.621981], [35.163015, -0.62325], [35.164529, -0.624961], [35.165614, -0.626255], [35.166861, -0.626953], [35.168726, -0.626872], [35.170203, -0.627226], [35.171517, -0.628177], [35.172833, -0.62876], [35.174559, -0.629069]]}}, {"type": "Feature", "properties": {"name": "Nyandiwa", "length_km": 11.693, "dist_to_gulf_km": 0.284, "n_segments": 2}, "geometry": {"type": "MultiLineString", "coordinates": [[[34.422372, -0.172448], [34.422127, -0.171293], [34.421063, -0.17034], [34.419048, -0.171998], [34.419407, -0.169683], [34.41916, -0.16899], [34.419415, -0.167885], [34.418807, -0.166612], [34.418584, -0.165757], [34.418497, -0.164857], [34.419049, -0.163477], [34.418805, -0.162276], [34.418491, -0.161237], [34.418997, -0.159995], [34.419571, -0.158892], [34.419735, -0.157924], [34.419626, -0.156817], [34.419611, -0.155294], [34.419435, -0.153956], [34.41901, -0.152385], [34.418993, -0.151278], [34.418704, -0.149915], [34.418571, -0.149061], [34.418802, -0.148347], [34.419353, -0.147198], [34.420565, -0.145708], [34.421817, -0.145324], [34.422691, -0.143393], [34.422809, -0.142333], [34.423498, -0.140862], [34.424074, -0.139274], [34.424629, -0.13741], [34.425408, -0.136124], [34.425734, -0.134397], [34.426216, -0.133478], [34.426309, -0.132994], [34.426264, -0.132856], [34.426128, -0.132762], [34.426269, -0.13191], [34.42607, -0.130663], [34.426073, -0.129902], [34.426213, -0.129235], [34.427032, -0.129079], [34.427381, -0.127421], [34.427251, -0.126082], [34.427391, -0.125391], [34.426802, -0.124926], [34.426623, -0.124348]], [[34.686844, -0.504785], [34.68737, -0.504627], [34.687738, -0.503985], [34.688283, -0.504678], [34.689561, -0.504823], [34.690292, -0.504803], [34.690819, -0.504323], [34.691322, -0.504004], [34.691983, -0.504284], [34.693057, -0.504059], [34.694085, -0.504065], [34.695183, -0.503427], [34.695892, -0.503063], [34.697103, -0.502977], [34.699157, -0.502965], [34.700231, -0.502902], [34.701006, -0.503159], [34.702077, -0.503625], [34.703265, -0.50347], [34.704407, -0.503476], [34.705316, -0.504355], [34.706273, -0.504981], [34.707118, -0.50494], [34.707872, -0.504691], [34.709477, -0.502883], [34.711103, -0.50165], [34.712865, -0.500739], [34.714465, -0.500173], [34.71618, -0.499653], [34.718668, -0.499851], [34.720493, -0.50009], [34.721841, -0.49996], [34.723485, -0.499922], [34.725421, -0.501037], [34.727153, -0.501736], [34.728772, -0.502251], [34.730095, -0.502649], [34.73039, -0.503133]]]}}, {"type": "Feature", "properties": {"name": "Little Oroba", "length_km": 11.63, "dist_to_gulf_km": 15.624, "n_segments": 1}, "geometry": {"type": "LineString", "coordinates": [[34.985242, -0.083568], [34.984892, -0.081546], [34.985408, -0.07982], [34.986443, -0.077564], [34.987187, -0.075975], [34.987249, -0.074596], [34.98706, -0.072872], [34.987576, -0.071399], [34.988364, -0.069649], [34.988695, -0.067372], [34.988694, -0.061878], [34.988754, -0.059946], [34.988387, -0.059235], [34.986409, -0.059057], [34.984705, -0.059109], [34.982748, -0.058701], [34.982292, -0.058427], [34.982607, -0.052196], [34.981534, -0.051279], [34.981052, -0.050154], [34.980366, -0.049191], [34.980514, -0.046616], [34.981405, -0.042383], [34.981193, -0.04059], [34.98012, -0.039421], [34.978927, -0.036988], [34.978147, -0.035266], [34.977185, -0.033545], [34.976543, -0.032122], [34.975698, -0.031251], [34.9754, -0.030608], [34.974808, -0.030426], [34.974372, -0.02937], [34.973051, -0.028708], [34.972228, -0.027768], [34.971843, -0.028091], [34.971114, -0.027656], [34.970655, -0.026623], [34.970151, -0.025682], [34.969535, -0.025017], [34.968372, -0.024309], [34.966825, -0.0239], [34.966616, -0.022958], [34.967498, -0.021943], [34.967338, -0.021507], [34.965493, -0.020685], [34.965191, -0.0191], [34.965794, -0.016638], [34.964488, -0.014228], [34.964731, -0.012549], [34.964018, -0.01062], [34.962875, -0.008992], [34.962801, -0.007636], [34.963591, -0.006575], [34.964451, -0.00563], [34.965381, -0.005167], [34.965061, -0.004732], [34.965852, -0.003603], [34.965712, -0.002821], [34.966049, -0.001855], [34.967141, -0.00215], [34.968113, -0.000813], [34.96852, -0.00049], [34.96915, 0.001144]]}}, {"type": "Feature", "properties": {"name": "Bala", "length_km": 11.535, "dist_to_gulf_km": 12.252, "n_segments": 2}, "geometry": {"type": "MultiLineString", "coordinates": [[[34.45607, -0.689766], [34.454872, -0.68728], [34.45384, -0.68627], [34.453672, -0.684518], [34.452705, -0.682653], [34.452448, -0.681501], [34.452279, -0.679427], [34.451792, -0.677768], [34.451055, -0.676318], [34.450358, -0.673554], [34.4498, -0.671411], [34.449428, -0.669844], [34.449078, -0.668278]], [[34.449078, -0.668278], [34.449027, -0.667079], [34.449456, -0.665901], [34.449907, -0.664746], [34.450473, -0.663637], [34.451269, -0.662758], [34.451745, -0.661949], [34.45213, -0.661417], [34.449078, -0.668278]], [[34.449078, -0.668278], [34.448252, -0.667428], [34.447881, -0.665976], [34.447669, -0.664593], [34.447778, -0.663348], [34.447907, -0.66171], [34.447833, -0.660534], [34.447508, -0.659175], [34.44682, -0.658486], [34.44611, -0.658027], [34.445605, -0.657568], [34.44487, -0.656533], [34.444749, -0.654942], [34.444993, -0.653442], [34.44508, -0.652312], [34.445555, -0.651365], [34.44491, -0.650122], [34.444174, -0.648879], [34.444054, -0.647704]], [[34.266176, -0.899926], [34.268889, -0.899804], [34.270099, -0.90026], [34.272332, -0.899771], [34.274134, -0.899904], [34.277327, -0.899987], [34.279336, -0.900878], [34.28171, -0.901469], [34.284104, -0.901486], [34.286113, -0.901963], [34.287551, -0.902557], [34.28874, -0.903496], [34.289839, -0.904688], [34.291781, -0.905786], [34.29381, -0.905735], [34.29609, -0.905613], [34.297848, -0.906068], [34.301316, -0.906886], [34.304144, -0.906809], [34.305716, -0.906414], [34.306992, -0.906226], [34.30738, -0.90634]]]}}, {"type": "Feature", "properties": {"name": "Jesume", "length_km": 11.414, "dist_to_gulf_km": 35.26, "n_segments": 2}, "geometry": {"type": "MultiLineString", "coordinates": [[[35.005558, -0.748676], [35.00542, -0.749021], [35.00544, -0.749965], [35.005755, -0.751163], [35.00598, -0.752108], [35.006434, -0.752938], [35.007822, -0.754047], [35.009642, -0.755572], [35.011144, -0.756704], [35.012053, -0.757789], [35.01319, -0.758966], [35.013985, -0.760097], [35.014439, -0.760881], [35.015006, -0.761665], [35.016053, -0.762612], [35.017146, -0.763167], [35.018217, -0.763792], [35.01931, -0.76444], [35.020427, -0.764489], [35.021364, -0.764054], [35.021614, -0.764331], [35.02209, -0.765414], [35.024252, -0.767078], [35.025116, -0.76807], [35.026505, -0.768926], [35.02719, -0.768698], [35.027783, -0.76886], [35.028578, -0.769807], [35.030213, -0.772183], [35.03069, -0.772921], [35.031212, -0.773521], [35.031827, -0.774144], [35.032596, -0.776103], [35.033163, -0.777072], [35.033547, -0.778155], [35.034113, -0.77963], [35.035047, -0.779909], [35.035846, -0.77998], [35.036599, -0.779936], [35.037649, -0.779847], [35.038242, -0.779733], [35.039658, -0.779277]], [[35.005558, -0.748676], [35.00509, -0.74776], [35.004844, -0.746977], [35.004507, -0.746193], [35.004012, -0.745224], [35.003154, -0.744], [35.00248, -0.742524], [35.002302, -0.741879], [35.001943, -0.740819], [35.001474, -0.739367], [35.001478, -0.738539], [35.002355, -0.736337], [35.003156, -0.735399], [35.003617, -0.734366], [35.00385, -0.733241], [35.004127, -0.732461], [35.005, -0.73104], [35.005756, -0.729941], [35.006559, -0.728819], [35.007315, -0.727673], [35.008207, -0.726851], [35.009261, -0.725546], [35.010614, -0.723393], [35.011257, -0.722316], [35.01183, -0.721491], [35.012479, -0.719356], [35.013216, -0.717682], [35.013903, -0.716835], [35.014886, -0.715967], [35.016102, -0.713997], [35.016744, -0.713058], [35.017136, -0.712255], [35.017509, -0.710556], [35.018431, -0.708216], [35.01928, -0.707002], [35.020012, -0.706155], [35.020676, -0.705377], [35.021361, -0.705014], [35.022634, -0.705182]]]}}, {"type": "Feature", "properties": {"name": "Mandamanywa", "length_km": 11.4, "dist_to_gulf_km": 44.243, "n_segments": 1}, "geometry": {"type": "LineString", "coordinates": [[34.873975, 0.377819], [34.875573, 0.378672], [34.876326, 0.379203], [34.87676, 0.379388], [34.877262, 0.379596], [34.877557, 0.38054], [34.878151, 0.380932], [34.878905, 0.381048], [34.879681, 0.381441], [34.880228, 0.382201], [34.880866, 0.383169], [34.882646, 0.384115], [34.883332, 0.384231], [34.883606, 0.383932], [34.88379, 0.383357], [34.88443, 0.383127], [34.885001, 0.382967], [34.885733, 0.382668], [34.886463, 0.383337], [34.886921, 0.382485], [34.887377, 0.382992], [34.88868, 0.382764], [34.889571, 0.38265], [34.889664, 0.381752], [34.891103, 0.381569], [34.892359, 0.381985], [34.89325, 0.382355], [34.893524, 0.382217], [34.894483, 0.382863], [34.895031, 0.383048], [34.895281, 0.383716], [34.895463, 0.384315], [34.895874, 0.384085], [34.896262, 0.384385], [34.896925, 0.384454], [34.897289, 0.384985], [34.897837, 0.385446], [34.898543, 0.386529], [34.899501, 0.387635], [34.899751, 0.388603], [34.900412, 0.389455], [34.901348, 0.390124], [34.902399, 0.390056], [34.902811, 0.389804], [34.903587, 0.39015], [34.904157, 0.390864], [34.905296, 0.393099], [34.905523, 0.394067], [34.905772, 0.395402], [34.90609, 0.396301], [34.9073, 0.3972], [34.908097, 0.398606], [34.907844, 0.399757], [34.90782687706147, 0.4]]}}, {"type": "Feature", "properties": {"name": "Seme Awach", "length_km": 11.37, "dist_to_gulf_km": 2.475, "n_segments": 1}, "geometry": {"type": "LineString", "coordinates": [[34.475522, -0.12441], [34.476398, -0.123439], [34.476129, -0.122861], [34.475471, -0.122486], [34.475406, -0.122071], [34.475384, -0.12191], [34.475274, -0.121425], [34.474503, -0.120819], [34.47396, -0.120238], [34.473527, -0.120164], [34.473713, -0.119729], [34.47431, -0.119321], [34.474771, -0.118728], [34.475001, -0.1185], [34.475641, -0.118392], [34.475307, -0.117445], [34.475039, -0.116706], [34.474474, -0.116032], [34.473382, -0.115583], [34.472839, -0.114979], [34.472639, -0.114356], [34.472914, -0.114244], [34.47315, -0.113234], [34.472772, -0.112056], [34.472708, -0.11148], [34.473325, -0.111418], [34.473607, -0.110432], [34.473594, -0.109235], [34.47305, -0.108746], [34.472854, -0.107708], [34.472952, -0.106789], [34.473435, -0.10638], [34.473443, -0.10546], [34.473289, -0.104699], [34.472949, -0.104442], [34.473138, -0.103661], [34.473691, -0.102954], [34.473856, -0.102312], [34.473586, -0.101871], [34.474141, -0.101003], [34.474239, -0.100153], [34.474313, -0.099463], [34.474345, -0.098405], [34.47401, -0.097458], [34.474221, -0.09677], [34.474225, -0.096356], [34.474138, -0.095872], [34.473685, -0.095384], [34.473691, -0.09467], [34.473995, -0.09373], [34.474046, -0.093132], [34.474099, -0.092189], [34.474266, -0.091317], [34.474545, -0.090675], [34.475075, -0.090106], [34.475282, -0.089878], [34.474989, -0.089507], [34.474879, -0.088976], [34.475178, -0.08868], [34.475386, -0.088337], [34.475489, -0.086935], [34.47522, -0.086334], [34.475546, -0.085532], [34.47537, -0.084748], [34.475422, -0.083966], [34.476139, -0.0828], [34.476509, -0.082297], [34.477124, -0.08235], [34.477517, -0.081733], [34.477567, -0.081296], [34.477777, -0.080723], [34.477986, -0.080219], [34.478652, -0.07972], [34.478882, -0.079469], [34.479075, -0.078229], [34.479177, -0.076918], [34.478931, -0.076317], [34.479388, -0.076276], [34.479918, -0.075707], [34.480188, -0.076147], [34.480532, -0.07592], [34.481067, -0.074683], [34.481415, -0.074066], [34.48222, -0.073292], [34.482841, -0.0727], [34.483143, -0.071967], [34.483968, -0.071608], [34.484637, -0.070717], [34.484625, -0.06936], [34.485004, -0.067707], [34.485396, -0.067182], [34.486063, -0.06666], [34.486682, -0.066229], [34.486666, -0.065401], [34.48651, -0.064962], [34.486721, -0.064274], [34.486726, -0.063698], [34.487255, -0.063221], [34.487628, -0.062281], [34.487862, -0.061478], [34.487823, -0.060742], [34.488871, -0.060914], [34.489243, -0.060089], [34.489498, -0.059609], [34.489979, -0.059407], [34.490121, -0.058856], [34.490375, -0.058422], [34.491085, -0.05813], [34.491619, -0.057031], [34.492127, -0.056277], [34.493226, -0.055829], [34.494127, -0.05455], [34.493952, -0.053604], [34.494006, -0.05257], [34.494493, -0.051631], [34.49482, -0.05076], [34.49533, -0.04973], [34.495085, -0.049037], [34.496504, -0.048546], [34.497011, -0.048022], [34.497338, -0.047036], [34.497757, -0.04612], [34.498468, -0.045691], [34.498647, -0.046107], [34.499059, -0.045904], [34.499678, -0.04552], [34.499112, -0.04503], [34.499232, -0.044249], [34.499417, -0.044021], [34.499897, -0.04398], [34.500514, -0.043849]]}}, {"type": "Feature", "properties": {"name": "Arambe", "length_km": 11.274, "dist_to_gulf_km": 44.287, "n_segments": 1}, "geometry": {"type": "LineString", "coordinates": [[34.565604, -0.93588], [34.566379, -0.935418], [34.567176, -0.934934], [34.567631, -0.933783], [34.568496, -0.932746], [34.569499, -0.932469], [34.570184, -0.93286], [34.571187, -0.932536], [34.572145, -0.932444], [34.572236, -0.932029], [34.572874, -0.931568], [34.57374, -0.931636], [34.574288, -0.932004], [34.575247, -0.932256], [34.575954, -0.932739], [34.576525, -0.933107], [34.577186, -0.932508], [34.578234, -0.931609], [34.579488, -0.931677], [34.580287, -0.932044], [34.581314, -0.932389], [34.581838, -0.932204], [34.582248, -0.931375], [34.583365, -0.93142], [34.584598, -0.93181], [34.586081, -0.932177], [34.586788, -0.932107], [34.587358, -0.93213], [34.58818, -0.932658], [34.589047, -0.932957], [34.5898, -0.932979], [34.590666, -0.932656], [34.591509, -0.932057], [34.59185, -0.931596], [34.593355, -0.931272], [34.594313, -0.931432], [34.595043, -0.931478], [34.595431, -0.931155], [34.596365, -0.930671], [34.597573, -0.930094], [34.598393, -0.929403], [34.599737, -0.92825], [34.600672, -0.927881], [34.60245, -0.927373], [34.604251, -0.926865], [34.605391, -0.926565], [34.606349, -0.926103], [34.607375, -0.925987], [34.608606, -0.925963], [34.609816, -0.926215], [34.611459, -0.927088], [34.612533, -0.928192], [34.613834, -0.929411], [34.614452, -0.930446], [34.616049, -0.931089], [34.617008, -0.931479], [34.61856, -0.932398], [34.619587, -0.932858], [34.621047, -0.933064], [34.622894, -0.932763], [34.624467, -0.932255], [34.625676, -0.932092], [34.62636, -0.932138], [34.628092, -0.931146], [34.629004, -0.931076], [34.630396, -0.931282], [34.63181, -0.931373], [34.632837, -0.931717], [34.633818, -0.931739], [34.634821, -0.931531], [34.635573, -0.930817], [34.636097, -0.93054], [34.637672, -0.93139], [34.638379, -0.931735], [34.638859, -0.93201], [34.640342, -0.932699], [34.640662, -0.93309], [34.641507, -0.933757], [34.642853, -0.934193], [34.644998, -0.934605], [34.64655, -0.935225], [34.648421, -0.935569], [34.650063, -0.93582], [34.651386, -0.936187], [34.652459, -0.936716], [34.653692, -0.937244], [34.654536, -0.937565], [34.656065, -0.938139]]}}, {"type": "Feature", "properties": {"name": "Nyamagun", "length_km": 11.252, "dist_to_gulf_km": 1.279, "n_segments": 1}, "geometry": {"type": "LineString", "coordinates": [[34.506816, -0.128427], [34.507387, -0.128797], [34.507798, -0.128983], [34.508049, -0.129491], [34.508849, -0.129216], [34.509717, -0.128988], [34.510518, -0.12876], [34.510906, -0.128645], [34.511295, -0.128347], [34.511912, -0.128141], [34.512508, -0.127382], [34.513171, -0.126969], [34.513948, -0.126994], [34.515137, -0.126674], [34.515937, -0.126123], [34.517266, -0.124144], [34.518684, -0.123272], [34.519713, -0.12256], [34.520446, -0.121594], [34.521202, -0.120328], [34.522781, -0.118603], [34.523949, -0.117362], [34.524773, -0.116142], [34.525619, -0.115775], [34.526169, -0.114578], [34.527016, -0.113589], [34.527223, -0.112645], [34.527385, -0.111631], [34.528209, -0.110803], [34.528325, -0.109536], [34.52867, -0.108545], [34.529767, -0.107926], [34.530248, -0.107489], [34.530979, -0.107353], [34.531847, -0.107655], [34.532235, -0.107863], [34.53283, -0.107289], [34.533676, -0.107199], [34.534934, -0.10651], [34.535209, -0.10582], [34.535736, -0.105129], [34.536514, -0.104071], [34.537063, -0.103635], [34.537406, -0.103382], [34.537886, -0.103291], [34.538389, -0.103039], [34.538983, -0.103594], [34.539257, -0.103756], [34.53944, -0.103226], [34.539464, -0.10265], [34.540287, -0.10256], [34.541109, -0.102931], [34.542115, -0.102611], [34.542959, -0.10342], [34.543918, -0.10356], [34.5444, -0.102386], [34.54518, -0.100659], [34.546392, -0.099856], [34.547835, -0.097462], [34.548775, -0.095436], [34.5496, -0.094055], [34.550517, -0.092513], [34.551021, -0.091178], [34.551526, -0.09005], [34.55219, -0.089314], [34.551803, -0.088022], [34.551531, -0.087053], [34.552355, -0.085857], [34.552882, -0.084682], [34.553662, -0.083301], [34.554578, -0.082059], [34.555447, -0.081347], [34.556888, -0.08059], [34.559036, -0.080135], [34.560499, -0.080208], [34.561551, -0.079404], [34.562124, -0.078414], [34.563085, -0.077564], [34.564983, -0.076624], [34.566056, -0.076765], [34.567794, -0.075894], [34.569624, -0.074631], [34.570265, -0.074033], [34.57134, -0.073298], [34.572346, -0.072771], [34.573238, -0.072496], [34.573856, -0.072014], [34.574908, -0.071049]]}}, {"type": "Feature", "properties": {"name": "Sianda", "length_km": 11.235, "dist_to_gulf_km": 22.724, "n_segments": 2}, "geometry": {"type": "MultiLineString", "coordinates": [[[34.37125, 0.276877], [34.371184, 0.277844], [34.371734, 0.279016], [34.372078, 0.280097], [34.37265, 0.281132], [34.374044, 0.282233], [34.375552, 0.28384], [34.37674, 0.284803], [34.378247, 0.285973], [34.380028, 0.287049], [34.381512, 0.28785], [34.382289, 0.288516], [34.382657, 0.290034], [34.383002, 0.291415], [34.383529, 0.292564], [34.384421, 0.293966], [34.384856, 0.294701], [34.385633, 0.295389], [34.38641, 0.296216], [34.387599, 0.297847], [34.388741, 0.29881], [34.390066, 0.299911], [34.391299, 0.300944], [34.392053, 0.301586], [34.391553, 0.302324], [34.39135, 0.303292], [34.391466, 0.304097], [34.391263, 0.305433]], [[34.288122, 0.206862], [34.289501, 0.207248], [34.290683, 0.207433], [34.292365, 0.207411], [34.293933, 0.207365], [34.295093, 0.206745], [34.296229, 0.206653], [34.297275, 0.206861], [34.29898, 0.206194], [34.300185, 0.205619], [34.301322, 0.204998], [34.302959, 0.205091], [34.305232, 0.204977], [34.306574, 0.204034], [34.308256, 0.203436], [34.310529, 0.203207], [34.311643, 0.202931], [34.313485, 0.20261], [34.315804, 0.202081], [34.317577, 0.201369], [34.31976, 0.200587], [34.321442, 0.200381], [34.323851, 0.200497], [34.326419, 0.200866], [34.328988, 0.201189], [34.330147, 0.201788], [34.332306, 0.201904], [34.334397, 0.201652], [34.336625, 0.201354], [34.33858, 0.201516], [34.339943, 0.201862], [34.340943, 0.202414], [34.341852, 0.203335], [34.342829, 0.204003], [34.344442, 0.204901], [34.345146, 0.205454], [34.346169, 0.206099], [34.347418, 0.207135], [34.348054, 0.207527]]]}}, {"type": "Feature", "properties": {"name": "Dhenena", "length_km": 11.196, "dist_to_gulf_km": 9.527, "n_segments": 2}, "geometry": {"type": "MultiLineString", "coordinates": [[[34.49991, 0.017563], [34.500845, 0.017696], [34.502054, 0.017804], [34.502623, 0.017571], [34.503603, 0.017704], [34.504628, 0.017538], [34.505653, 0.017486], [34.506976, 0.017525], [34.507614, 0.017636], [34.508411, 0.017426], [34.50914, 0.017353], [34.509871, 0.017647], [34.51092, 0.017871], [34.511855, 0.018004], [34.512951, 0.018319], [34.514183, 0.018749], [34.515096, 0.018836], [34.516665, 0.018184], [34.517439, 0.017974], [34.518303, 0.017395], [34.519012, 0.01792], [34.519878, 0.017984], [34.521017, 0.017932], [34.521703, 0.018318], [34.522361, 0.017764], [34.522768, 0.017073], [34.523909, 0.017251], [34.525254, 0.017404], [34.526142, 0.017193], [34.527667, 0.016863], [34.528304, 0.016607], [34.529193, 0.016557], [34.529926, 0.017379], [34.531158, 0.017671], [34.53232, 0.01755], [34.53362, 0.017634], [34.535238, 0.01758], [34.536261, 0.017047], [34.536829, 0.016722], [34.537899, 0.016395], [34.539129, 0.016205], [34.541202, 0.015964], [34.542592, 0.015934], [34.543758, 0.016846], [34.544494, 0.018219], [34.544612, 0.019021], [34.546349, 0.020205], [34.547242, 0.021141], [34.547702, 0.02185], [34.548277, 0.023132], [34.548762, 0.02446], [34.549657, 0.025833], [34.550642, 0.026768], [34.552698, 0.027973], [34.553613, 0.028634], [34.554643, 0.0295], [34.555421, 0.030276], [34.556065, 0.031535], [34.556297, 0.03236]], [[34.471156, 0.026694], [34.471546, 0.025431], [34.472389, 0.025593], [34.472686, 0.025318], [34.474237, 0.025183], [34.474877, 0.024541], [34.475174, 0.02399], [34.475449, 0.023531], [34.476657, 0.023809], [34.477774, 0.023834], [34.478664, 0.023376], [34.479214, 0.02232], [34.480673, 0.022621], [34.481106, 0.022806], [34.482338, 0.02244], [34.483364, 0.022282], [34.484961, 0.022101], [34.48667, 0.022379], [34.487858, 0.021371], [34.489938, 0.018939], [34.491148, 0.018091], [34.49336, 0.017911], [34.495229, 0.018121], [34.496666, 0.018331], [34.498467, 0.018173], [34.49991, 0.017563]]]}}, {"type": "Feature", "properties": {"name": "Kundos (Kapchure)", "length_km": 11.175, "dist_to_gulf_km": 24.15, "n_segments": 1}, "geometry": {"type": "LineString", "coordinates": [[35.064911, -0.067181], [35.064838, -0.066424], [35.065523, -0.066558], [35.066022, -0.065958], [35.066268, -0.065107], [35.066446, -0.064164], [35.067264, -0.063654], [35.067992, -0.063305], [35.068155, -0.063833], [35.068769, -0.063531], [35.06936, -0.063068], [35.069696, -0.061986], [35.070034, -0.061204], [35.070283, -0.060881], [35.070968, -0.061061], [35.071443, -0.0603], [35.071301, -0.059221], [35.070703, -0.058375], [35.07088, -0.057409], [35.070714, -0.056146], [35.07153, -0.055108], [35.072325, -0.054507], [35.073052, -0.053928], [35.073503, -0.052984], [35.073615, -0.05257], [35.07407, -0.052475], [35.074659, -0.051622], [35.075977, -0.050719], [35.077387, -0.049907], [35.077911, -0.049744], [35.078868, -0.049669], [35.079936, -0.04886], [35.080344, -0.048375], [35.0811, -0.048945], [35.082353, -0.048617], [35.083261, -0.047739], [35.08353, -0.046979], [35.08366, -0.045692], [35.084663, -0.045503], [35.086219, -0.046482], [35.087674, -0.045624], [35.088079, -0.044473], [35.088826, -0.043435], [35.089117, -0.042469], [35.090207, -0.041452], [35.091187, -0.041217], [35.092532, -0.041095], [35.092913, -0.039898], [35.093271, -0.038587], [35.09313, -0.03783], [35.093602, -0.036472], [35.093936, -0.034908], [35.09425, -0.033896], [35.094907, -0.033042], [35.09463, -0.032447], [35.095486, -0.03042], [35.096045, -0.02835], [35.096198, -0.027132], [35.096445, -0.026441], [35.097449, -0.02639], [35.098084, -0.025812], [35.09911, -0.02576], [35.099172, -0.024566], [35.099603, -0.024104], [35.100335, -0.024398], [35.101586, -0.023748], [35.101443, -0.022647], [35.101874, -0.022185], [35.102578, -0.021584], [35.102937, -0.020433], [35.103596, -0.019947], [35.103252, -0.019719], [35.102746, -0.018941], [35.102283, -0.017566], [35.102439, -0.016991], [35.103261, -0.017032], [35.10344, -0.016411], [35.102681, -0.015198], [35.102654, -0.014463], [35.102465, -0.013269], [35.102051, -0.012537], [35.1015, -0.011942], [35.101449, -0.01084], [35.102292, -0.010721], [35.102769, -0.010396], [35.102835, -0.009868], [35.102989, -0.008787], [35.102574, -0.007986], [35.101983, -0.008379], [35.101545, -0.007555], [35.101948, -0.006174], [35.101072, -0.004342], [35.101457, -0.003765], [35.102593, -0.002955], [35.102793, -0.001989], [35.102516, -0.00137], [35.1016, -0.000732], [35.101597, -0.000204], [35.101959, 0.000418], [35.102183, 0.0012]]}}, {"type": "Feature", "properties": {"name": "Uludhi", "length_km": 11.123, "dist_to_gulf_km": 14.228, "n_segments": 2}, "geometry": {"type": "MultiLineString", "coordinates": [[[34.410786, 0.075609], [34.412013, 0.076788], [34.412809, 0.076812], [34.413492, 0.077205], [34.41333, 0.07824], [34.413761, 0.079046], [34.414876, 0.079693], [34.41624, 0.080501], [34.417992, 0.081263], [34.419198, 0.081656], [34.420085, 0.082049], [34.42163, 0.083479], [34.423632, 0.084541], [34.42486, 0.085003], [34.425976, 0.085259], [34.42743, 0.086481], [34.429819, 0.087636], [34.43389, 0.089691], [34.435984, 0.090385], [34.437644, 0.091516], [34.438711, 0.092668], [34.439528, 0.094258], [34.440596, 0.095479], [34.441297, 0.097598]], [[34.30406, 0.15692], [34.304538, 0.155908], [34.304743, 0.155033], [34.305812, 0.154665], [34.306835, 0.154735], [34.307312, 0.15439], [34.308221, 0.154736], [34.310245, 0.154253], [34.310927, 0.153793], [34.311291, 0.153011], [34.311905, 0.152965], [34.312336, 0.153472], [34.312882, 0.153173], [34.313405, 0.152759], [34.314223, 0.152644], [34.314632, 0.153035], [34.315065, 0.152276], [34.315838, 0.151678], [34.316611, 0.151195], [34.31768, 0.150988], [34.318612, 0.150367], [34.319726, 0.149793], [34.321091, 0.148988], [34.322023, 0.148298], [34.322978, 0.147677], [34.323433, 0.147378], [34.323433, 0.147032], [34.324706, 0.147447], [34.326479, 0.147402], [34.327706, 0.147149], [34.329775, 0.146782], [34.331844, 0.145586], [34.332436, 0.145379], [34.33364, 0.145472], [34.335027, 0.145058], [34.336686, 0.145289], [34.337709, 0.145681], [34.338663, 0.146625], [34.339504, 0.146717], [34.340413, 0.146096], [34.341209, 0.145475], [34.34171, 0.144992], [34.343007, 0.142991], [34.343984, 0.143083], [34.344439, 0.1426], [34.344894, 0.142209], [34.345031, 0.141841], [34.345054, 0.141565], [34.345713, 0.141818], [34.346622, 0.141404], [34.3471, 0.140622], [34.347987, 0.140369], [34.348941, 0.140738], [34.349078, 0.139863], [34.349829, 0.138897], [34.350557, 0.137747], [34.351103, 0.136849], [34.351461, 0.135116]]]}}, {"type": "Feature", "properties": {"name": "Iyabe", "length_km": 11.032, "dist_to_gulf_km": 17.494, "n_segments": 2}, "geometry": {"type": "MultiLineString", "coordinates": [[[34.645441, -0.669757], [34.646445, -0.669778], [34.646241, -0.670355], [34.646835, -0.670791], [34.647269, -0.671205], [34.647725, -0.670858], [34.648317, -0.670511], [34.648841, -0.670326], [34.649297, -0.670072], [34.649615, -0.669887], [34.649935, -0.669909], [34.650527, -0.669654], [34.651098, -0.669792], [34.651463, -0.670021], [34.651782, -0.669744], [34.651963, -0.66926], [34.652373, -0.668913], [34.652806, -0.668959], [34.653012, -0.669235], [34.653014, -0.669926], [34.65354, -0.670339], [34.654201, -0.670407], [34.65418, -0.670983], [34.65425, -0.671651], [34.653955, -0.672066], [34.654321, -0.672664], [34.654892, -0.672893], [34.65487, -0.673492], [34.654574, -0.673654], [34.654644, -0.674276], [34.654965, -0.674667], [34.655171, -0.67492], [34.655467, -0.674965], [34.655446, -0.675449], [34.655697, -0.675702], [34.656313, -0.675746], [34.656998, -0.67616], [34.657206, -0.676988], [34.657504, -0.677771], [34.657916, -0.678461], [34.658442, -0.67869], [34.658854, -0.679288], [34.659312, -0.679955], [34.660271, -0.680391], [34.661184, -0.680804], [34.661892, -0.681033], [34.662827, -0.681007], [34.66342, -0.681283], [34.663673, -0.681858], [34.664038, -0.682064], [34.664631, -0.681948], [34.665431, -0.682476], [34.665866, -0.683143], [34.666144, -0.684939], [34.666306, -0.685837], [34.666809, -0.686527], [34.667313, -0.687148], [34.667838, -0.687539]], [[34.696148, -0.725531], [34.696217, -0.726145], [34.695946, -0.726883], [34.696174, -0.726975], [34.696561, -0.726835], [34.69711, -0.727363], [34.697157, -0.727847], [34.69791, -0.728259], [34.699098, -0.729038], [34.700081, -0.730026], [34.700334, -0.730785], [34.701361, -0.731289], [34.701637, -0.732094], [34.70214, -0.732829], [34.703669, -0.733193], [34.704721, -0.734572], [34.705588, -0.734776], [34.706341, -0.734981], [34.706914, -0.736131], [34.708011, -0.736865], [34.709175, -0.737621], [34.709952, -0.73801], [34.711298, -0.738352], [34.712691, -0.739269], [34.714449, -0.74], [34.716182, -0.740317], [34.717711, -0.740635], [34.719193, -0.740723], [34.720629, -0.740649], [34.722317, -0.740897], [34.723321, -0.741217], [34.724461, -0.741167], [34.725167, -0.741004], [34.72585, -0.740587], [34.727833, -0.740328], [34.729247, -0.740323], [34.731208, -0.740478], [34.732006, -0.740407], [34.734241, -0.740676], [34.735768, -0.740695], [34.736841, -0.740899], [34.73798, -0.740826], [34.739325, -0.740615], [34.740579, -0.740726], [34.742108, -0.741044], [34.744411, -0.741267], [34.745666, -0.741447], [34.746511, -0.741928], [34.747811, -0.742293], [34.749066, -0.742542], [34.749759, -0.742537], [34.750274, -0.742455]]]}}, {"type": "Feature", "properties": {"name": "Nyangeta", "length_km": 11.003, "dist_to_gulf_km": 8.256, "n_segments": 1}, "geometry": {"type": "LineString", "coordinates": [[34.893471, -0.095543], [34.895379, -0.095211], [34.898468, -0.094687], [34.900263, -0.094678], [34.902032, -0.093863], [34.90307, -0.092524], [34.904449, -0.091114], [34.906078, -0.089725], [34.907274, -0.088201], [34.90802, -0.087415], [34.908598, -0.084998], [34.909721, -0.082555], [34.910574, -0.080596], [34.911334, -0.078315], [34.911824, -0.076542], [34.911991, -0.073943], [34.912204, -0.071321], [34.912229, -0.067712], [34.911971, -0.062218], [34.911477, -0.059186], [34.911872, -0.056586], [34.91161, -0.054472], [34.911232, -0.051807], [34.910877, -0.049349], [34.911297, -0.047278], [34.911581, -0.04523], [34.911661, -0.043092], [34.912307, -0.040881], [34.913772, -0.038551], [34.913807, -0.036665], [34.91453, -0.035857], [34.915479, -0.034817], [34.916082, -0.032905], [34.916145, -0.031939], [34.917752, -0.03062], [34.917382, -0.029495], [34.917535, -0.02846], [34.917052, -0.027497], [34.917337, -0.025587], [34.916874, -0.024095], [34.916563, -0.021246], [34.915208, -0.018771], [34.914357, -0.016936], [34.913367, -0.014688], [34.912884, -0.013679], [34.912375, -0.012142], [34.911908, -0.009891]]}}, {"type": "Feature", "properties": {"name": "Cheptebes", "length_km": 10.814, "dist_to_gulf_km": 36.729, "n_segments": 3}, "geometry": {"type": "MultiLineString", "coordinates": [[[35.2502, -0.486745], [35.251773, -0.486263], [35.252389, -0.486148], [35.252844, -0.484766], [35.253619, -0.483914], [35.254349, -0.483707], [35.254827, -0.483062], [35.255192, -0.482256], [35.256651, -0.481497], [35.257495, -0.481382], [35.259296, -0.480531], [35.259934, -0.479679], [35.260367, -0.478734], [35.261416, -0.478574], [35.262464, -0.477953], [35.263011, -0.477446], [35.263147, -0.475925], [35.263831, -0.474658], [35.264788, -0.473461], [35.265745, -0.472586], [35.267319, -0.472195], [35.268664, -0.471459], [35.269918, -0.470976], [35.270716, -0.470908], [35.271628, -0.470747], [35.272312, -0.470425], [35.273087, -0.469781], [35.273839, -0.469205], [35.274159, -0.468883]], [[35.219335, -0.477486], [35.220592, -0.477211], [35.221118, -0.476913], [35.22153, -0.476546], [35.221553, -0.476155], [35.221827, -0.47565], [35.22217, -0.475995], [35.222787, -0.476431], [35.22313, -0.476432], [35.223426, -0.476776], [35.223724, -0.476753], [35.224181, -0.476294], [35.224752, -0.476203], [35.225095, -0.477006], [35.225346, -0.477259], [35.225826, -0.477535], [35.226808, -0.477719], [35.227471, -0.477995], [35.228042, -0.478477], [35.228705, -0.478638], [35.229436, -0.478707], [35.229961, -0.479327], [35.230898, -0.480682], [35.232154, -0.480889], [35.233343, -0.481303], [35.234143, -0.481166], [35.234851, -0.482015], [35.235673, -0.482268], [35.236519, -0.482498], [35.237135, -0.483095], [35.238026, -0.484106], [35.238689, -0.484611], [35.239603, -0.485163], [35.240471, -0.485507], [35.241408, -0.485921], [35.242162, -0.486311], [35.242847, -0.486863], [35.243715, -0.487804], [35.244858, -0.487897], [35.246, -0.487553], [35.247166, -0.48737], [35.24776, -0.487117], [35.248286, -0.486842], [35.249314, -0.486475], [35.2502, -0.486745]], [[35.25007, -0.506888], [35.251687, -0.507238], [35.253191, -0.507428], [35.254742, -0.507343], [35.256109, -0.507577], [35.258936, -0.507612], [35.260759, -0.508101], [35.26208, -0.508358], [35.264452, -0.508139], [35.265842, -0.508305], [35.266913, -0.508653], [35.268416, -0.509048], [35.269235, -0.509739], [35.271424, -0.50961], [35.273408, -0.509527], [35.275391, -0.509467], [35.276394, -0.509654], [35.277511, -0.509705]]]}}, {"type": "Feature", "properties": {"name": "Osengeteti", "length_km": 10.794, "dist_to_gulf_km": 23.227, "n_segments": 1}, "geometry": {"type": "LineString", "coordinates": [[35.071667, -0.106148], [35.072506, -0.105155], [35.0733, -0.104416], [35.074054, -0.104573], [35.074054, -0.104596], [35.074644, -0.104018], [35.075625, -0.104013], [35.077019, -0.10451], [35.077497, -0.104393], [35.078133, -0.103815], [35.078792, -0.103283], [35.079455, -0.10367], [35.080528, -0.103778], [35.081511, -0.104141], [35.082196, -0.104321], [35.08354, -0.103923], [35.085683, -0.103727], [35.087303, -0.103787], [35.08865, -0.103986], [35.08945, -0.104303], [35.090476, -0.104297], [35.091499, -0.10358], [35.092003, -0.103967], [35.093144, -0.104053], [35.094717, -0.104021], [35.09556, -0.103764], [35.096449, -0.103621], [35.097134, -0.103847], [35.097796, -0.103889], [35.098119, -0.10453], [35.098987, -0.104778], [35.099831, -0.104774], [35.10018, -0.106012], [35.100891, -0.106674], [35.101007, -0.10711], [35.100781, -0.107502], [35.101261, -0.107752], [35.101356, -0.108302], [35.101861, -0.10892], [35.102341, -0.109216], [35.102934, -0.109098], [35.103529, -0.109577], [35.104282, -0.109458], [35.105148, -0.109292], [35.105945, -0.109058], [35.106542, -0.109859], [35.106728, -0.110547], [35.107367, -0.110497], [35.108072, -0.110195], [35.108917, -0.110443], [35.109441, -0.110325], [35.110147, -0.110022], [35.110741, -0.110295], [35.111154, -0.110706], [35.112064, -0.110241], [35.113293, -0.109614], [35.113812, -0.108647], [35.114491, -0.107747], [35.115788, -0.10712], [35.116379, -0.10668], [35.117014, -0.106079], [35.118467, -0.104808], [35.119082, -0.104575], [35.119653, -0.104686], [35.1202, -0.104706], [35.121019, -0.104288], [35.121402, -0.10339], [35.121743, -0.103136], [35.122225, -0.103592], [35.122564, -0.103016], [35.122992, -0.102026], [35.12413, -0.101629], [35.124379, -0.101214], [35.12483, -0.100385], [35.124984, -0.099167], [35.125846, -0.09845], [35.12648, -0.097505], [35.127229, -0.09688], [35.128076, -0.097335], [35.129078, -0.097146], [35.130535, -0.096632], [35.132447, -0.095726], [35.13338, -0.095307], [35.134087, -0.095326], [35.134979, -0.095895], [35.135712, -0.096374], [35.137038, -0.096872], [35.137996, -0.096866], [35.138769, -0.09638], [35.139997, -0.095799], [35.140771, -0.09545], [35.141454, -0.095216], [35.141957, -0.095443], [35.14221, -0.095763], [35.14301, -0.096103], [35.143171, -0.096378], [35.1429, -0.096839], [35.142719, -0.097093], [35.143383, -0.097663], [35.143773, -0.097983], [35.144273, -0.097658], [35.14466, -0.097541], [35.144982, -0.098045], [35.145527, -0.097537], [35.145981, -0.097281], [35.146282, -0.098015], [35.146829, -0.098057], [35.14717, -0.097803], [35.147488, -0.097549], [35.147944, -0.097477], [35.148033, -0.097086], [35.14858, -0.096899], [35.149173, -0.096988]]}}, {"type": "Feature", "properties": {"name": "Ramosha", "length_km": 10.779, "dist_to_gulf_km": 58.21, "n_segments": 1}, "geometry": {"type": "LineString", "coordinates": [[34.964353, -0.942024], [34.964601, -0.943747], [34.964621, -0.946113], [34.964483, -0.947284], [34.963615, -0.94935], [34.96347018327606, -0.9500000000000001]]}}, {"type": "Feature", "properties": {"name": "Makindu", "length_km": 10.683, "dist_to_gulf_km": 27.727, "n_segments": 1}, "geometry": {"type": "LineString", "coordinates": [[35.118078, -0.128539], [35.119081, -0.129322], [35.119583, -0.129323], [35.119993, -0.130266], [35.120312, -0.13075], [35.120677, -0.130842], [35.121224, -0.130659], [35.12152, -0.130935], [35.121589, -0.131464], [35.122227, -0.131971], [35.123641, -0.132064], [35.125077, -0.132411], [35.125579, -0.132664], [35.125602, -0.1334], [35.126057, -0.133838], [35.12697, -0.133839], [35.128064, -0.133196], [35.128292, -0.132345], [35.128748, -0.131311], [35.129797, -0.130484], [35.130687, -0.130186], [35.131622, -0.130486], [35.132465, -0.129981], [35.13283, -0.130694], [35.13356, -0.130695], [35.134403, -0.130328], [35.135065, -0.129914], [35.135749, -0.129892], [35.136342, -0.129824], [35.137345, -0.12948], [35.13828, -0.128814], [35.138873, -0.129159], [35.139693, -0.129114], [35.139215, -0.128401], [35.138941, -0.127734], [35.139808, -0.127389], [35.140606, -0.127597], [35.140788, -0.127896], [35.141062, -0.128587], [35.142133, -0.128266], [35.142498, -0.128496], [35.142909, -0.12806], [35.14341, -0.127853], [35.143752, -0.128084], [35.144345, -0.127532], [35.145257, -0.128315], [35.146329, -0.129328], [35.146899, -0.128915], [35.147765, -0.129215], [35.14813, -0.129928], [35.148061, -0.131285], [35.148129, -0.131791], [35.148768, -0.131539], [35.149612, -0.131885], [35.150136, -0.13131], [35.150501, -0.130943], [35.150729, -0.131311], [35.151527, -0.131174], [35.152165, -0.131083], [35.152735, -0.131934], [35.152804, -0.132486], [35.153191, -0.132671], [35.153488, -0.132096], [35.154468, -0.131775], [35.155654, -0.13173], [35.15782, -0.131388], [35.158778, -0.13109], [35.159211, -0.130814], [35.159644, -0.13001], [35.160944, -0.12962], [35.161423, -0.129597], [35.162905, -0.128357], [35.164387, -0.127692], [35.165345, -0.12721], [35.165596, -0.126727], [35.166531, -0.12682], [35.167466, -0.126706], [35.168355, -0.127236], [35.170156, -0.127652], [35.171, -0.128021], [35.172208, -0.128574], [35.172937, -0.128667], [35.173713, -0.128208], [35.174693, -0.128117], [35.175354, -0.12814], [35.176723, -0.12759], [35.177863, -0.127131], [35.178706, -0.126327], [35.179687, -0.125638], [35.180508, -0.125064], [35.181146, -0.125548], [35.182332, -0.125066], [35.183495, -0.124607], [35.184544, -0.123918], [35.186049, -0.123322], [35.186687, -0.123415], [35.18728, -0.122909], [35.188169, -0.123025], [35.188945, -0.122428], [35.189788, -0.121808], [35.190404, -0.121763], [35.190974, -0.121234], [35.191818, -0.120821], [35.192365, -0.120592], [35.192388, -0.119971], [35.192981, -0.119673], [35.193505, -0.119466], [35.193756, -0.119398]]}}, {"type": "Feature", "properties": {"name": "Rigari", "length_km": 10.441, "dist_to_gulf_km": 9.497, "n_segments": 1}, "geometry": {"type": "LineString", "coordinates": [[34.983766, -0.410453], [34.984151, -0.411355], [34.983942, -0.411908], [34.98417, -0.412301], [34.984695, -0.412443], [34.984968, -0.412906], [34.985241, -0.413254], [34.986133, -0.413374], [34.986612, -0.413769], [34.986722, -0.4146], [34.987017, -0.415202], [34.987199, -0.415618], [34.986512, -0.415753], [34.985847, -0.416004], [34.985251, -0.416324], [34.98495, -0.417061], [34.985199, -0.417708], [34.985655, -0.418149], [34.985515, -0.418657], [34.985514, -0.41898], [34.985992, -0.419559], [34.985895, -0.420736], [34.985663, -0.42145], [34.985613, -0.422466], [34.985404, -0.423296], [34.985127, -0.423687], [34.9851, -0.424679], [34.985144, -0.425026], [34.985142, -0.425487], [34.985323, -0.426158], [34.98555, -0.426413], [34.98477, -0.427055], [34.984835, -0.427886], [34.985288, -0.428835], [34.985648, -0.430292], [34.985896, -0.431285], [34.986121, -0.432141], [34.986164, -0.432695], [34.987625, -0.433649], [34.988787, -0.434694], [34.989035, -0.435457], [34.990085, -0.436155], [34.991292, -0.437431], [34.992316, -0.438775], [34.992952, -0.439933], [34.993082, -0.441549], [34.993467, -0.442567], [34.993968, -0.443077], [34.994676, -0.443543], [34.994923, -0.444606], [34.995695, -0.445903], [34.995394, -0.446686], [34.995432, -0.448556], [34.995794, -0.44962], [34.995672, -0.451258], [34.995691, -0.452297], [34.995504, -0.453265], [34.995066, -0.453933], [34.994721, -0.454392], [34.994121, -0.455451], [34.994163, -0.456305], [34.994043, -0.457782], [34.993992, -0.458821], [34.993828, -0.459882], [34.993342, -0.46101], [34.992512, -0.462599], [34.992258, -0.463105], [34.992413, -0.464283], [34.992386, -0.465206], [34.992864, -0.465786], [34.993729, -0.466783], [34.994092, -0.46757], [34.994341, -0.468194], [34.993857, -0.469138], [34.993372, -0.470198], [34.993297, -0.471651], [34.99329, -0.473152], [34.992935, -0.47592], [34.991714, -0.477807], [34.99084, -0.479072], [34.990333, -0.479761], [34.989824, -0.481098], [34.989223, -0.482503], [34.987634, -0.484826], [34.985658, -0.48687], [34.98453, -0.488411], [34.982576, -0.490616], [34.982254, -0.490938], [34.982231, -0.490938]]}}, {"type": "Feature", "properties": {"name": "Homba", "length_km": 10.397, "dist_to_gulf_km": 16.712, "n_segments": 1}, "geometry": {"type": "LineString", "coordinates": [[34.359677, 0.126085], [34.361111, 0.126111], [34.362819, 0.126229], [34.363569, 0.126783], [34.364729, 0.127268], [34.366027, 0.127477], [34.367278, 0.127825], [34.368257, 0.128011], [34.369805, 0.128151], [34.371581, 0.128224], [34.373152, 0.128456], [34.373949, 0.128366], [34.375339, 0.127839], [34.377616, 0.127958], [34.380033, 0.126098], [34.381379, 0.124926], [34.382314, 0.124445], [34.38391, 0.123159], [34.385232, 0.122494], [34.387282, 0.122175], [34.389879, 0.121857], [34.391745, 0.122321], [34.392951, 0.122599], [34.395091, 0.122603], [34.397072, 0.122882], [34.398506, 0.123207], [34.403104, 0.12356], [34.404516, 0.123655], [34.40636, 0.123819], [34.408932, 0.1241], [34.41089, 0.124287], [34.41212, 0.124382], [34.413941, 0.124661], [34.414874, 0.124709], [34.416515, 0.123814], [34.418044, 0.122275], [34.41882, 0.121424], [34.419619, 0.120574], [34.421191, 0.120117], [34.423287, 0.119476], [34.424836, 0.119133], [34.426545, 0.118285], [34.427639, 0.118172], [34.428685, 0.118496], [34.430029, 0.11836], [34.431123, 0.117879], [34.432286, 0.117121], [34.434199, 0.116917], [34.436157, 0.116714], [34.437547, 0.116486], [34.439211, 0.115706], [34.44051, 0.114742], [34.44156, 0.113455], [34.442633, 0.112214], [34.443615, 0.110996], [34.444686, 0.110331], [34.445689, 0.11001]]}}, {"type": "Feature", "properties": {"name": "Olungo", "length_km": 10.254, "dist_to_gulf_km": 17.168, "n_segments": 1}, "geometry": {"type": "LineString", "coordinates": [[34.458385, -0.747778], [34.459594, -0.747474], [34.460232, -0.747171], [34.460871, -0.746961], [34.460645, -0.747516], [34.460555, -0.747839], [34.46115, -0.748021], [34.461811, -0.747834], [34.46231, -0.747048], [34.462853, -0.746008], [34.464058, -0.744896], [34.46515, -0.743993], [34.465833, -0.743344], [34.46631, -0.74295], [34.466561, -0.742834], [34.467132, -0.742947], [34.467522, -0.743268], [34.467612, -0.742968], [34.467518, -0.742323], [34.467242, -0.742047], [34.467424, -0.74177], [34.467902, -0.741399], [34.468266, -0.741144], [34.469157, -0.741302], [34.469545, -0.741208], [34.470271, -0.740237], [34.470612, -0.73982], [34.471275, -0.739887], [34.47139, -0.74014], [34.472095, -0.739422], [34.473188, -0.738772], [34.473595, -0.737848], [34.473591, -0.737133], [34.474434, -0.736531], [34.475638, -0.73535], [34.476548, -0.734493], [34.477433, -0.73336], [34.477909, -0.732458], [34.479026, -0.732108], [34.479732, -0.731575], [34.480301, -0.731181], [34.481417, -0.730554], [34.482757, -0.729072], [34.484056, -0.728491], [34.485717, -0.72717], [34.487331, -0.725434], [34.488742, -0.724391], [34.489925, -0.723348], [34.490605, -0.722262], [34.491716, -0.720643], [34.49242, -0.719695], [34.492714, -0.719117], [34.493328, -0.718561], [34.493643, -0.717499], [34.493251, -0.716625], [34.493294, -0.715956], [34.493495, -0.714986], [34.493242, -0.714503], [34.493307, -0.713834], [34.493143, -0.71282], [34.492841, -0.711691], [34.492561, -0.710493], [34.492099, -0.709227], [34.492071, -0.708166], [34.491629, -0.706185], [34.491782, -0.704731], [34.492507, -0.703483], [34.493186, -0.702189], [34.494415, -0.70117], [34.494866, -0.699946], [34.495405, -0.697914], [34.495765, -0.696737], [34.495782, -0.695422], [34.495867, -0.694038], [34.496272, -0.692722], [34.496105, -0.691086], [34.496075, -0.689541], [34.49591, -0.688388], [34.495993, -0.686382], [34.495028, -0.685186], [34.494339, -0.684197], [34.493582, -0.683462], [34.492232, -0.682776], [34.491795, -0.682063], [34.491151, -0.681028]]}}, {"type": "Feature", "properties": {"name": "KAMGUA", "length_km": 10.234, "dist_to_gulf_km": 0.0, "n_segments": 1}, "geometry": {"type": "LineString", "coordinates": [[34.341945, -0.203929], [34.340745, -0.202745], [34.34027, -0.202188], [34.339681, -0.201746], [34.339182, -0.201535], [34.337956, -0.20125], [34.337481, -0.20067], [34.336481, -0.200525], [34.335485, -0.199642], [34.334304, -0.19938], [34.333262, -0.198566], [34.332535, -0.198353], [34.331854, -0.198072], [34.330852, -0.198457], [34.329824, -0.19958], [34.329346, -0.199623], [34.328938, -0.199482], [34.328646, -0.198649], [34.327621, -0.199011], [34.326122, -0.19877], [34.324032, -0.198249], [34.323441, -0.198337], [34.323188, -0.198981], [34.322708, -0.199416], [34.322275, -0.199667], [34.321776, -0.199363], [34.321277, -0.199083], [34.319935, -0.199258], [34.318457, -0.199294], [34.318295, -0.199962], [34.317383, -0.200463], [34.31636, -0.200433], [34.314837, -0.200354], [34.313721, -0.200738], [34.312585, -0.2005], [34.31029, -0.200253], [34.309108, -0.200268], [34.307949, -0.200214], [34.306949, -0.200023], [34.306335, -0.200042], [34.305452, -0.199205], [34.304775, -0.198278], [34.304802, -0.197241], [34.305535, -0.196185], [34.306403, -0.195314], [34.306407, -0.194392], [34.306164, -0.193006], [34.305217, -0.191224], [34.305426, -0.190372], [34.305344, -0.188342], [34.305625, -0.186591], [34.305745, -0.185416], [34.30557, -0.183847], [34.304735, -0.18248], [34.303241, -0.181017], [34.302244, -0.18048], [34.301387, -0.179021], [34.300582, -0.175971], [34.300498, -0.174518], [34.300278, -0.173063], [34.300259, -0.172118], [34.300038, -0.170848], [34.299997, -0.169856], [34.300503, -0.16866], [34.301325, -0.167835], [34.302261, -0.167196], [34.302996, -0.165518], [34.303327, -0.162868], [34.303743, -0.161395], [34.30423, -0.159438], [34.305104, -0.157276], [34.3057, -0.15615], [34.307002, -0.154936], [34.307915, -0.154205]]}}, {"type": "Feature", "properties": {"name": "Okiewo", "length_km": 10.189, "dist_to_gulf_km": 0.004, "n_segments": 1}, "geometry": {"type": "LineString", "coordinates": [[34.315907, -0.248492], [34.315552, -0.249469], [34.316386, -0.250501], [34.316419, -0.252133], [34.317369, -0.252562], [34.315995, -0.253758], [34.316847, -0.255295], [34.315222, -0.257834], [34.313801, -0.259653], [34.312805, -0.261895], [34.312804, -0.264541], [34.312965, -0.266584], [34.312095, -0.267832], [34.310741, -0.268291], [34.309724, -0.269913], [34.310679, -0.27048], [34.310071, -0.272065], [34.309968, -0.273725], [34.309845, -0.276122], [34.310589, -0.279204], [34.309114, -0.280772], [34.310274, -0.283334], [34.311444, -0.28486], [34.310432, -0.285952], [34.31064, -0.287372], [34.309005, -0.288945], [34.307928, -0.290131], [34.306709, -0.289872], [34.30529, -0.291737], [34.305318, -0.293232], [34.30475, -0.295322], [34.304816, -0.296585], [34.303625, -0.297108], [34.303912, -0.298824], [34.304278, -0.300193], [34.305249, -0.300575], [34.303566, -0.302725], [34.305066, -0.303895], [34.306952, -0.304316], [34.306935, -0.30648], [34.307901, -0.306057], [34.308831, -0.307867], [34.310096, -0.30817], [34.311598, -0.308052], [34.313119, -0.309152], [34.313981, -0.309008], [34.316067, -0.310619], [34.317675, -0.312246], [34.319126, -0.31397], [34.320348, -0.315679], [34.321125, -0.317057]]}}, {"type": "Feature", "properties": {"name": "Cheronget", "length_km": 10.117, "dist_to_gulf_km": 23.858, "n_segments": 1}, "geometry": {"type": "LineString", "coordinates": [[35.109592, -0.337665], [35.11032, -0.336723], [35.111049, -0.336516], [35.111482, -0.336561], [35.111754, -0.336217], [35.112256, -0.336262], [35.112598, -0.33679], [35.11351, -0.336606], [35.114238, -0.336284], [35.114762, -0.335916], [35.115604, -0.335525], [35.11704, -0.335708], [35.117678, -0.335661], [35.118179, -0.33527], [35.118657, -0.335017], [35.119272, -0.335132], [35.119865, -0.335177], [35.12007, -0.334901], [35.120206, -0.334442], [35.120798, -0.334694], [35.121254, -0.334372], [35.121663, -0.333683], [35.123508, -0.333635], [35.124649, -0.334209], [35.125994, -0.334736], [35.12693, -0.335516], [35.128274, -0.335424], [35.128775, -0.335538], [35.130736, -0.33595], [35.131716, -0.336087], [35.132786, -0.335673], [35.133537, -0.335075], [35.134538, -0.334064], [35.135084, -0.333374], [35.135515, -0.33234], [35.136083, -0.331559], [35.137267, -0.330639], [35.138428, -0.330248], [35.139179, -0.329811], [35.139704, -0.329902], [35.140866, -0.330292], [35.141232, -0.331004], [35.14196, -0.330452], [35.143168, -0.330405], [35.143921, -0.330818], [35.144878, -0.330932], [35.145061, -0.331483], [35.146155, -0.331368], [35.147888, -0.331918], [35.148321, -0.33194], [35.14923, -0.330677], [35.149798, -0.329826], [35.150321, -0.32932], [35.151483, -0.329159], [35.152372, -0.329296], [35.153147, -0.329112], [35.153944, -0.329318], [35.1544, -0.328996], [35.155082, -0.328146], [35.156334, -0.32757], [35.157382, -0.327638], [35.158294, -0.32773], [35.158864, -0.328074], [35.160187, -0.328463], [35.161577, -0.328462], [35.162556, -0.328485], [35.163627, -0.328346], [35.164264, -0.32745], [35.16547, -0.326783], [35.166656, -0.327012], [35.168045, -0.32662], [35.169252, -0.326137], [35.169661, -0.325838], [35.170207, -0.325194], [35.170866, -0.32439], [35.171638, -0.322621], [35.172502, -0.321196], [35.173728, -0.318944], [35.174523, -0.317405], [35.174725, -0.315819], [35.175726, -0.314716], [35.177228, -0.313521], [35.177659, -0.312533], [35.177998, -0.310695], [35.178428, -0.309064], [35.179087, -0.307708]]}}, {"type": "Feature", "properties": {"name": "Kaher", "length_km": 9.987, "dist_to_gulf_km": 1.808, "n_segments": 1}, "geometry": {"type": "LineString", "coordinates": [[34.511912, -0.128141], [34.5131, -0.128467], [34.515203, -0.128219], [34.517419, -0.128271], [34.519613, -0.128092], [34.521259, -0.127566], [34.522494, -0.126601], [34.523616, -0.125383], [34.524076, -0.123701], [34.524055, -0.122203], [34.525268, -0.121261], [34.527189, -0.11986], [34.528583, -0.119932], [34.530046, -0.119706], [34.531509, -0.119387], [34.533793, -0.120038], [34.5353, -0.120688], [34.53635, -0.120783], [34.53738, -0.120255], [34.538317, -0.120166], [34.539894, -0.119547], [34.541586, -0.119022], [34.542936, -0.117965], [34.544629, -0.116402], [34.545545, -0.115367], [34.546803, -0.114356], [34.548245, -0.113046], [34.548977, -0.112518], [34.550052, -0.111714], [34.551172, -0.111094], [34.552705, -0.109808], [34.554306, -0.108774], [34.55577, -0.107856], [34.557851, -0.106871], [34.559474, -0.106483], [34.56048, -0.106394], [34.562858, -0.105109], [34.564985, -0.104031], [34.566767, -0.103736], [34.56862, -0.102565], [34.570244, -0.101417], [34.571731, -0.100591], [34.573034, -0.100042], [34.574634, -0.099838], [34.575365, -0.099794], [34.577627, -0.099616], [34.580165, -0.098908], [34.582108, -0.098198], [34.583982, -0.097765], [34.585354, -0.097216], [34.586428, -0.097104], [34.587639, -0.097015], [34.589263, -0.096466], [34.590177, -0.096238]]}}, {"type": "Feature", "properties": {"name": "Musache", "length_km": 9.917, "dist_to_gulf_km": 20.26, "n_segments": 2}, "geometry": {"type": "MultiLineString", "coordinates": [[[34.580327, -0.709725], [34.58115, -0.710391], [34.582315, -0.711356], [34.583001, -0.712046], [34.583618, -0.71216], [34.58476, -0.712733], [34.585652, -0.71386], [34.586156, -0.714688], [34.587023, -0.714825], [34.587754, -0.7151], [34.588393, -0.715536], [34.588737, -0.716088], [34.589559, -0.716662], [34.590451, -0.717328], [34.591707, -0.71804], [34.593489, -0.719326], [34.593947, -0.719947], [34.594428, -0.720752], [34.59491, -0.721719], [34.595004, -0.722778], [34.595302, -0.723469], [34.595531, -0.723952], [34.595715, -0.724458], [34.597019, -0.725976], [34.597614, -0.726896], [34.597957, -0.727241], [34.597959, -0.727932], [34.59803, -0.728968], [34.598351, -0.729705], [34.598695, -0.730533], [34.599039, -0.730993], [34.599406, -0.731799], [34.599682, -0.732996], [34.599913, -0.733894], [34.600029, -0.734723], [34.600557, -0.736311], [34.600856, -0.737186], [34.60136, -0.738083], [34.601795, -0.738612], [34.603076, -0.740268], [34.603626, -0.74128], [34.60438, -0.741555], [34.605135, -0.742452], [34.606209, -0.74344], [34.607078, -0.744244], [34.607672, -0.744681], [34.608928, -0.74507], [34.609567, -0.745368], [34.609706, -0.746105], [34.610072, -0.746426], [34.610551, -0.746425], [34.611488, -0.747229], [34.6119, -0.747874], [34.612107, -0.748541], [34.612109, -0.749117]], [[34.612109, -0.749117], [34.61295, -0.749817], [34.613584, -0.750694], [34.614493, -0.751365], [34.615538, -0.751828], [34.616264, -0.752683], [34.616786, -0.753029], [34.616967, -0.753468], [34.617649, -0.753723], [34.61808, -0.754139], [34.619194, -0.754556], [34.620056, -0.75548], [34.620465, -0.755712], [34.621373, -0.756474], [34.622145, -0.757006], [34.622415, -0.757974], [34.623166, -0.757999], [34.623304, -0.757424], [34.623737, -0.757448], [34.624441, -0.757911], [34.625193, -0.757797], [34.626807, -0.758447], [34.628466, -0.759142], [34.629397, -0.759721], [34.630101, -0.760345], [34.631167, -0.761407], [34.632075, -0.762193], [34.633029, -0.762771], [34.634052, -0.763212], [34.635052, -0.763744], [34.635574, -0.763976], [34.636257, -0.764185], [34.637664, -0.765479], [34.637933, -0.766493], [34.638796, -0.76721], [34.639157, -0.768017], [34.639316, -0.768271]]]}}, {"type": "Feature", "properties": {"name": "Olare Onyonkie", "length_km": 9.828, "dist_to_gulf_km": 65.418, "n_segments": 1}, "geometry": {"type": "LineString", "coordinates": [[35.19667515004748, 0.4], [35.197292, 0.399089], [35.197684, 0.398241], [35.197707, 0.398218]]}}, {"type": "Feature", "properties": {"name": "Biriru", "length_km": 9.801, "dist_to_gulf_km": 46.847, "n_segments": 1}, "geometry": {"type": "LineString", "coordinates": [[34.793254, -0.890996], [34.792921, -0.891598], [34.792486, -0.892984], [34.79239, -0.894226], [34.792447, -0.895007], [34.791796, -0.895683], [34.791011, -0.896522], [34.790788, -0.89841], [34.79126, -0.899461], [34.791241, -0.901323], [34.791459, -0.902147], [34.791617, -0.903616], [34.790968, -0.904453], [34.790622, -0.905699], [34.791322, -0.906793], [34.791747, -0.907775], [34.791255, -0.908403], [34.79144, -0.910193], [34.792125, -0.911815], [34.793018, -0.913641], [34.793715, -0.914527], [34.794842, -0.916833], [34.795573, -0.9185], [34.796506, -0.919957], [34.797624, -0.921596], [34.798813, -0.923418], [34.799844, -0.925334], [34.801173, -0.927383], [34.8018, -0.928224], [34.802102, -0.930128], [34.802718, -0.931774], [34.804015, -0.933134], [34.805156, -0.934818], [34.805503, -0.936698], [34.805564, -0.939295], [34.80599, -0.941932], [34.806519, -0.943809], [34.806793, -0.945391], [34.806691, -0.947738], [34.8063647246995, -0.9500000000000001]]}}, {"type": "Feature", "properties": {"name": "Kiutany", "length_km": 9.712, "dist_to_gulf_km": 47.978, "n_segments": 2}, "geometry": {"type": "MultiLineString", "coordinates": [[[35.071376, 0.281467], [35.071305, 0.282248], [35.0713, 0.283604], [35.071295, 0.285122], [35.070811, 0.286545], [35.070075, 0.28829], [35.069361, 0.290173], [35.068671, 0.291574], [35.068006, 0.292537], [35.0675, 0.293708], [35.067269, 0.294535]], [[35.067269, 0.294535], [35.067149, 0.296305], [35.06595, 0.299796], [35.06478, 0.301379], [35.063723, 0.303468], [35.062827, 0.305258], [35.060557, 0.308102], [35.058835, 0.311017], [35.056882, 0.314759], [35.055433, 0.317973], [35.053894, 0.321026], [35.052814, 0.323115], [35.050887, 0.325776], [35.048757, 0.327862], [35.045074, 0.330196], [35.041187, 0.332139], [35.038213, 0.33374], [35.036316, 0.334539], [35.03442, 0.334878], [35.031426, 0.335812], [35.030374, 0.336568], [35.02804, 0.338033], [35.025405, 0.341083], [35.023041, 0.344731], [35.022076, 0.346568], [35.021639, 0.347578], [35.021456, 0.347761]]]}}, {"type": "Feature", "properties": {"name": "Odundu", "length_km": 9.628, "dist_to_gulf_km": 1.78, "n_segments": 2}, "geometry": {"type": "MultiLineString", "coordinates": [[[34.406827, -0.095172], [34.406316, -0.093923], [34.406238, -0.092587], [34.40627, -0.08955], [34.406374, -0.088355], [34.406069, -0.086971], [34.40523, -0.084383], [34.40475, -0.082306], [34.403007, -0.081134], [34.401173, -0.079938], [34.399935, -0.078358], [34.399374, -0.077499], [34.399158, -0.076392], [34.398645, -0.075258], [34.398014, -0.074583], [34.39639, -0.072952], [34.394673, -0.071389], [34.393706, -0.070157], [34.393098, -0.06946], [34.392867, -0.067501], [34.392809, -0.066534], [34.393886, -0.063832], [34.394615, -0.061678], [34.395063, -0.060279], [34.395165, -0.059291], [34.395178, -0.058003]], [[34.495787, -0.569724], [34.495741, -0.570093], [34.495992, -0.571084], [34.495693, -0.572605], [34.495278, -0.574563], [34.495185, -0.576544], [34.495068, -0.578249], [34.495479, -0.579586], [34.496529, -0.580878], [34.498175, -0.582287], [34.498495, -0.582795], [34.498904, -0.584984], [34.498902, -0.587312], [34.499265, -0.589524], [34.499721, -0.5913], [34.499899, -0.595609], [34.499416, -0.597359], [34.498408, -0.598717], [34.497926, -0.599661], [34.497307, -0.600858], [34.496962, -0.602539], [34.497097, -0.604383], [34.497804, -0.606643], [34.498511, -0.60881], [34.499356, -0.610033], [34.50011, -0.610909]]]}}, {"type": "Feature", "properties": {"name": "Olando", "length_km": 9.339, "dist_to_gulf_km": 2.214, "n_segments": 1}, "geometry": {"type": "LineString", "coordinates": [[34.428078, -0.614238], [34.428446, -0.61258], [34.428882, -0.611382], [34.429478, -0.609816], [34.430281, -0.608412], [34.430351, -0.607398], [34.430856, -0.605602], [34.430812, -0.603827], [34.431616, -0.601363], [34.432809, -0.5986], [34.433543, -0.597173], [34.433867, -0.594408], [34.433868, -0.59321], [34.434327, -0.591966], [34.43458, -0.591206], [34.436617, -0.590219], [34.437053, -0.589667], [34.437236, -0.589206], [34.437946, -0.589023], [34.43893, -0.588587], [34.440098, -0.587852], [34.441197, -0.58684], [34.442138, -0.585021], [34.442071, -0.583247], [34.442301, -0.582049], [34.442577, -0.580759], [34.442898, -0.580068], [34.442739, -0.579123], [34.443517, -0.579309], [34.444182, -0.578365], [34.444938, -0.577145], [34.445786, -0.575856], [34.446611, -0.575005], [34.447001, -0.574199], [34.447736, -0.571643], [34.448606, -0.571645], [34.448698, -0.5707], [34.448677, -0.569317], [34.448838, -0.568719], [34.449457, -0.567936], [34.449959, -0.568375], [34.450418, -0.567638], [34.451128, -0.567248], [34.451585, -0.567295], [34.452341, -0.566835], [34.453554, -0.566584], [34.453806, -0.566239], [34.454196, -0.565433], [34.454586, -0.564765], [34.455616, -0.564306], [34.456371, -0.563732], [34.45715, -0.563065], [34.457791, -0.562513], [34.457838, -0.561845], [34.457473, -0.56113], [34.458572, -0.560648], [34.458938, -0.559934], [34.4591, -0.558898], [34.459582, -0.557746], [34.460315, -0.556734], [34.460773, -0.556112], [34.461987, -0.555124], [34.462262, -0.554802], [34.463063, -0.554573], [34.463156, -0.553259], [34.462723, -0.552014], [34.462496, -0.550769], [34.462953, -0.550655], [34.463366, -0.549965], [34.464031, -0.549113], [34.463964, -0.547684], [34.463918, -0.547638]]}}, {"type": "Feature", "properties": {"name": "Luji", "length_km": 9.328, "dist_to_gulf_km": 44.484, "n_segments": 1}, "geometry": {"type": "LineString", "coordinates": [[34.529201, 0.381772], [34.530503, 0.380669], [34.5316, 0.379129], [34.531944, 0.377725], [34.532516, 0.376644], [34.533043, 0.375148], [34.533501, 0.373767], [34.534096, 0.372663], [34.534462, 0.371628], [34.534554, 0.371237], [34.535034, 0.370547], [34.535605, 0.369742], [34.536656, 0.368501], [34.537159, 0.368111], [34.537502, 0.367582], [34.537776, 0.366915], [34.538325, 0.365879], [34.538714, 0.365097], [34.538692, 0.364683], [34.538898, 0.364499], [34.539081, 0.363693], [34.539722, 0.362428], [34.540293, 0.361531], [34.541138, 0.361073], [34.54203, 0.359624], [34.542898, 0.35829], [34.543447, 0.357186], [34.543951, 0.355944], [34.544317, 0.355092], [34.544821, 0.354149], [34.545575, 0.352838], [34.545964, 0.351987], [34.545919, 0.351411], [34.545989, 0.35049], [34.546012, 0.350444], [34.522236, 0.382359], [34.524022, 0.382784], [34.525139, 0.382619], [34.526438, 0.382085], [34.527398, 0.38238], [34.527855, 0.382493], [34.528263, 0.381986], [34.52963, 0.381382]]}}, {"type": "Feature", "properties": {"name": "Kimuten", "length_km": 9.317, "dist_to_gulf_km": 32.84, "n_segments": 1}, "geometry": {"type": "LineString", "coordinates": [[35.103395, 0.01713], [35.104601, 0.017564], [35.105103, 0.018275], [35.105285, 0.019078], [35.104853, 0.01972], [35.105035, 0.0205], [35.105878, 0.021188], [35.106129, 0.021944], [35.105651, 0.02261], [35.104491, 0.023391], [35.104309, 0.024378], [35.105175, 0.025983], [35.106883, 0.027954], [35.10809, 0.029054], [35.109297, 0.029901], [35.110003, 0.030405], [35.1113, 0.031207], [35.112689, 0.031527], [35.114214, 0.031961], [35.115489, 0.03274], [35.116468, 0.033289], [35.117128, 0.033954], [35.117447, 0.034825], [35.118972, 0.035718], [35.119815, 0.03636], [35.12002, 0.036841], [35.12043, 0.037575], [35.121204, 0.038239], [35.122001, 0.039042], [35.12339, 0.039522], [35.124459, 0.039612], [35.125233, 0.039084], [35.12694, 0.039174], [35.128147, 0.040251], [35.12858, 0.041971], [35.128444, 0.042912], [35.128353, 0.043692], [35.128672, 0.044288], [35.129628, 0.044608], [35.13038, 0.045364], [35.130767, 0.046259], [35.130586, 0.047773], [35.130518, 0.048668], [35.130519, 0.050182], [35.130384, 0.051994], [35.130202, 0.05305], [35.130476, 0.054196], [35.132935, 0.056213], [35.134211, 0.058092], [35.135258, 0.059307], [35.136238, 0.060545], [35.137194, 0.061553], [35.13872, 0.062767], [35.139562, 0.063822], [35.14036, 0.06506], [35.142023, 0.068361], [35.1438, 0.07125], [35.14462, 0.072281], [35.145371, 0.073611], [35.145736, 0.074551], [35.145759, 0.075469], [35.145237, 0.076685], [35.145192, 0.077236]]}}, {"type": "Feature", "properties": {"name": "Nalyu", "length_km": 9.292, "dist_to_gulf_km": 43.718, "n_segments": 1}, "geometry": {"type": "LineString", "coordinates": [[34.168093, 0.395442], [34.169668, 0.39591], [34.169941, 0.396118], [34.170853, 0.396513], [34.171308, 0.397022], [34.172015, 0.397347], [34.172469, 0.398132], [34.173358, 0.398574], [34.174794, 0.399293], [34.175503, 0.399273], [34.176300873366834, 0.4]]}}, {"type": "Feature", "properties": {"name": "Chemobo", "length_km": 9.212, "dist_to_gulf_km": 7.402, "n_segments": 1}, "geometry": {"type": "LineString", "coordinates": [[34.82867, 0.005271], [34.829424, 0.005444], [34.829727, 0.005945], [34.82969, 0.006679], [34.829701, 0.00755], [34.830245, 0.009103], [34.830225, 0.011144], [34.831166, 0.011705], [34.831973, 0.012474], [34.832364, 0.01279], [34.831982, 0.013208], [34.832196, 0.013893], [34.832786, 0.013702], [34.833481, 0.014656], [34.833287, 0.015507], [34.833321, 0.016447], [34.833676, 0.017428], [34.834651, 0.018883], [34.835119, 0.019932], [34.83515, 0.020528], [34.835609, 0.020797], [34.835943, 0.021985], [34.836897, 0.023601], [34.838179, 0.024089], [34.838438, 0.024796], [34.838857, 0.025525], [34.83859, 0.025964], [34.837993, 0.025628], [34.837563, 0.025862], [34.837705, 0.02625], [34.838234, 0.026702], [34.83937, 0.026435], [34.840132, 0.027251], [34.840667, 0.028161], [34.842445, 0.028253], [34.844113, 0.028644], [34.843872, 0.029404], [34.843478, 0.03067], [34.84376, 0.031332], [34.844154, 0.031854], [34.844165, 0.032725], [34.844111, 0.033872], [34.844152, 0.035316], [34.844513, 0.036825], [34.844893, 0.038059], [34.845228, 0.039407], [34.84563, 0.040503], [34.846142, 0.041413], [34.847146, 0.043304], [34.848414, 0.044525], [34.850004, 0.046018], [34.851501, 0.04726], [34.851985, 0.04769], [34.854048, 0.048718], [34.855701, 0.049797], [34.857401, 0.050899], [34.858366, 0.051574], [34.859081, 0.05223], [34.860364, 0.052809], [34.861309, 0.053692], [34.862141, 0.054667], [34.863593, 0.055978], [34.864304, 0.056427], [34.865588, 0.05703], [34.867559, 0.058013], [34.868638, 0.058664], [34.869849, 0.058993], [34.871124, 0.058884], [34.872498, 0.059463], [34.872934, 0.059709], [34.873848, 0.05995], [34.874168, 0.060038]]}}, {"type": "Feature", "properties": {"name": "Nyamasaria", "length_km": 9.212, "dist_to_gulf_km": 0.748, "n_segments": 1}, "geometry": {"type": "LineString", "coordinates": [[34.783867, -0.114707], [34.785822, -0.114627], [34.787527, -0.114664], [34.789747, -0.113226], [34.790738, -0.111542], [34.791956, -0.109719], [34.792014, -0.107925], [34.791848, -0.106776], [34.792835, -0.104288], [34.794937, -0.102184], [34.797974, -0.100465], [34.800125, -0.098982], [34.801367, -0.097457], [34.802806, -0.094552], [34.804519, -0.091853], [34.807413, -0.089147], [34.810214, -0.08582], [34.812859, -0.083253], [34.813299, -0.08063], [34.813223, -0.07909], [34.81401, -0.077614], [34.814864, -0.075793], [34.814332, -0.074278], [34.81344, -0.073318], [34.812776, -0.07231], [34.812678, -0.071183], [34.813828, -0.069384], [34.813869, -0.068625], [34.814726, -0.067447], [34.81401, -0.065313], [34.813573, -0.064465], [34.813342, -0.063891], [34.813794, -0.063291], [34.814155, -0.062852], [34.814928, -0.062756], [34.814829, -0.061377], [34.814028, -0.060485], [34.813638, -0.05982], [34.813367, -0.060189], [34.812499, -0.059458], [34.812109, -0.058771], [34.812198, -0.058425], [34.811987, -0.057185], [34.812983, -0.056559], [34.812591, -0.055503], [34.812578, -0.053204], [34.812415, -0.052377], [34.812798, -0.051777], [34.812476, -0.05125]]}}, {"type": "Feature", "properties": {"name": "Awach Nyangori", "length_km": 8.96, "dist_to_gulf_km": 2.291, "n_segments": 1}, "geometry": {"type": "LineString", "coordinates": [[34.764055, 0.000784], [34.764723, 0.001326], [34.764891, 0.002034], [34.765601, 0.0023], [34.76638, 0.002634], [34.766821, 0.003316], [34.76787, 0.003418], [34.768964, 0.003472], [34.769442, 0.003443], [34.769756, 0.003049], [34.770026, 0.002725], [34.770767, 0.003701], [34.771116, 0.00427], [34.771642, 0.004424], [34.772454, 0.005652], [34.773169, 0.006284], [34.774017, 0.006732], [34.774632, 0.006724], [34.774889, 0.007248], [34.775686, 0.007238], [34.776484, 0.007274], [34.776809, 0.007728], [34.777884, 0.008127], [34.778409, 0.008212], [34.779052, 0.008593], [34.778696, 0.009286], [34.779642, 0.010214], [34.780061, 0.010897], [34.780721, 0.0127], [34.780956, 0.013224], [34.781667, 0.013673], [34.782559, 0.013914], [34.783333, 0.013858], [34.783824, 0.014907], [34.784108, 0.015752], [34.785154, 0.015555], [34.785803, 0.014675], [34.786263, 0.014967], [34.787654, 0.016944], [34.789101, 0.017866], [34.78991, 0.01875], [34.789583, 0.019923], [34.790167, 0.021085], [34.790986, 0.020983], [34.791401, 0.021436], [34.791821, 0.02221], [34.793245, 0.023109], [34.794482, 0.023644], [34.796998, 0.02446], [34.797889, 0.024723], [34.798538, 0.025609], [34.798483, 0.026596], [34.799923, 0.027036], [34.801326, 0.028073], [34.80259, 0.028997], [34.804042, 0.030308], [34.805247, 0.031921], [34.806446, 0.033097], [34.807097, 0.034075], [34.807638, 0.03549], [34.809537, 0.037942], [34.811568, 0.040048], [34.814393, 0.041869], [34.815545, 0.042863], [34.817731, 0.044624], [34.818812, 0.045458], [34.820238, 0.046495]]}}, {"type": "Feature", "properties": {"name": "Koruma", "length_km": 8.933, "dist_to_gulf_km": 39.744, "n_segments": 2}, "geometry": {"type": "MultiLineString", "coordinates": [[[35.249878, -0.519887], [35.25138, -0.521381], [35.252839, -0.521341], [35.254252, -0.521508], [35.255596, -0.521925], [35.256575, -0.522502], [35.257142, -0.523351], [35.258852, -0.523381], [35.260582, -0.524418], [35.262769, -0.525251], [35.264091, -0.525325], [35.265278, -0.52469], [35.267149, -0.524171], [35.268014, -0.52461], [35.269565, -0.52441], [35.271094, -0.52357], [35.272715, -0.52257], [35.273513, -0.522367], [35.274221, -0.522164], [35.275408, -0.521185], [35.27728, -0.520323], [35.278328, -0.520328], [35.278876, -0.520284], [35.279972, -0.519373], [35.281864, -0.519404], [35.284053, -0.519391], [35.285672, -0.5191], [35.288042, -0.519591], [35.28975, -0.520101], [35.291053, -0.518871], [35.293152, -0.518056], [35.295387, -0.517768], [35.297806, -0.516702], [35.3, -0.5154516559139801]], [[35.241768, -0.497904], [35.242043, -0.500005], [35.243042, -0.500493], [35.243833, -0.501509], [35.244239, -0.502385], [35.245484, -0.503679], [35.246322, -0.504419], [35.247525, -0.505115], [35.248295, -0.505786], [35.25007, -0.506888]]]}}, {"type": "Feature", "properties": {"name": "Nyamawin", "length_km": 8.898, "dist_to_gulf_km": 7.913, "n_segments": 1}, "geometry": {"type": "LineString", "coordinates": [[34.301072, 0.100574], [34.300003, 0.099928], [34.299641, 0.09903], [34.299095, 0.098315], [34.29789, 0.097554], [34.297209, 0.096379], [34.296917, 0.094744], [34.296714, 0.0938], [34.295897, 0.092533], [34.295285, 0.090829], [34.294766, 0.088618], [34.295042, 0.087192], [34.295205, 0.085535], [34.295665, 0.083395], [34.296901, 0.080313], [34.297314, 0.078611], [34.297453, 0.077645], [34.297752, 0.076103], [34.297868, 0.075413], [34.298667, 0.074218], [34.299968, 0.072816], [34.300926, 0.072081], [34.302477, 0.070703], [34.30412, 0.069003], [34.304896, 0.068268], [34.305625, 0.068016], [34.306993, 0.06712], [34.308565, 0.06664], [34.309955, 0.066343], [34.310479, 0.066137], [34.311255, 0.06531], [34.311781, 0.064298], [34.312877, 0.06262], [34.313904, 0.061517], [34.314999, 0.06046], [34.316413, 0.059473], [34.318785, 0.057935], [34.319742, 0.057385], [34.321472, 0.05794], [34.323474, 0.058473], [34.324612, 0.058659], [34.326593, 0.059054], [34.328915, 0.059219], [34.331262, 0.058602], [34.332721, 0.057431], [34.333543, 0.056304], [34.334754, 0.054695], [34.336808, 0.052443], [34.338245, 0.051111], [34.339317, 0.050354]]}}, {"type": "Feature", "properties": {"name": "Dionsoyiet", "length_km": 8.897, "dist_to_gulf_km": 40.223, "n_segments": 1}, "geometry": {"type": "LineString", "coordinates": [[35.260859, -0.376925], [35.262175, -0.377234], [35.263839, -0.377254], [35.264682, -0.376884], [35.26616, -0.375433], [35.267274, -0.373891], [35.267496, -0.371339], [35.268976, -0.370463], [35.270752, -0.369746], [35.272005, -0.36933], [35.272916, -0.368639], [35.273346, -0.367351], [35.273775, -0.365856], [35.274413, -0.365487], [35.275253, -0.364198], [35.275182, -0.363003], [35.276387, -0.361529], [35.27741, -0.360447], [35.279001, -0.358283], [35.280002, -0.3572], [35.280729, -0.356234], [35.280934, -0.355957], [35.282073, -0.355656], [35.283554, -0.355515], [35.285879, -0.354913], [35.287542, -0.354703], [35.289275, -0.354469], [35.291598, -0.353499], [35.293467, -0.353288], [35.294858, -0.353423], [35.296496, -0.352018], [35.297701, -0.35043], [35.297743, -0.34905], [35.298946, -0.346726], [35.299423, -0.346105], [35.3, -0.3458632986641232]]}}, {"type": "Feature", "properties": {"name": "Lyala (Kisama)", "length_km": 8.851, "dist_to_gulf_km": 27.68, "n_segments": 1}, "geometry": {"type": "LineString", "coordinates": [[34.376021, 0.22938], [34.377385, 0.228851], [34.37834, 0.228575], [34.378862, 0.228736], [34.379953, 0.229335], [34.381157, 0.229773], [34.381794, 0.230049], [34.382998, 0.230142], [34.384589, 0.230718], [34.38643, 0.231501], [34.387157, 0.23187], [34.389225, 0.232584], [34.39102, 0.233459], [34.393269, 0.234427], [34.395383, 0.234704], [34.397429, 0.23482], [34.398883, 0.234866], [34.400088, 0.234338], [34.400634, 0.233648], [34.402294, 0.233303], [34.403112, 0.232774], [34.404522, 0.232314], [34.406568, 0.231533], [34.407886, 0.231395], [34.409182, 0.231511], [34.409863, 0.232293], [34.410658, 0.233283], [34.411476, 0.233928], [34.412181, 0.233491], [34.413613, 0.233584], [34.415454, 0.234229], [34.416704, 0.234506], [34.41768, 0.235242], [34.418612, 0.235151], [34.419522, 0.23499], [34.420431, 0.235428], [34.421134, 0.236579], [34.421816, 0.237546], [34.423133, 0.238444], [34.424201, 0.239572], [34.425678, 0.24001], [34.427451, 0.240609], [34.428359, 0.241115], [34.430041, 0.241185], [34.431769, 0.2416], [34.433155, 0.242245], [34.434745, 0.243396], [34.435858, 0.244294], [34.436676, 0.244893], [34.436994, 0.245446], [34.438266, 0.245883], [34.440085, 0.245999], [34.440789, 0.246299], [34.442039, 0.246276], [34.443676, 0.246162], [34.444608, 0.246576], [34.445471, 0.246991], [34.446107, 0.247728], [34.447379, 0.248235]]}}, {"type": "Feature", "properties": {"name": "Charachani", "length_km": 8.808, "dist_to_gulf_km": 10.831, "n_segments": 1}, "geometry": {"type": "LineString", "coordinates": [[34.868272, -0.594102], [34.869214, -0.592497], [34.869218, -0.591737], [34.869016, -0.591206], [34.868313, -0.590511], [34.868433, -0.589407], [34.868643, -0.588511], [34.868167, -0.588001], [34.867874, -0.587286], [34.867877, -0.58671], [34.867859, -0.585813], [34.867773, -0.584822], [34.867731, -0.5842], [34.86728, -0.583231], [34.86724, -0.582264], [34.867405, -0.581045], [34.867845, -0.579804], [34.868443, -0.57868], [34.869062, -0.57797], [34.869793, -0.57756], [34.870298, -0.576804], [34.870462, -0.575953], [34.870946, -0.574943], [34.871453, -0.573703], [34.871914, -0.572762], [34.872693, -0.571939], [34.873383, -0.570677], [34.87348, -0.569572], [34.873963, -0.568655], [34.874199, -0.566999], [34.875144, -0.564887], [34.875034, -0.564172], [34.875201, -0.562677], [34.875892, -0.561277], [34.876947, -0.559972], [34.877865, -0.558619], [34.878441, -0.557357], [34.878767, -0.556001], [34.878913, -0.554367], [34.87901, -0.553125], [34.879128, -0.552273], [34.879343, -0.550525], [34.87976, -0.549124], [34.880134, -0.547215], [34.8805, -0.54701], [34.880571, -0.546412], [34.881074, -0.546162], [34.880986, -0.545586], [34.881676, -0.544394], [34.882525, -0.543179], [34.883282, -0.542056], [34.883654, -0.540815], [34.883957, -0.539412], [34.884075, -0.538585], [34.88426, -0.538056], [34.884834, -0.537208], [34.884701, -0.536471], [34.885003, -0.535437], [34.884711, -0.534629], [34.884601, -0.533846], [34.884902, -0.53295], [34.885315, -0.5324], [34.885409, -0.531779], [34.885346, -0.53072], [34.885513, -0.529339], [34.885589, -0.527821], [34.885095, -0.526552], [34.883921, -0.524472], [34.884293, -0.523024], [34.884138, -0.52208], [34.883984, -0.521158]]}}, {"type": "Feature", "properties": {"name": "Nyansore", "length_km": 8.798, "dist_to_gulf_km": 26.607, "n_segments": 1}, "geometry": {"type": "LineString", "coordinates": [[34.600454, -0.769502], [34.600637, -0.769134], [34.601506, -0.768053], [34.602464, -0.76748], [34.604107, -0.766241], [34.606614, -0.765487], [34.60889, -0.765586], [34.612098, -0.766124], [34.613732, -0.76758], [34.614343, -0.768641], [34.615046, -0.769242], [34.616525, -0.76966], [34.618253, -0.770057], [34.621007, -0.770225], [34.622053, -0.770689], [34.623189, -0.771199], [34.624032, -0.771063], [34.624942, -0.771342], [34.625944, -0.771206], [34.626717, -0.771254], [34.628013, -0.771926], [34.628532, -0.773033], [34.628941, -0.773426], [34.630032, -0.773912], [34.631012, -0.773661], [34.635697, -0.774826], [34.63745, -0.774854], [34.637494, -0.775314], [34.637902, -0.775868], [34.638311, -0.776031], [34.638813, -0.775664], [34.639883, -0.775528], [34.640359, -0.776244], [34.64225, -0.775788], [34.643252, -0.775514], [34.64396, -0.775032], [34.645393, -0.775243], [34.647987, -0.775504], [34.649694, -0.775485], [34.652221, -0.775676], [34.653334, -0.776117], [34.654107, -0.776419], [34.655177, -0.776398], [34.656291, -0.77677], [34.657041, -0.777256], [34.658453, -0.777098], [34.659274, -0.776732], [34.660684, -0.776943], [34.662116, -0.777661], [34.663776, -0.778057], [34.665005, -0.778268], [34.666074, -0.77834], [34.666644, -0.778226], [34.667461, -0.779034], [34.668117, -0.78005], [34.668661, -0.780972], [34.669571, -0.780883], [34.670139, -0.781345], [34.67107, -0.781831], [34.671116, -0.781854]]}}, {"type": "Feature", "properties": {"name": "Awach Kodera", "length_km": 8.762, "dist_to_gulf_km": 5.234, "n_segments": 1}, "geometry": {"type": "LineString", "coordinates": [[34.664975, -0.530803], [34.664905, -0.53147], [34.665179, -0.531885], [34.66479, -0.532436], [34.66367, -0.532894], [34.662733, -0.533766], [34.662617, -0.535238], [34.663096, -0.536113], [34.663963, -0.536299], [34.663962, -0.53722], [34.663389, -0.538967], [34.663022, -0.540922], [34.662815, -0.541727], [34.66302, -0.54221], [34.663408, -0.542947], [34.663019, -0.543246], [34.662767, -0.543866], [34.662926, -0.54458], [34.663497, -0.544926], [34.662833, -0.545914], [34.663038, -0.546697], [34.663837, -0.547435], [34.664521, -0.547874], [34.665022, -0.548979], [34.665639, -0.548958], [34.665936, -0.549005], [34.665615, -0.550016], [34.665591, -0.551143], [34.66575, -0.551742], [34.666617, -0.552158], [34.667644, -0.552851], [34.668261, -0.553129], [34.668921, -0.554465], [34.66908, -0.555316], [34.669376, -0.555915], [34.669856, -0.556123], [34.670289, -0.556378], [34.67038, -0.556976], [34.670836, -0.55723], [34.671179, -0.557231], [34.671338, -0.557623], [34.671704, -0.55783], [34.672023, -0.558429], [34.672365, -0.558959], [34.672798, -0.559214], [34.673139, -0.560411], [34.673253, -0.560986], [34.674073, -0.562944], [34.674552, -0.563497], [34.675602, -0.563592], [34.676675, -0.564538], [34.677679, -0.565092], [34.677975, -0.565691], [34.678157, -0.566244], [34.679093, -0.566706], [34.679778, -0.566708], [34.68028, -0.567468], [34.680416, -0.567952], [34.681444, -0.568023], [34.682082, -0.568531], [34.682859, -0.568533], [34.683316, -0.567936], [34.683705, -0.567338], [34.684322, -0.567041], [34.684962, -0.566904], [34.685419, -0.566422], [34.686401, -0.566701], [34.686972, -0.566518], [34.687656, -0.56721], [34.687975, -0.567855], [34.688798, -0.567834], [34.689482, -0.568204], [34.690168, -0.567791], [34.690831, -0.567379], [34.691309, -0.56876], [34.69165, -0.569681], [34.692266, -0.570764], [34.692378, -0.572122], [34.69256, -0.573204], [34.69338, -0.575161], [34.693995, -0.575738], [34.694817, -0.576223], [34.695136, -0.577236], [34.694769, -0.578409], [34.694699, -0.57949], [34.695795, -0.579999], [34.697028, -0.579932], [34.697782, -0.579934]]}}, {"type": "Feature", "properties": {"name": "Meuk Kivoga", "length_km": 8.691, "dist_to_gulf_km": 25.411, "n_segments": 1}, "geometry": {"type": "LineString", "coordinates": [[35.082421, -0.592878], [35.081423, -0.592414], [35.081038, -0.592068], [35.080106, -0.591949], [35.07988, -0.591787], [35.078516, -0.592011], [35.077764, -0.592789], [35.076717, -0.593083], [35.076011, -0.59393], [35.075122, -0.594937], [35.074345, -0.596198], [35.073912, -0.596839], [35.07339, -0.5964], [35.071572, -0.596714], [35.070728, -0.597584], [35.069568, -0.598038], [35.068858, -0.599942], [35.0684, -0.601204], [35.067854, -0.601661], [35.067375, -0.602256], [35.06651, -0.60262], [35.066144, -0.603515], [35.065913, -0.604754], [35.065593, -0.605557], [35.064565, -0.607184], [35.064019, -0.607756], [35.063721, -0.608559], [35.062627, -0.60968], [35.061806, -0.610619], [35.060804, -0.61151], [35.060394, -0.611623], [35.060051, -0.612541], [35.059142, -0.61256], [35.057711, -0.612439], [35.056508, -0.612066], [35.054805, -0.611323], [35.053808, -0.610607], [35.052899, -0.610718], [35.05156, -0.610138], [35.051676, -0.609196], [35.052064, -0.608577], [35.051567, -0.607495], [35.050685, -0.606182], [35.050983, -0.605034], [35.049985, -0.604547], [35.048853, -0.603072], [35.048128, -0.602402], [35.048245, -0.601346], [35.047679, -0.600654], [35.046908, -0.599892], [35.046204, -0.599797], [35.045796, -0.599428], [35.045479, -0.599013], [35.045232, -0.59807], [35.044073, -0.59795], [35.043347, -0.597832], [35.04303, -0.597348], [35.042578, -0.596312], [35.041989, -0.595965], [35.040352, -0.596233], [35.039399, -0.595563], [35.037945, -0.595488], [35.036878, -0.595391], [35.036219, -0.595273], [35.03538, -0.594511], [35.035224, -0.5935], [35.035115, -0.592167], [35.034822, -0.591039], [35.034348, -0.590187], [35.033691, -0.58938], [35.033308, -0.58839], [35.03322, -0.587402], [35.03263, -0.586986]]}}, {"type": "Feature", "properties": {"name": "Kidia", "length_km": 8.681, "dist_to_gulf_km": 34.462, "n_segments": 1}, "geometry": {"type": "LineString", "coordinates": [[34.864368, 0.315149], [34.865075, 0.31517], [34.866077, 0.314706], [34.866807, 0.314473], [34.867765, 0.314447], [34.868129, 0.314055], [34.868423, 0.313432], [34.869175, 0.313085], [34.870019, 0.312898], [34.870704, 0.31308], [34.871616, 0.313122], [34.872502, 0.311762], [34.873161, 0.310701], [34.873227, 0.309895], [34.873725, 0.308743], [34.87459, 0.308188], [34.875477, 0.307241], [34.876159, 0.306273], [34.876362, 0.305558], [34.877204, 0.304911], [34.877819, 0.304311], [34.878182, 0.303757], [34.878978, 0.302949], [34.879569, 0.302188], [34.879772, 0.301244], [34.879974, 0.300369], [34.880931, 0.299951], [34.881844, 0.299994], [34.882618, 0.29937], [34.882981, 0.298633], [34.883617, 0.297871], [34.884003, 0.297041], [34.884319, 0.295913], [34.884774, 0.295543], [34.885068, 0.294553], [34.885248, 0.293954], [34.886044, 0.293076], [34.886589, 0.292131], [34.886677, 0.291026], [34.887633, 0.290195], [34.888359, 0.288834], [34.888585, 0.288212], [34.88977, 0.287725], [34.890544, 0.287147], [34.891385, 0.286316], [34.892638, 0.285575], [34.894004, 0.28465], [34.895278, 0.283219], [34.895366, 0.282184], [34.89559, 0.280733], [34.89618, 0.27965], [34.896405, 0.27859], [34.896517, 0.278061], [34.897612, 0.27808], [34.898568, 0.27734], [34.899503, 0.277245], [34.900665, 0.276781], [34.901349, 0.276342], [34.902283, 0.275855], [34.903443, 0.274977], [34.904514, 0.274421], [34.906383, 0.273701], [34.907567, 0.273214], [34.908157, 0.271877], [34.908428, 0.27091], [34.908493, 0.269782], [34.90858, 0.268516], [34.909284, 0.267294], [34.91017, 0.265888], [34.910988, 0.264803], [34.911236, 0.263767], [34.911096, 0.262824], [34.911207, 0.261765]]}}, {"type": "Feature", "properties": {"name": "Kira", "length_km": 8.675, "dist_to_gulf_km": 19.553, "n_segments": 1}, "geometry": {"type": "LineString", "coordinates": [[34.582387, -0.703294], [34.582114, -0.703824], [34.581842, -0.704332], [34.582527, -0.704814], [34.58335, -0.705319], [34.584194, -0.705478], [34.585175, -0.705453], [34.586135, -0.706119], [34.586889, -0.70667], [34.587644, -0.707567], [34.5889, -0.708233], [34.590179, -0.709059], [34.590202, -0.709082], [34.5918, -0.709701], [34.593398, -0.710112], [34.594403, -0.710432], [34.595316, -0.710891], [34.59575, -0.711074], [34.596026, -0.71211], [34.596917, -0.7125], [34.598287, -0.71328], [34.599453, -0.714291], [34.600389, -0.714635], [34.601327, -0.715485], [34.601804, -0.714839], [34.602463, -0.713686], [34.60342, -0.713523], [34.604538, -0.713635], [34.605405, -0.713588], [34.606363, -0.713793], [34.607483, -0.714458], [34.608372, -0.714226], [34.609899, -0.713739], [34.611427, -0.713828], [34.61216, -0.714817], [34.613369, -0.714976], [34.615353, -0.714971], [34.616312, -0.715084], [34.617201, -0.715129], [34.618069, -0.71561], [34.619141, -0.715631], [34.620054, -0.715675], [34.62236, -0.7165], [34.624071, -0.716865], [34.626743, -0.717826], [34.62825, -0.718422], [34.629483, -0.719179], [34.630078, -0.719731], [34.630787, -0.720444], [34.631542, -0.721732], [34.632233, -0.724356], [34.632625, -0.725945], [34.632857, -0.727419], [34.632974, -0.728824], [34.633182, -0.729653], [34.633845, -0.730434], [34.634714, -0.731308], [34.636039, -0.732249], [34.636611, -0.732732], [34.63764, -0.733766], [34.63851, -0.734916], [34.639129, -0.736182], [34.639587, -0.736941], [34.640274, -0.738091], [34.640571, -0.738229]]}}, {"type": "Feature", "properties": {"name": "Misadhi", "length_km": 8.673, "dist_to_gulf_km": 19.121, "n_segments": 1}, "geometry": {"type": "LineString", "coordinates": [[34.518135, -0.705665], [34.518841, -0.705019], [34.519228, -0.704857], [34.519272, -0.704234], [34.519864, -0.70368], [34.520592, -0.702988], [34.521254, -0.703055], [34.521779, -0.703239], [34.522028, -0.702685], [34.52253, -0.702408], [34.523418, -0.701876], [34.52385, -0.701529], [34.524534, -0.701252], [34.525036, -0.701089], [34.525696, -0.70065], [34.526287, -0.699889], [34.52736, -0.700002], [34.528592, -0.700252], [34.529321, -0.699882], [34.529913, -0.699489], [34.530553, -0.699903], [34.530646, -0.70057], [34.531034, -0.700731], [34.531445, -0.700891], [34.531877, -0.700545], [34.532357, -0.700705], [34.532676, -0.700497], [34.532882, -0.700934], [34.532655, -0.701303], [34.53261, -0.701603], [34.533499, -0.701233], [34.534638, -0.700585], [34.535937, -0.700283], [34.536554, -0.700535], [34.537283, -0.700165], [34.538309, -0.70014], [34.539405, -0.700414], [34.54066, -0.700733], [34.543102, -0.701166], [34.546135, -0.701067], [34.546637, -0.700882], [34.547228, -0.70019], [34.548116, -0.69952], [34.548777, -0.69938], [34.549234, -0.699771], [34.549508, -0.699586], [34.549689, -0.699102], [34.550373, -0.699054], [34.550968, -0.69956], [34.551379, -0.699789], [34.551719, -0.699236], [34.552516, -0.698405], [34.553815, -0.697849], [34.554202, -0.697733], [34.554295, -0.698263], [34.554546, -0.698539], [34.555687, -0.698813], [34.55628, -0.698765], [34.556736, -0.698442], [34.557397, -0.698118], [34.557716, -0.698301], [34.558196, -0.698669], [34.559929, -0.698527], [34.562327, -0.69949], [34.563172, -0.699925], [34.563698, -0.7005], [34.564794, -0.700728], [34.566071, -0.700864], [34.56655, -0.700747], [34.566369, -0.701439], [34.566872, -0.701968], [34.567397, -0.702082], [34.567763, -0.702542], [34.568219, -0.702333], [34.568606, -0.702102], [34.568745, -0.702931], [34.568951, -0.703207], [34.569385, -0.703183], [34.569796, -0.703367], [34.570252, -0.70355], [34.570779, -0.704401], [34.57249, -0.704674], [34.573196, -0.704212], [34.574792, -0.703886], [34.575296, -0.704553], [34.576186, -0.704643], [34.577189, -0.704733], [34.578104, -0.705468], [34.578996, -0.706457], [34.579613, -0.706962], [34.580072, -0.70809], [34.580394, -0.709287], [34.580327, -0.709725]]}}, {"type": "Feature", "properties": {"name": "Tonde", "length_km": 8.665, "dist_to_gulf_km": 36.068, "n_segments": 1}, "geometry": {"type": "LineString", "coordinates": [[35.199961, -0.136013], [35.199643, -0.135759], [35.199417, -0.135206], [35.198713, -0.134606], [35.198443, -0.133663], [35.199222, -0.132541], [35.199819, -0.131602], [35.2003, -0.130961], [35.200916, -0.130918], [35.201216, -0.129817], [35.20131, -0.129175], [35.202636, -0.128239], [35.203458, -0.127807], [35.2046, -0.127353], [35.205673, -0.127105], [35.20645, -0.126627], [35.206885, -0.126077], [35.20844, -0.12473], [35.20899, -0.12402], [35.209016, -0.1234], [35.209177, -0.122896], [35.210136, -0.122671], [35.211095, -0.122193], [35.211644, -0.121575], [35.211236, -0.120999], [35.211239, -0.120333], [35.211583, -0.119898], [35.212412, -0.11975], [35.213118, -0.118737], [35.214164, -0.11715], [35.214893, -0.116092], [35.215531, -0.115861], [35.215713, -0.115447], [35.216259, -0.114504], [35.216851, -0.113768], [35.21669, -0.113079], [35.217075, -0.11193], [35.21769, -0.111147], [35.217757, -0.110573], [35.218076, -0.110159], [35.217961, -0.109791], [35.217572, -0.109654], [35.217778, -0.109493], [35.218074, -0.109377], [35.218119, -0.10901], [35.218415, -0.108688], [35.218483, -0.108366], [35.219143, -0.107721], [35.21944, -0.107652], [35.21985, -0.107146], [35.220261, -0.107191], [35.221196, -0.106591], [35.221764, -0.105717], [35.222425, -0.105256], [35.223179, -0.105255], [35.224184, -0.105505], [35.225324, -0.104883], [35.226715, -0.104053], [35.227445, -0.103707], [35.227991, -0.1032], [35.228949, -0.102739], [35.229495, -0.101957], [35.230544, -0.101426], [35.231092, -0.101126], [35.231868, -0.10117], [35.23198, -0.100183], [35.23344, -0.100019], [35.234283, -0.099144], [35.235013, -0.098683], [35.235926, -0.098612], [35.235992, -0.097647], [35.236538, -0.096796], [35.237403, -0.095623], [35.238246, -0.094932], [35.23957, -0.09463], [35.240757, -0.094789], [35.241784, -0.094626], [35.242059, -0.095268], [35.24263, -0.095267], [35.243633, -0.094783], [35.24466, -0.094551], [35.245733, -0.094525], [35.247057, -0.094569], [35.248084, -0.094314], [35.248928, -0.094105], [35.249544, -0.09392], [35.25039, -0.093425]]}}, {"type": "Feature", "properties": {"name": "Chiri Chiro", "length_km": 8.643, "dist_to_gulf_km": 37.636, "n_segments": 1}, "geometry": {"type": "LineString", "coordinates": [[34.854409, -0.770425], [34.855181, -0.77023], [34.856209, -0.770329], [34.857154, -0.770865], [34.85846, -0.771166], [34.859296, -0.77074], [34.860404, -0.770172], [34.860924, -0.769866], [34.861494, -0.76988], [34.862408, -0.769935], [34.863396, -0.769024], [34.86442, -0.768894], [34.865089, -0.76932], [34.866536, -0.768563], [34.868129, -0.768332], [34.869175, -0.768132], [34.870007, -0.768762], [34.871136, -0.769387], [34.872426, -0.768793], [34.874363, -0.767363], [34.875626, -0.767849], [34.877084, -0.767757], [34.878599, -0.766977], [34.879969, -0.767024], [34.881366, -0.767324], [34.882896, -0.767439], [34.884704, -0.767755], [34.885716, -0.768221], [34.887144, -0.769003], [34.888107, -0.76931], [34.890605, -0.769937], [34.892102, -0.770809], [34.894379, -0.77183], [34.896895, -0.772205], [34.898793, -0.77252], [34.900089, -0.772247], [34.901237, -0.77138], [34.902193, -0.769919], [34.903468, -0.76843], [34.905436, -0.767482], [34.90818, -0.766544], [34.912328, -0.765034], [34.914345, -0.764222], [34.915895, -0.764199], [34.916762, -0.764208], [34.918717, -0.763788], [34.91985, -0.763334], [34.921134, -0.763728], [34.922027, -0.763898], [34.922822, -0.763702], [34.924958, -0.763256], [34.925731, -0.76306]]}}, {"type": "Feature", "properties": {"name": "Aora Kokech", "length_km": 8.609, "dist_to_gulf_km": 1.915, "n_segments": 1}, "geometry": {"type": "LineString", "coordinates": [[34.557796, -0.511054], [34.556973, -0.511213], [34.556676, -0.511765], [34.555442, -0.5119], [34.554415, -0.511897], [34.553752, -0.512287], [34.553203, -0.513022], [34.5527, -0.51309], [34.551878, -0.513065], [34.551833, -0.512581], [34.551399, -0.512856], [34.550895, -0.514121], [34.550688, -0.515064], [34.550824, -0.516375], [34.550869, -0.516951], [34.550663, -0.517387], [34.551073, -0.518401], [34.551232, -0.519068], [34.551094, -0.51985], [34.551709, -0.520887], [34.552302, -0.521211], [34.552987, -0.521765], [34.553648, -0.522503], [34.554173, -0.523355], [34.554971, -0.52437], [34.55538, -0.526257], [34.555881, -0.52734], [34.556245, -0.528192], [34.555628, -0.528881], [34.555513, -0.52964], [34.556198, -0.529803], [34.555603, -0.530423], [34.554871, -0.531801], [34.554277, -0.532283], [34.55391, -0.533065], [34.553589, -0.534467], [34.553291, -0.535594], [34.55322, -0.537113], [34.552716, -0.538446], [34.552463, -0.53978], [34.552417, -0.540631], [34.552507, -0.541436], [34.552598, -0.542081], [34.551957, -0.542862], [34.551888, -0.543966], [34.55168, -0.545783], [34.551587, -0.547094], [34.551105, -0.548888], [34.550784, -0.550314], [34.550692, -0.55105], [34.55117, -0.552017], [34.551466, -0.552708], [34.551352, -0.553168], [34.550643, -0.553305], [34.54966, -0.554223], [34.548814, -0.555233], [34.547945, -0.556082], [34.547693, -0.557071], [34.547555, -0.558014], [34.54721, -0.559486], [34.54698, -0.560912], [34.546979, -0.562453], [34.547571, -0.563812], [34.547706, -0.565262], [34.54823, -0.566943], [34.548731, -0.568233], [34.549483, -0.569454], [34.550121, -0.570675], [34.550576, -0.572471], [34.550894, -0.57376], [34.551281, -0.575142], [34.551485, -0.575856]]}}, {"type": "Feature", "properties": {"name": "Obambo", "length_km": 8.508, "dist_to_gulf_km": 4.034, "n_segments": 1}, "geometry": {"type": "LineString", "coordinates": [[34.45715, -0.563065], [34.45763, -0.563895], [34.458016, -0.565762], [34.458198, -0.566731], [34.45806, -0.567998], [34.458951, -0.569151], [34.459956, -0.570098], [34.459978, -0.570905], [34.459885, -0.571849], [34.461302, -0.573926], [34.462216, -0.574964], [34.463153, -0.575473], [34.463609, -0.576603], [34.464294, -0.57794], [34.465619, -0.579625], [34.466236, -0.580709], [34.466235, -0.581193], [34.465891, -0.581861], [34.466005, -0.582621], [34.466668, -0.582784], [34.467718, -0.585413], [34.468151, -0.586427], [34.469248, -0.587374], [34.469888, -0.588136], [34.470872, -0.588391], [34.471718, -0.588692], [34.472197, -0.589614], [34.473181, -0.590054], [34.474622, -0.589987], [34.475377, -0.590265], [34.476154, -0.590751], [34.477413, -0.590845], [34.479151, -0.591378], [34.479447, -0.593038], [34.479582, -0.594697], [34.479923, -0.596172], [34.480448, -0.59774], [34.480858, -0.599008], [34.48065, -0.600851], [34.480924, -0.601589], [34.481677, -0.603134], [34.48211, -0.604472], [34.482086, -0.606039], [34.482038, -0.607398], [34.482289, -0.608781], [34.482676, -0.610164], [34.483246, -0.612078], [34.483633, -0.613461], [34.48393, -0.613692], [34.483746, -0.615143], [34.483447, -0.615926], [34.482805, -0.61717], [34.481957, -0.618689], [34.481176, -0.621015], [34.48058, -0.622558], [34.480212, -0.623755], [34.479914, -0.624515], [34.479272, -0.625182], [34.478517, -0.625734]]}}, {"type": "Feature", "properties": {"name": "Achar", "length_km": 8.473, "dist_to_gulf_km": 2.52, "n_segments": 1}, "geometry": {"type": "LineString", "coordinates": [[34.319249, -0.248561], [34.319085, -0.249353], [34.320628, -0.250406], [34.321449, -0.250402], [34.321073, -0.251427], [34.321244, -0.252411], [34.321777, -0.25267], [34.322122, -0.25206], [34.324124, -0.252569], [34.323952, -0.254186], [34.325224, -0.254696], [34.326014, -0.25444], [34.326277, -0.254132], [34.326942, -0.254202], [34.326967, -0.254961], [34.328113, -0.255751], [34.328649, -0.254767], [34.328914, -0.25584], [34.330428, -0.256066], [34.330468, -0.255213], [34.332023, -0.255323], [34.333009, -0.255452], [34.333248, -0.254431], [34.334312, -0.254189], [34.334824, -0.253137], [34.335614, -0.251546], [34.337252, -0.252734], [34.339142, -0.25396], [34.339607, -0.253531], [34.341039, -0.254036], [34.342024, -0.254832], [34.34345, -0.255153], [34.343652, -0.256389], [34.344842, -0.256488], [34.344781, -0.257387], [34.345553, -0.25727], [34.346735, -0.259141], [34.346587, -0.260135], [34.347414, -0.260959], [34.347435, -0.262247], [34.348789, -0.263146], [34.34928, -0.264165], [34.350363, -0.264452], [34.350934, -0.265146], [34.351671, -0.265329], [34.35173, -0.266386], [34.352729, -0.266928], [34.353357, -0.267943], [34.353565, -0.268672], [34.35293, -0.268785], [34.352558, -0.270592], [34.352115, -0.272333], [34.351449, -0.274196], [34.350447, -0.27561], [34.349617, -0.276696], [34.348098, -0.278311], [34.347267, -0.280041], [34.345759, -0.282001], [34.344806, -0.282815], [34.34429, -0.283752], [34.343453, -0.284631]]}}, {"type": "Feature", "properties": {"name": "Mutwala", "length_km": 8.415, "dist_to_gulf_km": 35.148, "n_segments": 1}, "geometry": {"type": "LineString", "coordinates": [[35.199609, -0.160686], [35.201711, -0.160438], [35.201963, -0.160209], [35.201738, -0.159358], [35.201877, -0.158831], [35.202332, -0.159108], [35.202604, -0.159569], [35.203108, -0.158997], [35.203887, -0.15799], [35.204459, -0.157258], [35.205124, -0.156388], [35.205561, -0.155472], [35.206361, -0.154855], [35.207278, -0.153711], [35.207646, -0.152748], [35.207651, -0.151485], [35.207675, -0.151095], [35.206814, -0.149712], [35.207024, -0.148634], [35.207321, -0.148382], [35.207866, -0.148936], [35.208232, -0.1488], [35.208305, -0.14756], [35.209083, -0.146829], [35.209428, -0.145981], [35.20986, -0.146396], [35.209766, -0.147062], [35.210955, -0.146218], [35.212028, -0.145832], [35.213216, -0.145195], [35.21381, -0.144715], [35.214856, -0.145363], [35.215926, -0.145782], [35.21677, -0.145579], [35.217846, -0.144436], [35.218877, -0.143315], [35.219291, -0.142399], [35.219155, -0.142053], [35.219862, -0.141965], [35.220207, -0.14114], [35.220708, -0.141349], [35.221418, -0.140479], [35.222334, -0.139519], [35.223748, -0.139319], [35.224933, -0.139394], [35.225981, -0.139605], [35.227419, -0.139176], [35.228559, -0.139066], [35.230293, -0.13873], [35.230774, -0.138089], [35.231417, -0.137105], [35.232147, -0.136993], [35.233013, -0.137043], [35.233786, -0.137506], [35.234697, -0.137855], [35.235403, -0.137973], [35.235858, -0.138228], [35.236337, -0.138162], [35.236841, -0.137406], [35.237732, -0.136928], [35.238758, -0.136864], [35.239419, -0.13689], [35.240059, -0.136503], [35.240471, -0.136183], [35.240285, -0.136917], [35.240397, -0.137423], [35.24092, -0.137885], [35.241557, -0.138095], [35.241901, -0.137614], [35.242725, -0.136883], [35.243797, -0.136819], [35.244733, -0.13641], [35.245556, -0.135886], [35.246331, -0.135889], [35.246764, -0.135754], [35.247109, -0.135043], [35.24734, -0.134332], [35.247683, -0.134036], [35.248118, -0.133555], [35.248667, -0.132984], [35.248875, -0.132456], [35.248968, -0.131837], [35.249311, -0.131632], [35.249449, -0.131288], [35.250047, -0.131202]]}}, {"type": "Feature", "properties": {"name": "Cheptarit", "length_km": 8.393, "dist_to_gulf_km": 4.989, "n_segments": 2}, "geometry": {"type": "MultiLineString", "coordinates": [[[35.107404, 0.320903], [35.108059, 0.323066], [35.109398, 0.325323], [35.110103, 0.326313], [35.111562, 0.326961], [35.113476, 0.327909], [35.114547, 0.328487], [35.116261, 0.32794], [35.118044, 0.327256], [35.119324, 0.326731], [35.120077, 0.326825], [35.122267, 0.327337], [35.123818, 0.327755], [35.124957, 0.328333], [35.126462, 0.328751], [35.127193, 0.328799], [35.127443, 0.328892], [35.127669, 0.32972], [35.12739, 0.331282], [35.127111, 0.332822], [35.126535, 0.334222], [35.126029, 0.3356], [35.125476, 0.336978], [35.125407, 0.33723]], [[34.785803, 0.014675], [34.78622, 0.013385], [34.786376, 0.013085], [34.788327, 0.01251], [34.789331, 0.012611], [34.789965, 0.012282], [34.790435, 0.01168], [34.791801, 0.011594], [34.793869, 0.0112], [34.794866, 0.010728], [34.796163, 0.010666], [34.797204, 0.011891], [34.79835, 0.012426], [34.799212, 0.012186], [34.8, 0.011442], [34.801526, 0.011399], [34.802575, 0.0115], [34.803467, 0.011764], [34.805734, 0.012744], [34.80699, 0.01298], [34.80808, 0.012668], [34.808692, 0.012476], [34.810075, 0.013766], [34.81093, 0.014741], [34.812504, 0.016715], [34.813356, 0.017392], [34.814682, 0.017788], [34.815878, 0.018736], [34.817266, 0.020392], [34.818386, 0.02251], [34.818529, 0.023035], [34.81879, 0.023835], [34.81907, 0.024381]]]}}, {"type": "Feature", "properties": {"name": "Tolilet", "length_km": 8.333, "dist_to_gulf_km": 23.325, "n_segments": 1}, "geometry": {"type": "LineString", "coordinates": [[35.109381, -0.254007], [35.11009, -0.255568], [35.110957, -0.256257], [35.111687, -0.256463], [35.112462, -0.256761], [35.113442, -0.256577], [35.114489, -0.25591], [35.115377, -0.255312], [35.116357, -0.255357], [35.117404, -0.255219], [35.118293, -0.25531], [35.119342, -0.255516], [35.119843, -0.255608], [35.120503, -0.25501], [35.122214, -0.255836], [35.123923, -0.256133], [35.124972, -0.2565], [35.125633, -0.256614], [35.125863, -0.257648], [35.127437, -0.258657], [35.128621, -0.258014], [35.128484, -0.257876], [35.129259, -0.258266], [35.130649, -0.258012], [35.132472, -0.258057], [35.13377, -0.257665], [35.134315, -0.256769], [35.134793, -0.25631], [35.135181, -0.256677], [35.13566, -0.256906], [35.136798, -0.256078], [35.137506, -0.257364], [35.138349, -0.256973], [35.138827, -0.25672], [35.140492, -0.25773], [35.141474, -0.258832], [35.142547, -0.260347], [35.143278, -0.261173], [35.143667, -0.262345], [35.144032, -0.262689], [35.145789, -0.263951], [35.147089, -0.264777], [35.147387, -0.265811], [35.147685, -0.266867], [35.148576, -0.2679], [35.148646, -0.268842], [35.149149, -0.26999], [35.150382, -0.27139], [35.150885, -0.272446], [35.151251, -0.273112], [35.151868, -0.27449], [35.15253, -0.275271], [35.152942, -0.276212], [35.153922, -0.276326], [35.154401, -0.276441], [35.154699, -0.277313], [35.155748, -0.278185], [35.156115, -0.279426], [35.156937, -0.280436], [35.157281, -0.281538], [35.157441, -0.281974], [35.158376, -0.282732], [35.159449, -0.283811], [35.159908, -0.285441], [35.160571, -0.28675], [35.160731, -0.287393], [35.160754, -0.287416]]}}, {"type": "Feature", "properties": {"name": "Mangango", "length_km": 8.175, "dist_to_gulf_km": 42.236, "n_segments": 1}, "geometry": {"type": "LineString", "coordinates": [[34.550982, 0.387807], [34.551621, 0.387735], [34.552466, 0.387847], [34.553086, 0.388443], [34.553704, 0.388923], [34.554525, 0.388736], [34.554751, 0.388183], [34.555343, 0.387928], [34.555892, 0.388248], [34.556095, 0.387764], [34.556254, 0.387487], [34.556895, 0.387853], [34.557509, 0.387391], [34.558444, 0.387203], [34.558693, 0.38688], [34.559081, 0.386924], [34.559495, 0.387429], [34.55972, 0.386738], [34.560175, 0.386529], [34.56093, 0.38694], [34.562024, 0.386522], [34.563001, 0.385668], [34.564162, 0.385019], [34.564545, 0.384029], [34.56509, 0.383429], [34.565559, 0.382112], [34.56629, 0.38087], [34.566976, 0.380019], [34.567594, 0.378685], [34.569123, 0.378044], [34.570379, 0.377287], [34.570768, 0.376228], [34.570633, 0.375008], [34.571454, 0.375055], [34.571773, 0.375194], [34.57198, 0.373882], [34.573852, 0.372528], [34.576363, 0.371659], [34.576842, 0.371591], [34.57769, 0.368875], [34.578469, 0.366551], [34.579405, 0.365494], [34.580958, 0.364553], [34.581895, 0.363289], [34.58258, 0.362715], [34.585045, 0.3615], [34.586688, 0.360859], [34.588285, 0.360449], [34.590452, 0.360293], [34.592414, 0.360297], [34.594172, 0.35938], [34.595313, 0.358554], [34.596522, 0.358396], [34.598575, 0.35847], [34.600514, 0.35852], [34.602157, 0.35811], [34.603571, 0.357675], [34.605214, 0.35715], [34.606789, 0.356785]]}}, {"type": "Feature", "properties": {"name": "Nyamasibi", "length_km": 8.12, "dist_to_gulf_km": 43.221, "n_segments": 1}, "geometry": {"type": "LineString", "coordinates": [[34.938487, -0.873556], [34.93877, -0.871462], [34.939358, -0.868538], [34.939665, -0.866536], [34.940127, -0.865519], [34.940914, -0.863578], [34.941922, -0.861175], [34.942767, -0.859946], [34.942985, -0.859368], [34.942394, -0.858161], [34.941668, -0.857093], [34.940415, -0.854588], [34.939474, -0.852949], [34.938125, -0.848792], [34.937673, -0.846435], [34.93722, -0.84534], [34.93661, -0.841699], [34.936271, -0.840603], [34.936217, -0.840098], [34.936978, -0.837975], [34.938103, -0.835731], [34.938916, -0.833974], [34.939357, -0.831763], [34.939678, -0.829233], [34.9397, -0.82657], [34.939354, -0.825037], [34.939311, -0.823867], [34.93952, -0.821453], [34.939564, -0.820052], [34.939419, -0.81831], [34.939361, -0.816245], [34.939259, -0.814364], [34.939062, -0.813518], [34.938462, -0.813114], [34.937456, -0.812992], [34.936295, -0.813101], [34.935448, -0.812954], [34.934186, -0.812514], [34.932219, -0.812223], [34.931143, -0.81201], [34.930374, -0.811081], [34.929656, -0.810449]]}}, {"type": "Feature", "properties": {"name": "Lwanda", "length_km": 8.083, "dist_to_gulf_km": 14.523, "n_segments": 1}, "geometry": {"type": "LineString", "coordinates": [[34.38949, -0.715301], [34.389345, -0.713849], [34.389066, -0.712927], [34.388166, -0.711155], [34.387434, -0.710697], [34.386151, -0.709573], [34.385458, -0.708146], [34.385566, -0.707084], [34.384894, -0.705265], [34.383861, -0.704047], [34.382093, -0.701841], [34.381446, -0.70046], [34.380052, -0.699913], [34.37818, -0.699368], [34.376377, -0.698938], [34.375599, -0.698434], [34.375366, -0.69772], [34.373698, -0.696967], [34.372919, -0.696256], [34.372504, -0.695565], [34.371841, -0.695246], [34.37118, -0.695295], [34.369087, -0.695951], [34.368379, -0.695724], [34.36778, -0.694665], [34.367318, -0.693652], [34.366264, -0.692758], [34.365626, -0.692668], [34.364464, -0.692905], [34.363551, -0.692632], [34.362385, -0.692015], [34.361584, -0.691465], [34.361307, -0.690843], [34.360463, -0.690755], [34.359162, -0.690623], [34.358023, -0.690744], [34.357154, -0.690286], [34.3561, -0.689253], [34.355343, -0.688542], [34.354906, -0.687783], [34.354039, -0.687787], [34.353267, -0.688252], [34.351918, -0.687543], [34.351571, -0.686691], [34.350996, -0.685794], [34.349327, -0.684971], [34.347568, -0.684403], [34.346175, -0.683879], [34.345234, -0.682938], [34.344775, -0.682409], [34.343059, -0.681218], [34.341983, -0.680415], [34.341157, -0.679589], [34.340468, -0.678646], [34.339687, -0.677681], [34.338723, -0.676624], [34.337444, -0.676123], [34.336689, -0.675757]]}}, {"type": "Feature", "properties": {"name": "Mokhubiza", "length_km": 7.951, "dist_to_gulf_km": 22.217, "n_segments": 1}, "geometry": {"type": "LineString", "coordinates": [[34.815933, 0.187109], [34.816853, 0.188595], [34.81807, 0.190286], [34.81851, 0.191546], [34.818992, 0.192232], [34.820179, 0.192591], [34.820752, 0.193185], [34.821325, 0.193824], [34.822765, 0.194618], [34.824342, 0.195503], [34.825485, 0.196162], [34.826993, 0.196795], [34.828136, 0.197591], [34.829254, 0.197814], [34.830169, 0.198382], [34.831267, 0.199293], [34.832214, 0.201491], [34.833384, 0.202999], [34.834708, 0.203449], [34.836602, 0.203965], [34.837494, 0.204465], [34.838115, 0.205471], [34.838959, 0.205718], [34.83999, 0.206767], [34.841158, 0.207747], [34.842691, 0.208885], [34.84404, 0.209864], [34.845351, 0.212082], [34.845953, 0.213823], [34.846029, 0.215177], [34.846266, 0.216966], [34.846028, 0.21924], [34.846014, 0.22087], [34.846184, 0.222775], [34.847267, 0.224948], [34.847844, 0.226368], [34.848331, 0.227857], [34.848019, 0.229122], [34.847437, 0.231123], [34.84708, 0.232594], [34.846746, 0.23402], [34.846229, 0.23524], [34.845642, 0.236323], [34.845238, 0.237358], [34.844854, 0.238003], [34.843923, 0.238606], [34.842834, 0.239577], [34.842019, 0.240639], [34.841702, 0.24087]]}}, {"type": "Feature", "properties": {"name": "Muguruk", "length_km": 7.943, "dist_to_gulf_km": 0.266, "n_segments": 1}, "geometry": {"type": "LineString", "coordinates": [[34.664715, -0.107107], [34.663391, -0.106366], [34.662752, -0.105511], [34.66209, -0.105117], [34.661817, -0.104587], [34.661109, -0.104446], [34.65983, -0.103844], [34.659603, -0.103359], [34.659421, -0.102713], [34.6594, -0.101422], [34.658898, -0.100822], [34.658213, -0.10059], [34.657529, -0.099988], [34.657737, -0.098583], [34.658584, -0.09711], [34.658106, -0.096463], [34.656668, -0.095445], [34.655618, -0.094428], [34.654522, -0.093872], [34.65354, -0.094054], [34.653037, -0.093891], [34.652329, -0.093913], [34.651803, -0.093888], [34.651119, -0.093172], [34.64991, -0.092385], [34.648014, -0.091988], [34.647099, -0.092285], [34.646254, -0.092006], [34.645593, -0.091451], [34.644885, -0.091058], [34.642921, -0.090315], [34.642762, -0.089969], [34.642238, -0.088999], [34.641439, -0.088329], [34.64048, -0.088188], [34.639636, -0.087287], [34.638929, -0.086524], [34.638313, -0.085808], [34.638017, -0.085116], [34.637263, -0.084998], [34.63683, -0.084675], [34.636831, -0.083914], [34.637496, -0.082464], [34.637406, -0.081633], [34.637178, -0.081195], [34.637362, -0.080619], [34.637271, -0.08002], [34.636518, -0.079257], [34.636405, -0.079026], [34.636451, -0.07845], [34.636223, -0.078104], [34.635971, -0.078795], [34.635331, -0.078977], [34.634006, -0.078651], [34.633345, -0.077843], [34.632753, -0.076711], [34.632137, -0.075857], [34.631704, -0.074911], [34.6315, -0.073919], [34.631068, -0.073065], [34.630406, -0.072257], [34.630636, -0.071589], [34.630728, -0.070828], [34.630776, -0.06986], [34.631211, -0.068986], [34.631784, -0.068296], [34.632492, -0.067929], [34.633406, -0.067885], [34.634436, -0.067289], [34.635603, -0.06607], [34.635969, -0.065864], [34.63654, -0.065957], [34.636814, -0.06582], [34.637021, -0.065129], [34.637547, -0.064807], [34.638256, -0.064118], [34.638783, -0.063635], [34.638806, -0.063635]]}}, {"type": "Feature", "properties": {"name": "Kisyan", "length_km": 7.907, "dist_to_gulf_km": 0.594, "n_segments": 1}, "geometry": {"type": "LineString", "coordinates": [[34.683544, -0.090429], [34.683114, -0.089435], [34.682754, -0.088049], [34.682463, -0.086802], [34.682034, -0.085462], [34.681058, -0.083912], [34.680287, -0.082432], [34.679333, -0.08109], [34.678447, -0.079932], [34.677923, -0.079399], [34.677857, -0.078845], [34.677264, -0.078496], [34.676351, -0.0781], [34.6759, -0.076829], [34.674921, -0.075856], [34.674034, -0.074836], [34.673332, -0.07338], [34.67311, -0.071718], [34.672634, -0.070885], [34.67147, -0.070441], [34.669827, -0.069696], [34.668689, -0.068698], [34.668188, -0.068258], [34.667254, -0.067307], [34.666502, -0.066796], [34.665912, -0.065825], [34.665917, -0.064694], [34.666266, -0.06345], [34.667208, -0.06237], [34.668036, -0.06129], [34.668244, -0.060645], [34.668227, -0.059353], [34.668072, -0.058383], [34.667916, -0.057459], [34.668581, -0.056955], [34.669517, -0.057328], [34.670225, -0.057447], [34.670594, -0.056664], [34.671055, -0.055813], [34.671584, -0.055169], [34.671771, -0.054294], [34.672552, -0.053328], [34.673446, -0.052825], [34.674222, -0.053244], [34.675645, -0.052004], [34.676151, -0.051268], [34.677872, -0.049754], [34.679274, -0.048238], [34.679641, -0.047916], [34.68033, -0.047158], [34.680815, -0.046214], [34.680797, -0.045061], [34.681031, -0.043747], [34.681952, -0.04239], [34.682462, -0.040754], [34.682146, -0.039876], [34.682218, -0.039208], [34.683343, -0.038036], [34.68426, -0.037464], [34.684857, -0.037051], [34.685429, -0.0368]]}}, {"type": "Feature", "properties": {"name": "Dimlitch", "length_km": 7.847, "dist_to_gulf_km": 39.083, "n_segments": 1}, "geometry": {"type": "LineString", "coordinates": [[35.25023, -0.41775], [35.2508, -0.417659], [35.250914, -0.417359], [35.251369, -0.416668], [35.252441, -0.416531], [35.253718, -0.415195], [35.254287, -0.414159], [35.254492, -0.413145], [35.254811, -0.4128], [35.255564, -0.413284], [35.25675, -0.413746], [35.257731, -0.413655], [35.25846, -0.412826], [35.259281, -0.412366], [35.259942, -0.412251], [35.26058, -0.412275], [35.26147, -0.411699], [35.262359, -0.411493], [35.263682, -0.411655], [35.264389, -0.41161], [35.264936, -0.411541], [35.265391, -0.409974], [35.26587, -0.408684], [35.266667, -0.407487], [35.26726, -0.407165], [35.267876, -0.407695], [35.268196, -0.408272], [35.268583, -0.407742], [35.269221, -0.406821], [35.269859, -0.406476], [35.27027, -0.407167], [35.270749, -0.407628], [35.271798, -0.407261], [35.27271, -0.406478], [35.273166, -0.405994], [35.274078, -0.40588], [35.274625, -0.405558], [35.275264, -0.405397], [35.275697, -0.405674], [35.276176, -0.406043], [35.276974, -0.406159], [35.277522, -0.40586], [35.278, -0.4051], [35.278639, -0.405193], [35.279095, -0.405977], [35.279711, -0.406023], [35.281877, -0.405518], [35.28304, -0.405335], [35.2832, -0.405957], [35.283839, -0.406188], [35.284477, -0.405797], [35.285139, -0.406281], [35.285253, -0.406973], [35.285664, -0.40672], [35.285823, -0.406075], [35.286918, -0.40702], [35.287693, -0.406906], [35.288377, -0.406745], [35.288811, -0.406607], [35.28938, -0.405363], [35.291113, -0.405042], [35.292185, -0.404559], [35.293188, -0.404099], [35.294009, -0.404077], [35.294921, -0.403939], [35.29597, -0.403479], [35.296608, -0.403088], [35.297315, -0.402352], [35.29768, -0.402167], [35.298067, -0.402629], [35.298638, -0.402514], [35.298797, -0.401915], [35.299732, -0.401363], [35.3, -0.40100393540051893]]}}, {"type": "Feature", "properties": {"name": "Chemosit", "length_km": 7.834, "dist_to_gulf_km": 36.396, "n_segments": 2}, "geometry": {"type": "MultiLineString", "coordinates": [[[35.25018, -0.451326], [35.250978, -0.450774], [35.252164, -0.450959], [35.252848, -0.451144], [35.253828, -0.449969], [35.254466, -0.449163], [35.255423, -0.44845], [35.256176, -0.447759], [35.257088, -0.44723], [35.258, -0.44677], [35.259162, -0.446425], [35.260394, -0.446219], [35.261169, -0.445989], [35.261944, -0.445598], [35.263518, -0.445277], [35.264909, -0.44537], [35.266505, -0.445694], [35.267555, -0.445856], [35.268695, -0.445903], [35.269516, -0.445374], [35.270382, -0.444499]], [[35.216342, -0.477301], [35.217005, -0.476498], [35.216822, -0.475717], [35.216937, -0.474799], [35.217645, -0.474891], [35.218491, -0.474386], [35.220457, -0.472803], [35.221234, -0.472597], [35.222035, -0.471794], [35.222264, -0.470784], [35.222378, -0.469751], [35.222059, -0.469108], [35.221625, -0.468258], [35.222448, -0.467294], [35.223088, -0.46633], [35.223523, -0.465458], [35.224529, -0.464931], [35.224986, -0.464655], [35.225718, -0.463737], [35.226952, -0.462889], [35.227935, -0.462499], [35.228735, -0.462224], [35.229101, -0.461994], [35.229969, -0.462293], [35.231111, -0.462133], [35.232232, -0.461146], [35.233558, -0.459999], [35.234381, -0.45892], [35.235135, -0.458117], [35.236392, -0.457796], [35.237558, -0.457981], [35.238563, -0.458279], [35.240072, -0.457798], [35.240872, -0.457408], [35.2427, -0.456353], [35.244757, -0.455872], [35.245809, -0.455206], [35.246586, -0.455345], [35.247683, -0.455024], [35.248483, -0.454703], [35.249191, -0.454565], [35.249694, -0.454657], [35.250128, -0.455002], [35.251117, -0.455198]]]}}, {"type": "Feature", "properties": {"name": "Olambwed", "length_km": 7.821, "dist_to_gulf_km": 16.33, "n_segments": 1}, "geometry": {"type": "LineString", "coordinates": [[34.245675, -0.673094], [34.244355, -0.673292], [34.243548, -0.674565], [34.242539, -0.676094], [34.241773, -0.676953], [34.240024, -0.677546], [34.238825, -0.678387], [34.237032, -0.67905], [34.23617, -0.67945], [34.23518, -0.680633], [34.233515, -0.682675], [34.232476, -0.683514], [34.230502, -0.68434], [34.228661, -0.686934], [34.226901, -0.688563], [34.225457, -0.689958], [34.224016, -0.69156], [34.222779, -0.693137], [34.220804, -0.693871], [34.220388, -0.695439], [34.219, -0.695661], [34.217768, -0.697628], [34.216772, -0.698329], [34.215724, -0.698386], [34.214332, -0.700355], [34.212516, -0.701019], [34.210876, -0.701105], [34.209768, -0.701945], [34.208823, -0.703151], [34.207552, -0.703624], [34.20595, -0.705113], [34.204632, -0.705472], [34.202743, -0.705814], [34.201708, -0.706998], [34.20122, -0.708245], [34.200022, -0.709155], [34.198892, -0.710109], [34.198153, -0.711336], [34.197376, -0.713207], [34.196299, -0.714782], [34.195236, -0.715598], [34.194561, -0.716364]]}}, {"type": "Feature", "properties": {"name": "Nyamaura", "length_km": 7.807, "dist_to_gulf_km": 14.304, "n_segments": 1}, "geometry": {"type": "LineString", "coordinates": [[34.539315, -0.682699], [34.539725, -0.682375], [34.540499, -0.68166], [34.541432, -0.680944], [34.542206, -0.680343], [34.542912, -0.679604], [34.543505, -0.679833], [34.543985, -0.679879], [34.544781, -0.679117], [34.545646, -0.67817], [34.546738, -0.677362], [34.547216, -0.676647], [34.548219, -0.676529], [34.54913, -0.67579], [34.550359, -0.674889], [34.551019, -0.674012], [34.551721, -0.672122], [34.552402, -0.670577], [34.553903, -0.669077], [34.5542, -0.668984], [34.555109, -0.667899], [34.555929, -0.667483], [34.556178, -0.666538], [34.559524, -0.663467], [34.560571, -0.662704], [34.561049, -0.662381], [34.561801, -0.662011], [34.562029, -0.662079], [34.562487, -0.66247], [34.562898, -0.662861], [34.56356, -0.663205], [34.563994, -0.663089], [34.564586, -0.662696], [34.565248, -0.662971], [34.565658, -0.66274], [34.566319, -0.662439], [34.566864, -0.661539], [34.567136, -0.66094], [34.568186, -0.66103], [34.569028, -0.660452], [34.569825, -0.659874], [34.570828, -0.659642], [34.571853, -0.659202], [34.572583, -0.659039], [34.573701, -0.658991], [34.574728, -0.659357], [34.57621, -0.659032], [34.577623, -0.658522], [34.578443, -0.658036], [34.579674, -0.657757], [34.580973, -0.657455], [34.582431, -0.656554], [34.584254, -0.65579], [34.585759, -0.655671], [34.586605, -0.656637], [34.58736, -0.657257], [34.58873, -0.658015], [34.590146, -0.658611], [34.591241, -0.658954], [34.592245, -0.65879], [34.593589, -0.658396], [34.595116, -0.657517], [34.595548, -0.657079], [34.595547, -0.656941]]}}, {"type": "Feature", "properties": {"name": "Kibaraa", "length_km": 7.792, "dist_to_gulf_km": 31.892, "n_segments": 1}, "geometry": {"type": "LineString", "coordinates": [[35.185403, -0.41863], [35.186614, -0.417712], [35.187986, -0.41629], [35.189404, -0.41489], [35.190547, -0.414041], [35.191187, -0.4131], [35.192102, -0.411861], [35.192536, -0.411218], [35.193222, -0.41115], [35.194799, -0.410255], [35.196125, -0.409039], [35.197131, -0.407938], [35.197818, -0.406905], [35.198573, -0.405298], [35.19983, -0.404266], [35.201933, -0.403394], [35.20367, -0.402638], [35.204859, -0.4025], [35.20687, -0.401721], [35.207693, -0.401652], [35.209933, -0.40023], [35.211602, -0.399359], [35.212653, -0.398625], [35.213065, -0.397661], [35.214048, -0.396169], [35.214415, -0.393919], [35.214942, -0.392129], [35.215697, -0.390637], [35.216634, -0.390132], [35.217754, -0.389306], [35.217252, -0.38848], [35.218372, -0.387677], [35.219721, -0.386805], [35.220178, -0.385543], [35.220476, -0.384119], [35.22114, -0.382444], [35.222511, -0.381526], [35.224271, -0.380586], [35.226283, -0.379187], [35.228158, -0.377764], [35.229735, -0.376732], [35.230558, -0.375814], [35.231519, -0.374391], [35.232525, -0.373565], [35.233211, -0.3729], [35.233233, -0.3729]]}}, {"type": "Feature", "properties": {"name": "Wuroya", "length_km": 7.762, "dist_to_gulf_km": 16.735, "n_segments": 1}, "geometry": {"type": "LineString", "coordinates": [[34.250599, 0.152379], [34.251215, 0.151672], [34.252192, 0.151879], [34.253487, 0.152018], [34.254351, 0.152087], [34.255351, 0.151996], [34.255988, 0.152088], [34.256488, 0.151881], [34.25667, 0.151559], [34.257193, 0.151513], [34.25767, 0.151905], [34.258466, 0.151767], [34.259329, 0.151698], [34.260034, 0.151423], [34.260375, 0.151285], [34.26133, 0.151469], [34.262057, 0.151585], [34.262489, 0.151124], [34.263558, 0.151171], [34.264331, 0.151033], [34.264899, 0.15055], [34.265036, 0.150366], [34.266149, 0.150965], [34.26674, 0.151264], [34.267354, 0.150989], [34.268149, 0.151173], [34.268672, 0.151012], [34.26924, 0.15145], [34.269968, 0.151473], [34.270604, 0.151197], [34.271309, 0.151658], [34.272172, 0.151658], [34.273037, 0.151037], [34.273423, 0.151636], [34.274013, 0.152027], [34.275264, 0.151706], [34.275582, 0.151614], [34.276764, 0.152443], [34.278104, 0.153502], [34.27899, 0.154216], [34.279468, 0.15371], [34.281081, 0.154792], [34.281285, 0.155322], [34.282034, 0.156243], [34.282603, 0.156105], [34.283193, 0.156612], [34.283397, 0.157463], [34.284556, 0.15873], [34.285283, 0.158914], [34.285147, 0.158039], [34.287102, 0.157856], [34.287875, 0.157396], [34.289104, 0.156384], [34.289809, 0.155924], [34.290877, 0.156132], [34.291876, 0.156731], [34.292513, 0.157237], [34.293445, 0.156455], [34.294605, 0.156248], [34.295104, 0.156709], [34.295513, 0.157192], [34.296968, 0.15717], [34.297786, 0.156779], [34.298514, 0.156964], [34.29931, 0.15655], [34.300492, 0.156274], [34.30131, 0.156205], [34.301742, 0.15662], [34.302287, 0.157334], [34.302946, 0.157242], [34.30406, 0.15692], [34.304605, 0.157197], [34.305901, 0.157704], [34.305719, 0.157105], [34.306356, 0.156967], [34.307674, 0.157658], [34.308537, 0.158257], [34.308946, 0.158718], [34.308969, 0.158718]]}}, {"type": "Feature", "properties": {"name": "Kamngorion", "length_km": 7.705, "dist_to_gulf_km": 33.67, "n_segments": 1}, "geometry": {"type": "LineString", "coordinates": [[35.088414, 0.045638], [35.087777, 0.046533], [35.088232, 0.047129], [35.088369, 0.048024], [35.088506, 0.048666], [35.088962, 0.049308], [35.089304, 0.050271], [35.089646, 0.051142], [35.089828, 0.051716], [35.090306, 0.052128], [35.090921, 0.052403], [35.091445, 0.052609], [35.091786, 0.052195], [35.092514, 0.052172], [35.09306, 0.052309], [35.093607, 0.052813], [35.094245, 0.053592], [35.095633, 0.054095], [35.096817, 0.054714], [35.097887, 0.05586], [35.099322, 0.057097], [35.099937, 0.05783], [35.100438, 0.058564], [35.100894, 0.059412], [35.10169, 0.060145], [35.102123, 0.060925], [35.102306, 0.06159], [35.102124, 0.062164], [35.101465, 0.062944], [35.101078, 0.064], [35.100874, 0.065354], [35.101307, 0.066615], [35.101877, 0.068014], [35.102288, 0.069207], [35.10329, 0.070467], [35.104519, 0.07159], [35.105407, 0.072025], [35.106568, 0.072964], [35.107343, 0.074478], [35.107481, 0.076083], [35.107777, 0.07684], [35.108005, 0.078033], [35.107847, 0.079409], [35.107598, 0.081382], [35.107212, 0.083379], [35.107054, 0.085145], [35.107305, 0.085948], [35.10776, 0.086223], [35.107988, 0.087484], [35.108262, 0.088608], [35.108741, 0.09042], [35.109334, 0.091819], [35.110382, 0.093584], [35.111361, 0.09489], [35.112705, 0.096265], [35.113707, 0.09748], [35.114527, 0.098787], [35.1148, 0.099154], [35.115074, 0.099383], [35.115575, 0.100438], [35.115849, 0.101561]]}}, {"type": "Feature", "properties": {"name": "Owrarech", "length_km": 7.683, "dist_to_gulf_km": 1.185, "n_segments": 1}, "geometry": {"type": "LineString", "coordinates": [[34.426444, -0.122545], [34.426391, -0.121048], [34.426377, -0.120197], [34.426381, -0.119852], [34.427142, -0.119056], [34.427904, -0.118122], [34.428968, -0.116639], [34.429341, -0.115815], [34.430401, -0.11477], [34.431092, -0.114134], [34.431463, -0.113449], [34.431656, -0.112507], [34.431686, -0.111818], [34.431147, -0.110982], [34.431404, -0.110387], [34.431621, -0.10924], [34.431542, -0.108088], [34.431575, -0.107168], [34.43108, -0.106517], [34.430637, -0.105246], [34.431573, -0.102957], [34.432063, -0.101881], [34.432914, -0.101156], [34.433452, -0.099851], [34.43319, -0.098812], [34.432723, -0.09761], [34.432014, -0.095668], [34.431862, -0.094999], [34.431688, -0.094168], [34.430288, -0.092816], [34.429458, -0.091609], [34.428782, -0.090796], [34.427974, -0.089589], [34.427421, -0.087971], [34.42729, -0.087418], [34.427113, -0.086863], [34.426604, -0.085453], [34.426024, -0.084249], [34.425442, -0.083184], [34.425247, -0.082238], [34.42528, -0.081226], [34.425732, -0.079483], [34.425855, -0.078564], [34.426698, -0.07648], [34.426807, -0.07471], [34.426876, -0.072524], [34.426503, -0.071139], [34.425731, -0.068644], [34.425338, -0.066983], [34.425011, -0.065529], [34.424738, -0.06334], [34.424529, -0.061519], [34.424407, -0.060137], [34.424255, -0.059376], [34.424123, -0.05896]]}}, {"type": "Feature", "properties": {"name": "Nyandara", "length_km": 7.618, "dist_to_gulf_km": 7.502, "n_segments": 1}, "geometry": {"type": "LineString", "coordinates": [[34.589903, -0.593412], [34.590885, -0.593552], [34.591775, -0.593693], [34.592826, -0.593603], [34.59358, -0.593329], [34.59511, -0.593355], [34.597394, -0.5932], [34.598239, -0.593823], [34.599334, -0.594102], [34.601138, -0.59475], [34.602713, -0.595375], [34.603581, -0.595608], [34.60479, -0.596209], [34.605292, -0.596716], [34.605954, -0.597707], [34.606821, -0.598031], [34.607826, -0.598356], [34.609036, -0.598635], [34.610109, -0.598545], [34.611913, -0.598504], [34.615134, -0.598626], [34.616618, -0.598699], [34.618353, -0.599071], [34.619426, -0.599994], [34.620521, -0.601101], [34.621158, -0.602736], [34.621339, -0.604163], [34.621612, -0.605544], [34.622021, -0.607133], [34.622339, -0.608399], [34.622863, -0.609666], [34.623547, -0.610542], [34.623912, -0.611578], [34.625531, -0.613192], [34.626604, -0.613586], [34.627358, -0.613818], [34.629115, -0.614697], [34.630257, -0.615113], [34.632562, -0.6162], [34.633863, -0.617331], [34.637765, -0.620032], [34.63975, -0.621693], [34.640571, -0.622616], [34.641735, -0.623723], [34.643378, -0.624417], [34.644086, -0.624649]]}}, {"type": "Feature", "properties": {"name": "Olasi", "length_km": 7.587, "dist_to_gulf_km": 23.286, "n_segments": 2}, "geometry": {"type": "MultiLineString", "coordinates": [[[34.359407, -0.86808], [34.358495, -0.867202], [34.356874, -0.865954], [34.355802, -0.864638], [34.354068, -0.862929], [34.352973, -0.86205], [34.351696, -0.860088], [34.35083, -0.858034], [34.350329, -0.856004], [34.350171, -0.854435], [34.350104, -0.852313], [34.349376, -0.850191], [34.349125, -0.848945], [34.34835, -0.847721], [34.346846, -0.844721], [34.346391, -0.842829], [34.34605, -0.84066], [34.346097, -0.839115], [34.345505, -0.837961], [34.344775, -0.836415], [34.34473, -0.835746]], [[34.392879, -0.77543], [34.392744, -0.773769], [34.393178, -0.772871], [34.393796, -0.771696], [34.394641, -0.771236], [34.395212, -0.771098], [34.3964, -0.770409], [34.396721, -0.769602], [34.396516, -0.768564], [34.397088, -0.767504], [34.397044, -0.766097], [34.39789, -0.764992], [34.397937, -0.762916], [34.398077, -0.760703], [34.397461, -0.759595], [34.397439, -0.75828], [34.397486, -0.757796], [34.397692, -0.756436], [34.398402, -0.754915], [34.398677, -0.753278], [34.398655, -0.752402], [34.397994, -0.751409], [34.397561, -0.750509], [34.396854, -0.749562], [34.396169, -0.749561], [34.394415, -0.749768]]]}}, {"type": "Feature", "properties": {"name": "Uloma", "length_km": 7.561, "dist_to_gulf_km": 1.233, "n_segments": 1}, "geometry": {"type": "MultiLineString", "coordinates": [[[34.250575, -0.047562], [34.249083, -0.048702], [34.247248, -0.050093], [34.246485, -0.051812], [34.246569, -0.053398], [34.246787, -0.05572], [34.247250579878155, -0.0581124187730633]], [[34.247250579878155, -0.0581124187730633], [34.247322, -0.058481], [34.247791, -0.060874], [34.247941, -0.063012], [34.247404, -0.065307], [34.24625, -0.067713], [34.245349, -0.06973], [34.243874, -0.072249], [34.242607, -0.074103], [34.241893, -0.075362], [34.241038, -0.077287], [34.247250579878155, -0.0581124187730633]], [[34.247250579878155, -0.0581124187730633], [34.25062, -0.047713], [34.252012, -0.046339], [34.252695, -0.045836], [34.25324, -0.045624], [34.253743, -0.045542]]]}}, {"type": "Feature", "properties": {"name": "Aora Kagumo", "length_km": 7.536, "dist_to_gulf_km": 0.823, "n_segments": 1}, "geometry": {"type": "LineString", "coordinates": [[34.554132, -0.450553], [34.553195, -0.449882], [34.552511, -0.448244], [34.552102, -0.446953], [34.551554, -0.445822], [34.551099, -0.444254], [34.550943, -0.441395], [34.550146, -0.43955], [34.550172, -0.437199], [34.549946, -0.4357], [34.549421, -0.434454], [34.548464, -0.432124], [34.548214, -0.431363], [34.548193, -0.430164], [34.548469, -0.429289], [34.548697, -0.429659], [34.549592, -0.427817], [34.549685, -0.426987], [34.549755, -0.425812], [34.55042, -0.425237], [34.551406, -0.423442], [34.552141, -0.4216], [34.552739, -0.42008], [34.553198, -0.41856], [34.553682, -0.416625], [34.553845, -0.414782], [34.553436, -0.412937], [34.552776, -0.411092], [34.552068, -0.410191], [34.550332, -0.408297], [34.549053, -0.406796], [34.547477, -0.404879], [34.546428, -0.403263], [34.544896, -0.402176], [34.543708, -0.401344], [34.54124, -0.399471], [34.539709, -0.398384], [34.539069, -0.397806], [34.538155, -0.396882], [34.537104, -0.396234], [34.536601, -0.395795], [34.535573, -0.395101], [34.535093, -0.394777], [34.53443, -0.394476]]}}, {"type": "Feature", "properties": {"name": "Nyabondo", "length_km": 7.526, "dist_to_gulf_km": 0.008, "n_segments": 1}, "geometry": {"type": "LineString", "coordinates": [[34.506095, -0.459037], [34.506577, -0.457955], [34.506923, -0.456319], [34.507383, -0.454983], [34.508092, -0.454547], [34.50878, -0.453926], [34.509398, -0.453421], [34.510407, -0.452017], [34.511277, -0.451927], [34.51226, -0.452344], [34.513359, -0.451655], [34.514505, -0.450575], [34.514804, -0.449792], [34.516061, -0.45021], [34.517023, -0.449982], [34.517345, -0.448715], [34.517711, -0.448508], [34.519247, -0.446806], [34.520187, -0.445817], [34.52186, -0.44407], [34.521129, -0.442938], [34.520697, -0.441439], [34.521247, -0.440818], [34.523031, -0.440869], [34.523101, -0.440016], [34.522965, -0.439439], [34.524156, -0.438866], [34.524157, -0.438128], [34.524525, -0.436885], [34.525053, -0.435595], [34.52613, -0.434561], [34.526498, -0.433317], [34.527191, -0.429239], [34.527446, -0.427119], [34.527473, -0.4241], [34.527361, -0.422855], [34.527134, -0.421425], [34.526657, -0.419673], [34.526203, -0.417551], [34.52561, -0.416328], [34.525064, -0.414229], [34.524653, -0.413445], [34.523626, -0.411668], [34.522761, -0.409499], [34.521527, -0.408298], [34.521186, -0.406937], [34.520936, -0.406084], [34.52073, -0.405853]]}}, {"type": "Feature", "properties": {"name": "Nyalbiego", "length_km": 7.502, "dist_to_gulf_km": 3.559, "n_segments": 2}, "geometry": {"type": "MultiLineString", "coordinates": [[[34.929582, -0.248551], [34.930057, -0.248132], [34.93133, -0.247678], [34.931857, -0.246462], [34.931476, -0.245126], [34.932391, -0.243153], [34.93374, -0.240837], [34.935177, -0.239119], [34.936681, -0.237608], [34.937071, -0.236713], [34.936942, -0.23462], [34.936585, -0.232755], [34.936519, -0.23218], [34.93623, -0.230684], [34.936236, -0.228867], [34.936331, -0.227787], [34.937245, -0.226296], [34.938701, -0.225705], [34.940522, -0.224449], [34.9408, -0.223002], [34.940735, -0.222128], [34.941917, -0.221742], [34.9429, -0.220114], [34.943746, -0.218577], [34.945044, -0.21771], [34.946247, -0.217761], [34.947471, -0.218319], [34.948107, -0.218391], [34.948315, -0.217564], [34.948612, -0.216922], [34.949296, -0.216235]], [[34.949296, -0.216235], [34.94942, -0.215252], [34.950446, -0.214868], [34.951272, -0.213841], [34.950959, -0.213127], [34.950651, -0.211748], [34.950763, -0.20911], [34.950983, -0.207092], [34.952107, -0.205699], [34.952937, -0.204167], [34.953291, -0.202402], [34.954919, -0.200577], [34.956042, -0.199368], [34.957228, -0.198802], [34.958777, -0.198468], [34.959103, -0.197414], [34.959103, -0.197391]]]}}, {"type": "Feature", "properties": {"name": "Nyabomite", "length_km": 7.494, "dist_to_gulf_km": 10.735, "n_segments": 1}, "geometry": {"type": "LineString", "coordinates": [[34.883487, -0.520349], [34.884488, -0.520632], [34.885468, -0.520431], [34.886561, -0.520691], [34.887815, -0.520445], [34.888773, -0.520198], [34.889525, -0.520157], [34.890364, -0.520922], [34.890836, -0.522121], [34.891627, -0.523415], [34.891757, -0.524751], [34.892573, -0.525424], [34.893001, -0.526348], [34.893224, -0.52727], [34.893769, -0.527618], [34.893902, -0.528379], [34.894034, -0.529231], [34.894644, -0.530179], [34.895666, -0.530899], [34.896435, -0.532055], [34.89675, -0.532747], [34.897153, -0.534177], [34.897968, -0.535034], [34.89874, -0.535614], [34.898874, -0.536098], [34.900265, -0.535946], [34.901291, -0.535676], [34.90236, -0.536005], [34.903452, -0.536426], [34.904408, -0.536593], [34.905385, -0.53706], [34.906403, -0.53847], [34.907718, -0.539537], [34.908692, -0.540763], [34.909667, -0.54169], [34.910052, -0.54213], [34.910821, -0.543056], [34.912024, -0.544007], [34.913203, -0.545096], [34.913902, -0.546412], [34.914761, -0.547776], [34.915735, -0.548864], [34.916892, -0.549769], [34.917774, -0.551109], [34.918064, -0.552239], [34.918034, -0.553574], [34.918027, -0.554978], [34.918363, -0.556154], [34.91858, -0.558066], [34.918099, -0.558685], [34.91698, -0.559161], [34.915634, -0.559498], [34.914449, -0.559606], [34.913423, -0.55983], [34.912124, -0.559845], [34.910963, -0.559722], [34.910349, -0.559419], [34.909872, -0.55914]]}}, {"type": "Feature", "properties": {"name": "Nyamador", "length_km": 7.467, "dist_to_gulf_km": 21.87, "n_segments": 1}, "geometry": {"type": "LineString", "coordinates": [[34.51886, -0.722066], [34.520161, -0.722455], [34.521599, -0.722567], [34.523881, -0.723046], [34.525296, -0.723549], [34.525982, -0.724032], [34.526804, -0.724329], [34.528173, -0.724557], [34.529382, -0.724669], [34.530294, -0.72446], [34.531502, -0.723882], [34.532709, -0.723027], [34.535078, -0.721732], [34.536012, -0.721499], [34.537723, -0.721219], [34.538954, -0.721078], [34.540755, -0.720775], [34.542101, -0.720864], [34.543585, -0.721322], [34.544568, -0.72208], [34.545026, -0.722885], [34.546032, -0.723643], [34.547312, -0.724931], [34.547976, -0.725781], [34.548959, -0.726609], [34.549872, -0.72686], [34.550511, -0.726905], [34.552131, -0.72727], [34.553273, -0.727705], [34.554642, -0.727956], [34.556103, -0.728528], [34.557291, -0.729309], [34.558729, -0.729421], [34.559645, -0.730824], [34.560469, -0.732044], [34.561908, -0.73287], [34.563095, -0.733374], [34.564328, -0.733809], [34.566543, -0.734795], [34.569534, -0.735733], [34.571543, -0.73642], [34.573323, -0.736854], [34.574646, -0.736966], [34.576037, -0.736617], [34.577336, -0.736315], [34.578387, -0.736751], [34.579187, -0.737417]]}}, {"type": "Feature", "properties": {"name": "Ondhedhe (Kimira)", "length_km": 7.452, "dist_to_gulf_km": 0.0, "n_segments": 1}, "geometry": {"type": "LineString", "coordinates": [[34.598846, -0.372319], [34.59937, -0.37187], [34.599896, -0.371339], [34.599781, -0.370947], [34.599073, -0.371155], [34.598547, -0.370924], [34.598889, -0.370047], [34.598865, -0.369055], [34.598384, -0.367786], [34.598063, -0.366448], [34.59756, -0.365779], [34.597171, -0.365779], [34.596691, -0.366079], [34.596211, -0.365733], [34.596096, -0.364534], [34.595775, -0.364049], [34.595706, -0.363426], [34.595249, -0.363057], [34.594974, -0.362942], [34.594974, -0.362342], [34.594996, -0.361696], [34.595293, -0.361119], [34.595567, -0.35978], [34.595404, -0.356435], [34.596135, -0.355535], [34.597164, -0.354888], [34.597849, -0.354519], [34.599335, -0.354288], [34.599998, -0.354172], [34.60089, -0.354449], [34.601827, -0.354102], [34.602719, -0.353341], [34.603633, -0.352671], [34.604227, -0.352279], [34.604959, -0.353178], [34.606011, -0.353917], [34.606789, -0.354078], [34.608184, -0.355277], [34.608413, -0.355646], [34.609305, -0.3553], [34.609648, -0.355369], [34.610197, -0.355507], [34.610471, -0.355484], [34.611088, -0.354446], [34.611888, -0.354145], [34.61255, -0.353061], [34.61303, -0.352784], [34.613464, -0.352576], [34.613967, -0.35186], [34.613989, -0.351284], [34.61424, -0.350868], [34.615132, -0.350176], [34.615635, -0.35036], [34.616343, -0.349852], [34.617006, -0.349275], [34.6176, -0.349414], [34.617989, -0.34946], [34.618492, -0.349044], [34.618194, -0.348583], [34.617988, -0.348352], [34.618788, -0.347729], [34.618445, -0.347175], [34.618033, -0.346529], [34.618329, -0.345606], [34.618992, -0.345075], [34.619083, -0.344475], [34.618488, -0.342976], [34.617687, -0.342053], [34.617412, -0.341038], [34.617114, -0.340253], [34.616679, -0.339469], [34.616153, -0.338985], [34.615536, -0.339262], [34.614941, -0.339308], [34.614027, -0.339193], [34.613226, -0.338893], [34.612471, -0.338547], [34.611671, -0.338501], [34.610848, -0.337925]]}}, {"type": "Feature", "properties": {"name": "Wachara", "length_km": 7.436, "dist_to_gulf_km": 0.065, "n_segments": 1}, "geometry": {"type": "LineString", "coordinates": [[34.606419, -0.386442], [34.606053, -0.386718], [34.606098, -0.387202], [34.606257, -0.38764], [34.606073, -0.388355], [34.605706, -0.389276], [34.605568, -0.389713], [34.605177, -0.390657], [34.605039, -0.391602], [34.604922, -0.392869], [34.604646, -0.393652], [34.604989, -0.394137], [34.60476, -0.394367], [34.604599, -0.394943], [34.604574, -0.395887], [34.604688, -0.396395], [34.605122, -0.396742], [34.605396, -0.397387], [34.605646, -0.39801], [34.606079, -0.399256], [34.606077, -0.40057], [34.606397, -0.400893], [34.60699, -0.401655], [34.607788, -0.403731], [34.607718, -0.404492], [34.6087, -0.405393], [34.609294, -0.406201], [34.610048, -0.406848], [34.610573, -0.407679], [34.612082, -0.408213], [34.613179, -0.408976], [34.614367, -0.410131], [34.615762, -0.410526], [34.617088, -0.410898], [34.617819, -0.411545], [34.618389, -0.412745], [34.618753, -0.413921], [34.61969, -0.414845], [34.620307, -0.414962], [34.621451, -0.415264], [34.622548, -0.415774], [34.623555, -0.41603], [34.624653, -0.415917], [34.626253, -0.416566], [34.627351, -0.416822], [34.628586, -0.417424], [34.628515, -0.418623], [34.627804, -0.419681], [34.627573, -0.421156], [34.627549, -0.421962], [34.627113, -0.422883], [34.62686, -0.423436], [34.626424, -0.424149], [34.626011, -0.425139], [34.625667, -0.425737], [34.625619, -0.42689], [34.625526, -0.428295], [34.625499, -0.430531], [34.625862, -0.432721], [34.626227, -0.433413], [34.626981, -0.433899], [34.627942, -0.43427], [34.628788, -0.434434], [34.62968, -0.434367], [34.630572, -0.434784]]}}, {"type": "Feature", "properties": {"name": "Minarat", "length_km": 7.419, "dist_to_gulf_km": 1.144, "n_segments": 1}, "geometry": {"type": "LineString", "coordinates": [[34.304335, -0.565496], [34.304997, -0.565517], [34.306411, -0.565169], [34.307575, -0.565005], [34.308763, -0.565211], [34.309791, -0.565324], [34.310931, -0.564792], [34.312003, -0.564421], [34.314424, -0.564716], [34.316913, -0.565034], [34.317667, -0.565378], [34.318696, -0.566137], [34.320021, -0.56671], [34.320844, -0.566893], [34.322075, -0.566038], [34.32301, -0.565898], [34.324769, -0.566379], [34.325931, -0.565478], [34.327733, -0.564345], [34.329009, -0.563444], [34.331559, -0.560373], [34.332695, -0.558251], [34.334586, -0.556542], [34.337232, -0.555384], [34.339423, -0.554919], [34.341112, -0.554801], [34.343874, -0.554865], [34.34682, -0.555274], [34.349012, -0.555201], [34.351135, -0.555381], [34.352414, -0.555586], [34.354562, -0.556411], [34.355842, -0.557031], [34.356985, -0.557767], [34.358834, -0.557648], [34.360318, -0.557783], [34.361437, -0.557989], [34.363765, -0.5578], [34.3647, -0.557429]]}}, {"type": "Feature", "properties": {"name": "Hyanza", "length_km": 7.405, "dist_to_gulf_km": 11.673, "n_segments": 1}, "geometry": {"type": "LineString", "coordinates": [[34.297157, 0.122087], [34.298548, 0.120916], [34.300259, 0.119538], [34.301081, 0.118434], [34.302085, 0.1174], [34.303407, 0.116482], [34.304844, 0.115403], [34.306484, 0.115014], [34.308328, 0.115248], [34.309649, 0.115089], [34.311016, 0.115161], [34.312017, 0.115116], [34.312815, 0.114864], [34.314956, 0.114615], [34.316596, 0.114388], [34.317348, 0.114159], [34.318623, 0.114046], [34.322728, 0.110946], [34.323686, 0.110326], [34.324848, 0.109822], [34.326125, 0.108904], [34.327334, 0.107824], [34.328156, 0.10679], [34.329867, 0.105435], [34.331121, 0.104356], [34.332489, 0.103598], [34.333811, 0.10291], [34.334383, 0.101922], [34.334748, 0.101232], [34.334342, 0.099436], [34.333981, 0.09787], [34.333848, 0.096282], [34.334512, 0.094189], [34.335359, 0.092188], [34.336888, 0.090741], [34.338643, 0.0898], [34.339692, 0.088904], [34.341701, 0.086537], [34.342045, 0.08541], [34.342092, 0.084421], [34.341936, 0.082947]]}}, {"type": "Feature", "properties": {"name": "Ragogo", "length_km": 7.401, "dist_to_gulf_km": 3.75, "n_segments": 1}, "geometry": {"type": "LineString", "coordinates": [[34.785893, -0.423088], [34.78596, -0.424057], [34.786738, -0.424474], [34.788042, -0.425654], [34.788614, -0.425794], [34.788934, -0.426394], [34.789643, -0.427549], [34.790511, -0.428889], [34.791769, -0.430438], [34.792683, -0.43217], [34.794627, -0.43432], [34.795473, -0.434807], [34.796709, -0.435248], [34.798059, -0.436358], [34.799477, -0.437284], [34.800461, -0.43814], [34.801352, -0.439203], [34.802061, -0.440174], [34.803251, -0.441145], [34.80412, -0.442047], [34.805721, -0.442674], [34.806705, -0.443345], [34.808422, -0.44411], [34.810138, -0.444576], [34.811512, -0.444671], [34.814145, -0.443939], [34.815862, -0.443828], [34.816846, -0.444037], [34.817968, -0.444663], [34.819592, -0.44552], [34.820461, -0.446168], [34.820873, -0.4467], [34.82149, -0.447301], [34.822246, -0.447626], [34.822474, -0.448549], [34.823686, -0.449267], [34.824601, -0.449869], [34.825585, -0.450978], [34.826202, -0.452041], [34.827025, -0.453104], [34.828168, -0.454352], [34.829586, -0.455693], [34.830707, -0.457172], [34.831118, -0.457911], [34.831208, -0.458881], [34.83139, -0.460219], [34.831801, -0.461973], [34.832144, -0.462389], [34.832967, -0.463106]]}}, {"type": "Feature", "properties": {"name": "Akijo", "length_km": 7.398, "dist_to_gulf_km": 14.616, "n_segments": 1}, "geometry": {"type": "LineString", "coordinates": [[34.445997, -0.724697], [34.445927, -0.724374], [34.444622, -0.72371], [34.443774, -0.723091], [34.442374, -0.72139], [34.441157, -0.719965], [34.441474, -0.719203], [34.441033, -0.717775], [34.439747, -0.716165], [34.439122, -0.714254], [34.438823, -0.713655], [34.437884, -0.713083], [34.436442, -0.712419], [34.434886, -0.711549], [34.433536, -0.710978], [34.431866, -0.710293], [34.431111, -0.709996], [34.430765, -0.709259], [34.430624, -0.708314], [34.430438, -0.707715], [34.428977, -0.707721], [34.428243, -0.706894], [34.428351, -0.705533], [34.428278, -0.704541], [34.426627, -0.703118], [34.42598, -0.70146], [34.426108, -0.69943], [34.426397, -0.69763], [34.426595, -0.695923], [34.426175, -0.693941], [34.425457, -0.69173], [34.424997, -0.690902], [34.423801, -0.6889], [34.423088, -0.687796], [34.422307, -0.686785], [34.420724, -0.685061], [34.419391, -0.683267], [34.41876, -0.679972], [34.419166, -0.678933], [34.419247, -0.676511], [34.419603, -0.674319], [34.419685, -0.672405], [34.419614, -0.671736], [34.419245, -0.67093]]}}, {"type": "Feature", "properties": {"name": "Kamaasae", "length_km": 7.381, "dist_to_gulf_km": 48.016, "n_segments": 1}, "geometry": {"type": "LineString", "coordinates": [[35.250467, 0.041991], [35.250946, 0.04167], [35.250835, 0.040705], [35.250835, 0.040406], [35.251519, 0.040385], [35.252362, 0.040915], [35.253227, 0.041538], [35.253863, 0.042274], [35.25418, 0.043217], [35.254292, 0.044091], [35.254952, 0.044827], [35.255659, 0.044737], [35.255884, 0.045978], [35.256749, 0.046578], [35.257047, 0.045935], [35.257754, 0.045845], [35.258551, 0.046168], [35.259348, 0.046331], [35.260237, 0.046379], [35.261332, 0.046358], [35.262198, 0.046429], [35.263452, 0.046455], [35.26466, 0.046619], [35.265731, 0.046943], [35.266619, 0.04745], [35.267438, 0.047958], [35.267781, 0.047844], [35.268078, 0.047385], [35.26867, 0.04757], [35.269033, 0.048306], [35.269556, 0.048905], [35.270287, 0.048539], [35.271154, 0.048127], [35.272111, 0.048359], [35.272796, 0.0482], [35.273002, 0.047557], [35.274027, 0.048019], [35.274892, 0.048549], [35.276351, 0.048782], [35.277308, 0.048991], [35.27854, 0.048649], [35.279976, 0.048859], [35.280799, 0.047712], [35.281508, 0.046703], [35.281557, 0.045416], [35.281786, 0.044796], [35.282515, 0.045028], [35.284066, 0.045054], [35.284955, 0.044896], [35.286802, 0.044647], [35.288354, 0.04426], [35.289723, 0.043849], [35.292095, 0.043142], [35.29351, 0.042755], [35.294719, 0.042597], [35.296383, 0.042463], [35.298433, 0.04318], [35.3, 0.04347875883838321]]}}, {"type": "Feature", "properties": {"name": "Akanya", "length_km": 7.251, "dist_to_gulf_km": 39.527, "n_segments": 1}, "geometry": {"type": "LineString", "coordinates": [[34.367635, 0.345314], [34.366569, 0.34808], [34.36566, 0.349418], [34.364865, 0.350986], [34.36407, 0.352462], [34.363801, 0.354466], [34.363894, 0.35541], [34.363417, 0.356171], [34.36269, 0.357393], [34.361964, 0.358869], [34.361305, 0.360114], [34.360509, 0.361268], [34.36049, 0.362742], [34.360309, 0.363571], [34.359696, 0.364816], [34.358832, 0.365694], [34.357512, 0.36724], [34.356763, 0.368762], [34.355943, 0.369225], [34.355329, 0.369964], [34.354624, 0.370772], [34.354078, 0.371488], [34.352782, 0.372896], [34.352555, 0.373703], [34.351196, 0.376102], [34.351355, 0.377161], [34.351127, 0.377966], [34.350053, 0.37983], [34.348866, 0.381854], [34.348227, 0.383096], [34.347541, 0.384914], [34.346628, 0.386823], [34.346148, 0.388595], [34.345394, 0.390436], [34.344664, 0.390872], [34.343386, 0.391746], [34.341582, 0.393401], [34.339688, 0.394826], [34.338341, 0.395723], [34.336858, 0.396688], [34.335305, 0.397561], [34.333936, 0.398297]]}}, {"type": "Feature", "properties": {"name": "Legetet", "length_km": 7.238, "dist_to_gulf_km": 59.823, "n_segments": 2}, "geometry": {"type": "MultiLineString", "coordinates": [[[35.2503, 0.310812], [35.252394, 0.310607], [35.253604, 0.311009], [35.254192, 0.310567], [35.255149, 0.31058], [35.256082, 0.310525], [35.257289, 0.310445], [35.258384, 0.310663], [35.25902, 0.310565], [35.259703, 0.310513], [35.261251, 0.310406], [35.262255, 0.310603], [35.263666, 0.310566]], [[35.21273, 0.290285], [35.213597, 0.291618], [35.214784, 0.293182], [35.215561, 0.293987], [35.215606, 0.294654], [35.216382, 0.295665], [35.216473, 0.296838], [35.21686, 0.298218], [35.217157, 0.299206], [35.217728, 0.299114], [35.218002, 0.299574], [35.218184, 0.300011], [35.218207, 0.301207], [35.218457, 0.302449], [35.218891, 0.303575], [35.219826, 0.304771], [35.220922, 0.30576], [35.222064, 0.306679], [35.223526, 0.306886], [35.224531, 0.306403], [35.224989, 0.305782], [35.22524, 0.305529], [35.226542, 0.305897], [35.228049, 0.306679], [35.229488, 0.307507], [35.230379, 0.307507], [35.231704, 0.307622], [35.232663, 0.307851], [35.233211, 0.307713], [35.234765, 0.307207], [35.23609, 0.306701], [35.237552, 0.306264], [35.239129, 0.305758], [35.240637, 0.30539], [35.24203, 0.306172], [35.243057, 0.307506], [35.244975, 0.30923], [35.246322, 0.309897], [35.247099, 0.310219], [35.250365, 0.310793]]]}}, {"type": "Feature", "properties": {"name": "Waulala", "length_km": 7.233, "dist_to_gulf_km": 1.925, "n_segments": 1}, "geometry": {"type": "LineString", "coordinates": [[34.291506, -0.040128], [34.291326, -0.039275], [34.291875, -0.037988], [34.292242, -0.036976], [34.292017, -0.03603], [34.291427, -0.035313], [34.291292, -0.034943], [34.291702, -0.034853], [34.291817, -0.034186], [34.292048, -0.032989], [34.292073, -0.032068], [34.292076, -0.031169], [34.292943, -0.030091], [34.294105, -0.029407], [34.294674, -0.029387], [34.295155, -0.028191], [34.295474, -0.027917], [34.295998, -0.027896], [34.296909, -0.027349], [34.298528, -0.026229], [34.299713, -0.025659], [34.300716, -0.024812], [34.30133, -0.02477], [34.303609, -0.023584], [34.306297, -0.022378], [34.307434, -0.022522], [34.308755, -0.022184], [34.309984, -0.02203], [34.311351, -0.021392], [34.312513, -0.020569], [34.313608, -0.019746], [34.314772, -0.018416], [34.316279, -0.01642], [34.318105, -0.014172], [34.319861, -0.012638], [34.320887, -0.011861], [34.322162, -0.011522], [34.323527, -0.011714], [34.324962, -0.011031], [34.325942, -0.010276], [34.326331, -0.009472], [34.326996, -0.007817], [34.327841, -0.006554], [34.32928, -0.004397], [34.330308, -0.002813], [34.33113, -0.001665], [34.332202, -0.000727], [34.332705, -6.1e-05], [34.333322, 0.001179]]}}, {"type": "Feature", "properties": {"name": "Kibomet", "length_km": 7.227, "dist_to_gulf_km": 26.28, "n_segments": 1}, "geometry": {"type": "LineString", "coordinates": [[35.057823, 0.00137], [35.05773, 0.000221], [35.057963, -0.000697], [35.057874, -0.001157], [35.057557, -0.001549], [35.057604, -0.001916], [35.058129, -0.001982], [35.05836, -0.002486], [35.057887, -0.003523], [35.05764, -0.004282], [35.057964, -0.005245], [35.058608, -0.006229], [35.058908, -0.006848], [35.059072, -0.007743], [35.059966, -0.00845], [35.060883, -0.009318], [35.061347, -0.010762], [35.062088, -0.012849], [35.062481, -0.013834], [35.063307, -0.014771], [35.064334, -0.014903], [35.065063, -0.014601], [35.066115, -0.015192], [35.067897, -0.015642], [35.069981, -0.017215], [35.071102, -0.017875], [35.072435, -0.019706], [35.072985, -0.020162], [35.073854, -0.020502], [35.074791, -0.020818], [35.076143, -0.022074], [35.077291, -0.023469], [35.078162, -0.024153], [35.078786, -0.025666], [35.079065, -0.02679], [35.078823, -0.028399], [35.078988, -0.029478], [35.079749, -0.030852], [35.079937, -0.032045], [35.080241, -0.03333], [35.080063, -0.034158], [35.079724, -0.03478], [35.079523, -0.035539], [35.079208, -0.036414], [35.079166, -0.037149], [35.079331, -0.038136], [35.079318, -0.039973], [35.078847, -0.041446], [35.078533, -0.042344], [35.07794, -0.042508], [35.076824, -0.042836], [35.076624, -0.043756], [35.076469, -0.044629], [35.076635, -0.045846], [35.077097, -0.046946], [35.077215, -0.047588], [35.077585, -0.048482], [35.077654, -0.048734], [35.077611, -0.049079], [35.077387, -0.049907]]}}, {"type": "Feature", "properties": {"name": "Aoch Orore", "length_km": 7.211, "dist_to_gulf_km": 24.338, "n_segments": 1}, "geometry": {"type": "LineString", "coordinates": [[34.124573, -0.816342], [34.125604, -0.815284], [34.124966, -0.813579], [34.124922, -0.81153], [34.126502, -0.810381], [34.127853, -0.808563], [34.128816, -0.807229], [34.130693, -0.805643], [34.131357, -0.804746], [34.132822, -0.804011], [34.135271, -0.802265], [34.137354, -0.80084], [34.140215, -0.799348], [34.142069, -0.798245], [34.143532, -0.798063], [34.146163, -0.797399], [34.14955, -0.796], [34.151815, -0.795174], [34.154267, -0.790802], [34.153493, -0.7879], [34.153886, -0.784838], [34.155056, -0.782053], [34.156088, -0.780005], [34.156248, -0.779406], [34.156479, -0.777956], [34.156321, -0.776252], [34.156026, -0.774202], [34.155639, -0.773004], [34.155299, -0.770861], [34.154842, -0.770032], [34.154271, -0.769501]]}}, {"type": "Feature", "properties": {"name": "Nyamwaga", "length_km": 7.194, "dist_to_gulf_km": 3.489, "n_segments": 1}, "geometry": {"type": "LineString", "coordinates": [[34.890373, -0.449905], [34.890763, -0.449076], [34.891313, -0.448985], [34.89177, -0.449286], [34.892479, -0.449841], [34.893922, -0.449775], [34.894952, -0.449062], [34.895846, -0.448419], [34.896602, -0.44819], [34.897105, -0.44856], [34.898524, -0.448448], [34.900127, -0.448728], [34.901408, -0.4491], [34.902713, -0.449565], [34.903559, -0.449797], [34.905894, -0.449826], [34.907588, -0.449922], [34.908915, -0.450732], [34.910265, -0.451681], [34.912393, -0.452839], [34.914338, -0.453767], [34.915688, -0.453839], [34.916215, -0.453633], [34.917244, -0.454281], [34.91903, -0.454492], [34.920701, -0.454842], [34.922578, -0.454731], [34.924592, -0.454921], [34.926859, -0.45488], [34.928187, -0.454537], [34.929766, -0.45454], [34.931139, -0.454936], [34.933588, -0.455656], [34.935762, -0.456146], [34.937273, -0.45661], [34.93867, -0.455922], [34.940021, -0.45574], [34.941532, -0.455167], [34.943479, -0.454526], [34.944967, -0.453999], [34.945952, -0.453539], [34.947853, -0.452598], [34.949112, -0.452209], [34.950898, -0.451821]]}}, {"type": "Feature", "properties": {"name": "Ogo", "length_km": 7.168, "dist_to_gulf_km": 32.066, "n_segments": 1}, "geometry": {"type": "LineString", "coordinates": [[34.422855, -0.869097], [34.422687, -0.867334], [34.421957, -0.866617], [34.421251, -0.864794], [34.422051, -0.863966], [34.422006, -0.863435], [34.420819, -0.862465], [34.419518, -0.861794], [34.420227, -0.860965], [34.420959, -0.859744], [34.420868, -0.858613], [34.421235, -0.857484], [34.420848, -0.855823], [34.420438, -0.853931], [34.419937, -0.853077], [34.419595, -0.852269], [34.418682, -0.851599], [34.417815, -0.850998], [34.41745, -0.850605], [34.415898, -0.849888], [34.414871, -0.848733], [34.414187, -0.848063], [34.413776, -0.848201], [34.413297, -0.847508], [34.412566, -0.847184], [34.411677, -0.845891], [34.410696, -0.844137], [34.411154, -0.843377], [34.41088, -0.842638], [34.410036, -0.842406], [34.409238, -0.840883], [34.408873, -0.840213], [34.407961, -0.839105], [34.407665, -0.837813], [34.406889, -0.836774], [34.406342, -0.836058], [34.40568, -0.835457], [34.404676, -0.834441], [34.403695, -0.833955], [34.402645, -0.833792], [34.401982, -0.833998], [34.400566, -0.834434], [34.399676, -0.833695], [34.398991, -0.833693], [34.398123, -0.833438], [34.397598, -0.833184], [34.397051, -0.832537], [34.396937, -0.832122], [34.395681, -0.832166], [34.394539, -0.83221], [34.393625, -0.832854], [34.392848, -0.833499], [34.391797, -0.834465], [34.390997, -0.834925], [34.390449, -0.834901], [34.390107, -0.83414], [34.390245, -0.832895], [34.389653, -0.83151]]}}, {"type": "Feature", "properties": {"name": "Kamasai", "length_km": 7.147, "dist_to_gulf_km": 41.727, "n_segments": 1}, "geometry": {"type": "LineString", "coordinates": [[35.2505, 0.02786], [35.248638, 0.028328], [35.247888, 0.028857], [35.246227, 0.02916], [35.244976, 0.029553], [35.243885, 0.030335], [35.243135, 0.030658], [35.242429, 0.030637], [35.241177, 0.030617], [35.240176, 0.030689], [35.239334, 0.03092], [35.238376, 0.030349], [35.238261, 0.029867], [35.236807, 0.030812], [35.235558, 0.032168], [35.235034, 0.031963], [35.235099, 0.030632], [35.234439, 0.030749], [35.232939, 0.031555], [35.232073, 0.031213], [35.231776, 0.030755], [35.231138, 0.030573], [35.228381, 0.029937], [35.227721, 0.029756], [35.226673, 0.029437], [35.225898, 0.029186], [35.224941, 0.028982], [35.223803, 0.029008], [35.222527, 0.028529], [35.220771, 0.027432], [35.219699, 0.026793], [35.219379, 0.026358], [35.218948, 0.026863], [35.218153, 0.027278], [35.21756, 0.026867], [35.217215, 0.025835], [35.216508, 0.025378], [35.215348, 0.025702], [35.21446, 0.025704], [35.214482, 0.025222], [35.214047, 0.024283], [35.213569, 0.024192], [35.213616, 0.024834], [35.212523, 0.024654], [35.211679, 0.024357], [35.210746, 0.024383], [35.209653, 0.024087], [35.208992, 0.024043], [35.20808, 0.023311], [35.207647, 0.023312], [35.207034, 0.023841], [35.206488, 0.024072], [35.20585, 0.023638], [35.205372, 0.023753], [35.204187, 0.023274], [35.203434, 0.022749], [35.202911, 0.023048], [35.202295, 0.022407], [35.201589, 0.02234], [35.201177, 0.021607], [35.201358, 0.020941], [35.200923, 0.020093], [35.200079, 0.019476], [35.199713, 0.018972], [35.199325, 0.018606], [35.198255, 0.018632]]}}, {"type": "Feature", "properties": {"name": "Sidundu", "length_km": 7.139, "dist_to_gulf_km": 7.237, "n_segments": 1}, "geometry": {"type": "LineString", "coordinates": [[34.401886, 0.00844], [34.402797, 0.007866], [34.404141, 0.007961], [34.406211, 0.008724], [34.406597, 0.009461], [34.407507, 0.009486], [34.408963, 0.010087], [34.410465, 0.010596], [34.411214, 0.01161], [34.411346, 0.014004], [34.411345, 0.01451], [34.410249, 0.016211], [34.410063, 0.018029], [34.409192, 0.020536], [34.409802, 0.022838], [34.410663, 0.025026], [34.411524, 0.027007], [34.412271, 0.029172], [34.413042, 0.030485], [34.414247, 0.031592], [34.414039, 0.032995], [34.413578, 0.035779], [34.413413, 0.038264], [34.414481, 0.039279], [34.415481, 0.040293], [34.416433, 0.042274], [34.417136, 0.043863], [34.41977, 0.04709], [34.421315, 0.048635], [34.422996, 0.050479], [34.424426, 0.052806], [34.425743, 0.054511], [34.426334, 0.05518], [34.427244, 0.055619], [34.429678, 0.056728]]}}, {"type": "Feature", "properties": {"name": "Kipkoil", "length_km": 7.083, "dist_to_gulf_km": 48.421, "n_segments": 1}, "geometry": {"type": "LineString", "coordinates": [[35.295732, -0.068616], [35.296506, -0.068639], [35.296825, -0.068294], [35.297395, -0.068938], [35.298146, -0.068915], [35.299057, -0.068524], [35.299399, -0.069029], [35.3, -0.06908773796033948]]}}, {"type": "Feature", "properties": {"name": "Lwanda / Lweny", "length_km": 7.073, "dist_to_gulf_km": 25.954, "n_segments": 1}, "geometry": {"type": "LineString", "coordinates": [[34.205241, -0.774645], [34.208141, -0.778218], [34.211064, -0.781562], [34.213257, -0.783983], [34.2149, -0.786726], [34.219951, -0.789566], [34.22059, -0.790327], [34.222643, -0.794958], [34.223415, -0.799104], [34.22405, -0.803849], [34.224367, -0.806175], [34.22448, -0.806889], [34.223861, -0.808546], [34.226055, -0.80954], [34.226397, -0.8106], [34.227516, -0.811845], [34.228911, -0.812123], [34.230032, -0.811918], [34.23115, -0.813831], [34.233778, -0.815239], [34.234738, -0.815333], [34.236864, -0.816372], [34.238005, -0.818124], [34.238873, -0.819576], [34.239329, -0.820682], [34.239464, -0.822018]]}}, {"type": "Feature", "properties": {"name": "Rangwe", "length_km": 7.06, "dist_to_gulf_km": 5.329, "n_segments": 1}, "geometry": {"type": "LineString", "coordinates": [[34.577226, -0.574675], [34.577933, -0.575505], [34.578846, -0.575991], [34.579782, -0.576292], [34.580672, -0.576823], [34.58122, -0.577423], [34.580808, -0.578089], [34.580944, -0.578596], [34.581446, -0.578919], [34.582177, -0.578691], [34.582428, -0.579359], [34.582541, -0.580141], [34.582677, -0.580855], [34.583133, -0.581661], [34.583155, -0.582536], [34.583726, -0.582675], [34.583931, -0.583366], [34.584318, -0.583781], [34.58514, -0.584381], [34.58539, -0.585486], [34.586142, -0.586546], [34.58653, -0.587237], [34.586849, -0.587698], [34.586963, -0.588136], [34.586597, -0.588641], [34.586231, -0.588962], [34.586436, -0.589377], [34.58703, -0.589517], [34.587486, -0.590231], [34.58817, -0.590693], [34.588672, -0.59166], [34.589492, -0.593135], [34.589903, -0.593412], [34.589307, -0.59486], [34.588369, -0.596307], [34.587364, -0.597041], [34.586518, -0.597776], [34.586175, -0.598419], [34.585351, -0.599429], [34.584893, -0.600464], [34.584596, -0.600877], [34.584367, -0.601544], [34.583909, -0.602578], [34.583885, -0.603775], [34.584227, -0.60412], [34.583861, -0.604879], [34.584156, -0.605846], [34.584087, -0.606536], [34.584543, -0.607066], [34.584885, -0.60808], [34.585341, -0.608863], [34.585751, -0.609255], [34.585408, -0.609898], [34.585886, -0.610774], [34.585794, -0.611372], [34.586228, -0.611971], [34.58609, -0.612868], [34.587276, -0.613929], [34.588485, -0.615152], [34.588872, -0.616234], [34.589123, -0.616626], [34.590081, -0.617341], [34.590925, -0.618563], [34.591609, -0.619807], [34.592088, -0.620637], [34.592794, -0.621904], [34.592839, -0.622755], [34.594071, -0.623793], [34.594921, -0.624738]]}}, {"type": "Feature", "properties": {"name": "Ondago", "length_km": 6.985, "dist_to_gulf_km": 0.0, "n_segments": 1}, "geometry": {"type": "LineString", "coordinates": [[34.634598, -0.376553], [34.634483, -0.377221], [34.634254, -0.37752], [34.63375, -0.377427], [34.633568, -0.377219], [34.632835, -0.377355], [34.632538, -0.377078], [34.632699, -0.376525], [34.632196, -0.376386], [34.631762, -0.375832], [34.631397, -0.375393], [34.63094, -0.375208], [34.630574, -0.375368], [34.630459, -0.37576], [34.629863, -0.375942], [34.629269, -0.375365], [34.628994, -0.375756], [34.629451, -0.376264], [34.629039, -0.376355], [34.628605, -0.376331], [34.628239, -0.376215], [34.627805, -0.375707], [34.627621, -0.376098], [34.627735, -0.376675], [34.627437, -0.376974], [34.627848, -0.377205], [34.627253, -0.377503], [34.626819, -0.377249], [34.626041, -0.37727], [34.626109, -0.377777], [34.625787, -0.378284], [34.625353, -0.378121], [34.62501, -0.378305], [34.624666, -0.378811], [34.624413, -0.379294], [34.624229, -0.379916], [34.623794, -0.380192], [34.623657, -0.379754], [34.6232, -0.379384], [34.622926, -0.379106], [34.622125, -0.379543], [34.621713, -0.379726], [34.62144, -0.37855], [34.621302, -0.37878], [34.621142, -0.37924], [34.620799, -0.378756], [34.621052, -0.377834], [34.620643, -0.376128], [34.620393, -0.37539], [34.619683, -0.375596], [34.619615, -0.375111], [34.619617, -0.374351], [34.619137, -0.373981], [34.618358, -0.374786], [34.618061, -0.37414], [34.617398, -0.374161], [34.616368, -0.374044], [34.616576, -0.373214], [34.616439, -0.372868], [34.615706, -0.373143], [34.614928, -0.373395], [34.614493, -0.373555], [34.613991, -0.373024], [34.613465, -0.3727], [34.613191, -0.372584], [34.612481, -0.372513], [34.612093, -0.372305], [34.611521, -0.37228], [34.611292, -0.372072], [34.610985, -0.371036], [34.610618, -0.370459], [34.610344, -0.370067], [34.609909, -0.369536], [34.60904, -0.369283], [34.608377, -0.369168], [34.608239, -0.368175], [34.608238, -0.366953], [34.60778, -0.366099], [34.607254, -0.365753], [34.607322, -0.364945], [34.606865, -0.364484], [34.606316, -0.364092], [34.605607, -0.364323], [34.605515, -0.363792], [34.605629, -0.363031], [34.605606, -0.362477], [34.606039, -0.361508], [34.606313, -0.360723], [34.607044, -0.358831], [34.607203, -0.357723], [34.607317, -0.35717], [34.607705, -0.356685], [34.608231, -0.356708], [34.608574, -0.356615], [34.608734, -0.356108], [34.609305, -0.3553]]}}, {"type": "Feature", "properties": {"name": "Awach Kasipul (Ober)", "length_km": 6.951, "dist_to_gulf_km": 8.455, "n_segments": 1}, "geometry": {"type": "LineString", "coordinates": [[34.883984, -0.521158], [34.883487, -0.520349], [34.882875, -0.519747], [34.881426, -0.517965], [34.880521, -0.516671], [34.880434, -0.51591], [34.878709, -0.514703], [34.877804, -0.513431], [34.877376, -0.512645], [34.876517, -0.511305], [34.87579, -0.510863], [34.875038, -0.51095], [34.874384, -0.509657], [34.873865, -0.508687], [34.87314, -0.507808], [34.872619, -0.507275], [34.872465, -0.506307], [34.872036, -0.505453], [34.871036, -0.505101], [34.870355, -0.504637], [34.869539, -0.503803], [34.868359, -0.50299], [34.868064, -0.502574], [34.867497, -0.502087], [34.86672, -0.502565], [34.865811, -0.502283], [34.864904, -0.501311], [34.863838, -0.500498], [34.863476, -0.500036], [34.862474, -0.499915], [34.862175, -0.500373], [34.861696, -0.5006], [34.861579, -0.50106], [34.861509, -0.501359], [34.860714, -0.500893], [34.859871, -0.501003], [34.859577, -0.500587], [34.858409, -0.501708], [34.856677, -0.501835], [34.856087, -0.501463], [34.855475, -0.500722], [34.854766, -0.501294], [34.854013, -0.501588], [34.85274, -0.501051], [34.852236, -0.501531], [34.851738, -0.500975], [34.851145, -0.501064], [34.850508, -0.500853], [34.850071, -0.501586], [34.849274, -0.501605], [34.848317, -0.501506], [34.84752, -0.501409], [34.847272, -0.500901], [34.846133, -0.500871], [34.845496, -0.500752], [34.844766, -0.500886], [34.844264, -0.50109], [34.842988, -0.50122], [34.842008, -0.501306], [34.840845, -0.501414], [34.839775, -0.501177], [34.83907, -0.500919], [34.838914, -0.500412], [34.838688, -0.49995], [34.837711, -0.499483], [34.837441, -0.498814]]}}, {"type": "Feature", "properties": {"name": "Otunga", "length_km": 6.885, "dist_to_gulf_km": 1.445, "n_segments": 1}, "geometry": {"type": "LineString", "coordinates": [[34.709405, -0.409047], [34.710317, -0.410109], [34.711366, -0.411356], [34.711707, -0.412164], [34.711679, -0.414168], [34.711952, -0.414975], [34.712405, -0.416635], [34.712791, -0.418157], [34.713977, -0.419151], [34.715141, -0.42003], [34.716465, -0.420724], [34.71747, -0.42128], [34.717786, -0.422986], [34.717783, -0.42423], [34.71778, -0.425751], [34.717043, -0.428122], [34.716809, -0.430541], [34.71749, -0.432524], [34.717761, -0.434184], [34.718212, -0.436535], [34.718914, -0.439555], [34.719413, -0.441492], [34.719819, -0.44359], [34.72048, -0.444836], [34.721346, -0.445667], [34.721457, -0.447373], [34.721113, -0.447579], [34.720882, -0.448776], [34.720422, -0.450135], [34.719618, -0.451515], [34.719204, -0.452689], [34.718904, -0.45407], [34.71899, -0.456375], [34.71901, -0.45755], [34.718939, -0.45884], [34.718891, -0.459577], [34.718225, -0.460958], [34.717648, -0.463237], [34.717394, -0.464273], [34.717187, -0.464941], [34.716888, -0.465746], [34.716865, -0.465746]]}}, {"type": "Feature", "properties": {"name": "Okwero", "length_km": 6.835, "dist_to_gulf_km": 24.123, "n_segments": 1}, "geometry": {"type": "LineString", "coordinates": [[34.393621, 0.183795], [34.394462, 0.183473], [34.395053, 0.184279], [34.396143, 0.185223], [34.397325, 0.185316], [34.397916, 0.185638], [34.398756, 0.18649], [34.400097, 0.18702], [34.401006, 0.187895], [34.40246, 0.188678], [34.404051, 0.188702], [34.405028, 0.189692], [34.405754, 0.190659], [34.406753, 0.192684], [34.407026, 0.192708], [34.407616, 0.192938], [34.40857, 0.194549], [34.409682, 0.197496], [34.410226, 0.199038], [34.410771, 0.199936], [34.411862, 0.200903], [34.412998, 0.201617], [34.414429, 0.202515], [34.415451, 0.203137], [34.416656, 0.203759], [34.418201, 0.204588], [34.41995, 0.205164], [34.421177, 0.205901], [34.422495, 0.20772], [34.423289, 0.208894], [34.424266, 0.210321], [34.424834, 0.210873], [34.425788, 0.211725], [34.426969, 0.212715], [34.428286, 0.213913], [34.429604, 0.214581], [34.432172, 0.215433], [34.433627, 0.215595], [34.434717, 0.216424], [34.434671, 0.217414], [34.435011, 0.218357], [34.435374, 0.219462], [34.435828, 0.220452], [34.437191, 0.221396]]}}, {"type": "Feature", "properties": {"name": "cheptagubar", "length_km": 6.829, "dist_to_gulf_km": 34.741, "n_segments": 1}, "geometry": {"type": "LineString", "coordinates": [[35.01106, 0.175711], [35.01125, 0.176949], [35.011327, 0.178465], [35.01152, 0.180438], [35.011912, 0.181262], [35.012713, 0.182084], [35.013309, 0.182861], [35.014043, 0.183935], [35.014891, 0.184962], [35.015486, 0.185693], [35.016018, 0.187182], [35.016525, 0.188235], [35.016439, 0.189086], [35.016692, 0.189589], [35.017352, 0.189631], [35.018104, 0.189855], [35.01913, 0.190376], [35.020112, 0.191013], [35.021671, 0.193092], [35.022569, 0.1949], [35.02294, 0.196091], [35.023472, 0.197672], [35.02382, 0.198818], [35.024605, 0.200673], [35.024864, 0.202302], [35.025124, 0.203931], [35.025592, 0.206086], [35.026488, 0.207688], [35.02559, 0.2096], [35.024872, 0.211236], [35.024451, 0.213145], [35.023982, 0.21471], [35.023309, 0.216161], [35.021998, 0.217594], [35.01994, 0.219675], [35.019107, 0.221128], [35.018639, 0.222624], [35.018072, 0.222995], [35.016571, 0.223052], [35.014773, 0.222857], [35.012203, 0.222806], [35.011841, 0.223107]]}}, {"type": "Feature", "properties": {"name": "Olando (Kichuri)", "length_km": 6.821, "dist_to_gulf_km": 29.856, "n_segments": 1}, "geometry": {"type": "LineString", "coordinates": [[34.57081, -0.804506], [34.571723, -0.803748], [34.57252, -0.803658], [34.573406, -0.804236], [34.573883, -0.804376], [34.574411, -0.803225], [34.57514, -0.802928], [34.575845, -0.803091], [34.576736, -0.802287], [34.577582, -0.80123], [34.5787, -0.800357], [34.578998, -0.799897], [34.579411, -0.798908], [34.580183, -0.799509], [34.580932, -0.800225], [34.581978, -0.800366], [34.582731, -0.800046], [34.583144, -0.798964], [34.58381, -0.79733], [34.584131, -0.796456], [34.584788, -0.797379], [34.585285, -0.798509], [34.586103, -0.79911], [34.587511, -0.800174], [34.588716, -0.800569], [34.589284, -0.800985], [34.590536, -0.800965], [34.590736, -0.802279], [34.591415, -0.80334], [34.592891, -0.804404], [34.593733, -0.804544], [34.59533, -0.803696], [34.596626, -0.803976], [34.597672, -0.804509], [34.598788, -0.804235], [34.600748, -0.803549], [34.601707, -0.802769], [34.602414, -0.802172], [34.604282, -0.801877], [34.605081, -0.801257], [34.607358, -0.801171], [34.609885, -0.801017], [34.611662, -0.800745], [34.612527, -0.800494], [34.614441, -0.8002], [34.615783, -0.800296], [34.617808, -0.800554], [34.618721, -0.799935], [34.619908, -0.798878]]}}, {"type": "Feature", "properties": {"name": "Poroko", "length_km": 6.79, "dist_to_gulf_km": 55.19, "n_segments": 1}, "geometry": {"type": "LineString", "coordinates": [[34.873421345291476, -0.9500000000000001], [34.873663, -0.949655], [34.873641, -0.948185], [34.873082, -0.945779], [34.872577, -0.943971], [34.872568, -0.940316], [34.874523, -0.936886], [34.874702, -0.936676]]}}, {"type": "Feature", "properties": {"name": "Cheptangulge (Ainabkoi)", "length_km": 6.755, "dist_to_gulf_km": 37.799, "n_segments": 1}, "geometry": {"type": "LineString", "coordinates": [[35.101543, -0.675582], [35.102295, -0.67538], [35.10293, -0.675637], [35.10393, -0.675781], [35.104384, -0.676037], [35.105065, -0.676225], [35.105519, -0.676504], [35.105859, -0.676667], [35.106362, -0.67621], [35.106931, -0.676006], [35.10748, -0.675504], [35.108191, -0.674496], [35.108761, -0.674155], [35.109647, -0.674413], [35.11033, -0.674256], [35.110379, -0.67359], [35.110701, -0.673017], [35.110929, -0.672949], [35.111131, -0.673433], [35.112022, -0.672703], [35.112616, -0.672154], [35.113028, -0.671812], [35.113029, -0.671536], [35.112803, -0.671236], [35.11333, -0.670618], [35.11422, -0.670071], [35.115407, -0.669205], [35.11573, -0.668448], [35.116531, -0.667625], [35.116806, -0.667236], [35.117054, -0.667467], [35.117717, -0.666919], [35.1182, -0.665956], [35.118819, -0.665109], [35.119184, -0.664881], [35.11973, -0.664908], [35.120007, -0.664105], [35.120464, -0.663647], [35.120536, -0.662981], [35.120197, -0.662588], [35.120177, -0.662151], [35.121294, -0.661652], [35.122275, -0.661175], [35.123961, -0.660702], [35.125009, -0.660318], [35.125486, -0.660528], [35.127332, -0.659826], [35.12804, -0.659255], [35.12927, -0.658895], [35.130636, -0.658627], [35.131479, -0.658356], [35.132052, -0.65767], [35.133375, -0.656873], [35.135012, -0.657113], [35.137035, -0.657332], [35.13858, -0.657549], [35.140286, -0.657559], [35.14131, -0.657519], [35.14165, -0.657774], [35.143812, -0.657443], [35.145064, -0.657289], [35.145499, -0.65674], [35.145888, -0.656352], [35.146413, -0.656033], [35.146981, -0.656174], [35.147779, -0.655834], [35.148163, -0.65625], [35.149957, -0.656767]]}}, {"type": "Feature", "properties": {"name": "Nyaliech", "length_km": 6.75, "dist_to_gulf_km": 0.917, "n_segments": 1}, "geometry": {"type": "LineString", "coordinates": [[34.594009, -0.499224], [34.595401, -0.499504], [34.59604, -0.500426], [34.596312, -0.501669], [34.596814, -0.502337], [34.597567, -0.502845], [34.598228, -0.50402], [34.599003, -0.50492], [34.599643, -0.505266], [34.600009, -0.504623], [34.601104, -0.505408], [34.601834, -0.505962], [34.602861, -0.50654], [34.603523, -0.506932], [34.604664, -0.507625], [34.605577, -0.508019], [34.606558, -0.508665], [34.607677, -0.509013], [34.608933, -0.509269], [34.610599, -0.51001], [34.611786, -0.510657], [34.613292, -0.511788], [34.613382, -0.512939], [34.613129, -0.514088], [34.613539, -0.515286], [34.613583, -0.516436], [34.613834, -0.516874], [34.613581, -0.518852], [34.613213, -0.520968], [34.612754, -0.522716], [34.612296, -0.524072], [34.611471, -0.526647], [34.610418, -0.528738], [34.609342, -0.530254], [34.608289, -0.532322], [34.607351, -0.534092], [34.606802, -0.535011], [34.605818, -0.53632], [34.605314, -0.537952], [34.605471, -0.54], [34.605562, -0.540967], [34.605377, -0.542416], [34.605308, -0.543336], [34.605603, -0.544326], [34.606401, -0.545479]]}}, {"type": "Feature", "properties": {"name": "Lamaiywa", "length_km": 6.748, "dist_to_gulf_km": 25.027, "n_segments": 1}, "geometry": {"type": "LineString", "coordinates": [[35.036475, 0.001438], [35.036835, 0.000175], [35.038027, -0.00099], [35.038921, -0.001743], [35.039404, -0.002407], [35.03993, -0.002725], [35.040251, -0.003022], [35.040322, -0.003573], [35.040394, -0.004147], [35.040624, -0.00449], [35.041377, -0.004647], [35.042175, -0.004459], [35.043109, -0.00427], [35.044064, -0.003759], [35.044699, -0.002975], [35.045523, -0.003476], [35.046322, -0.003724], [35.046938, -0.003652], [35.047602, -0.00413], [35.04829, -0.004885], [35.048479, -0.005986], [35.048436, -0.006584], [35.049077, -0.006902], [35.049262, -0.007452], [35.049401, -0.00775], [35.049106, -0.008073], [35.049246, -0.008693], [35.049478, -0.009495], [35.050009, -0.010618], [35.050491, -0.011213], [35.050697, -0.011349], [35.050861, -0.012175], [35.051233, -0.013483], [35.051218, -0.014953], [35.051428, -0.015779], [35.052388, -0.016164], [35.053074, -0.01639], [35.053467, -0.017375], [35.053994, -0.017924], [35.054613, -0.018472], [35.055415, -0.019087], [35.055625, -0.019982], [35.05556, -0.020671], [35.055796, -0.02214], [35.056211, -0.022942], [35.055986, -0.023518], [35.056218, -0.024205], [35.056176, -0.024987], [35.055998, -0.025769], [35.05614, -0.026733], [35.056211, -0.027192], [35.056146, -0.027835], [35.056013, -0.028525], [35.056036, -0.028709], [35.056586, -0.029188], [35.056612, -0.029739], [35.056184, -0.030775], [35.056305, -0.031969], [35.05736, -0.033112], [35.057458, -0.03426], [35.057444, -0.035914], [35.057108, -0.037156], [35.056838, -0.03787], [35.057594, -0.038509], [35.05826, -0.039286], [35.058766, -0.039995], [35.058954, -0.041051], [35.059485, -0.042173], [35.060631, -0.043247], [35.06086, -0.043429]]}}, {"type": "Feature", "properties": {"name": "Nyandera", "length_km": 6.748, "dist_to_gulf_km": 0.033, "n_segments": 1}, "geometry": {"type": "LineString", "coordinates": [[34.323152, -0.032815], [34.323511, -0.034844], [34.324531, -0.036531], [34.325301, -0.037687], [34.326502, -0.039675], [34.328225, -0.04192], [34.329541, -0.043447], [34.330767, -0.044537], [34.331607, -0.045256], [34.332742, -0.04593], [34.334515, -0.046815], [34.335944, -0.048528], [34.337191, -0.050055], [34.338917, -0.05124], [34.339642, -0.052511], [34.33991, -0.054286], [34.339768, -0.056451], [34.339878, -0.057903], [34.340216, -0.059379], [34.340691, -0.060487], [34.341166, -0.061527], [34.341595, -0.062543], [34.342206, -0.063836], [34.343112, -0.065431], [34.343973, -0.067048], [34.344401, -0.06841], [34.344534, -0.069839], [34.344553, -0.071336], [34.344706, -0.073756], [34.345042, -0.075739], [34.345719, -0.077724], [34.346195, -0.078602], [34.34669, -0.080448], [34.346642, -0.081692], [34.346341, -0.083372], [34.346294, -0.084132], [34.346654, -0.085631]]}}, {"type": "Feature", "properties": {"name": "Ochal (Mwata)", "length_km": 6.74, "dist_to_gulf_km": 17.244, "n_segments": 1}, "geometry": {"type": "LineString", "coordinates": [[34.62773, -0.674448], [34.628393, -0.675115], [34.628463, -0.675829], [34.628737, -0.67599], [34.629308, -0.676311], [34.629651, -0.676494], [34.630039, -0.676678], [34.630312, -0.676263], [34.630586, -0.676446], [34.631384, -0.676491], [34.632092, -0.676858], [34.633028, -0.676925], [34.633895, -0.677269], [34.634465, -0.677244], [34.635058, -0.677266], [34.635447, -0.677726], [34.636019, -0.67837], [34.636203, -0.678784], [34.636957, -0.679289], [34.63762, -0.680002], [34.637599, -0.680923], [34.638676, -0.682741], [34.639318, -0.684214], [34.639321, -0.685273], [34.63905, -0.686495], [34.639009, -0.688107], [34.639218, -0.68995], [34.639474, -0.691792], [34.639591, -0.693036], [34.639872, -0.696099], [34.640244, -0.698931], [34.64066, -0.701027], [34.641232, -0.701809], [34.642261, -0.702636], [34.643381, -0.703393], [34.64434, -0.704198], [34.645211, -0.705831], [34.645693, -0.70689], [34.646402, -0.707648], [34.648185, -0.709165], [34.650468, -0.710104], [34.652956, -0.710537], [34.654667, -0.710971], [34.656083, -0.711405], [34.657156, -0.711818], [34.658368, -0.713266], [34.658896, -0.714578], [34.659426, -0.716581], [34.659632, -0.716972]]}}, {"type": "Feature", "properties": {"name": "Nyateng", "length_km": 6.739, "dist_to_gulf_km": 0.193, "n_segments": 1}, "geometry": {"type": "LineString", "coordinates": [[34.658076, -0.446371], [34.658396, -0.446626], [34.658762, -0.44665], [34.658968, -0.446973], [34.65947, -0.447297], [34.660063, -0.449003], [34.660382, -0.449626], [34.660403, -0.450687], [34.660471, -0.451447], [34.660973, -0.451979], [34.660926, -0.4529], [34.66129, -0.454169], [34.661905, -0.456083], [34.662086, -0.457144], [34.66204, -0.457697], [34.662336, -0.458527], [34.662541, -0.458988], [34.662562, -0.460348], [34.662812, -0.460925], [34.663451, -0.46224], [34.663793, -0.462978], [34.664616, -0.46358], [34.665621, -0.464273], [34.666604, -0.465013], [34.667953, -0.465362], [34.668868, -0.465595], [34.669715, -0.465481], [34.669876, -0.464744], [34.670584, -0.46546], [34.672162, -0.465579], [34.673352, -0.465421], [34.67477, -0.465677], [34.676257, -0.46575], [34.677217, -0.466444], [34.678131, -0.466976], [34.678543, -0.467207], [34.679, -0.467669], [34.679364, -0.468915], [34.680117, -0.470023], [34.681099, -0.470993], [34.683453, -0.472819], [34.685258, -0.473999], [34.686882, -0.474509], [34.688413, -0.475458], [34.690311, -0.476131], [34.691019, -0.476962], [34.692116, -0.477955], [34.69351, -0.478696], [34.696116, -0.479901], [34.697809, -0.480227], [34.699205, -0.479862]]}}, {"type": "Feature", "properties": {"name": "Kababet", "length_km": 6.685, "dist_to_gulf_km": 49.41, "n_segments": 1}, "geometry": {"type": "LineString", "coordinates": [[35.20732, 0.12956], [35.207819, 0.128732], [35.209093, 0.128431], [35.209867, 0.128613], [35.210072, 0.128566], [35.210777, 0.128106], [35.212208, 0.127092], [35.212615, 0.126036], [35.21268, 0.124705], [35.213632, 0.123372], [35.214176, 0.12243], [35.214106, 0.121765], [35.214421, 0.120479], [35.214487, 0.119493], [35.214394, 0.118897], [35.215142, 0.117725], [35.215777, 0.116851], [35.216274, 0.115496], [35.216749, 0.114279], [35.217997, 0.1129], [35.21929, 0.111222], [35.22063, 0.10991], [35.221515, 0.109036], [35.222265, 0.108553], [35.224218, 0.106598], [35.225469, 0.106342], [35.226331, 0.105377], [35.227378, 0.105007], [35.228947, 0.104292], [35.230243, 0.103944], [35.231767, 0.103551], [35.233199, 0.102675], [35.233698, 0.101917], [35.234653, 0.101479], [35.235811, 0.100489], [35.237265, 0.099407], [35.239195, 0.097636], [35.239741, 0.097336], [35.240423, 0.097128], [35.241357, 0.097332], [35.242109, 0.097468], [35.243589, 0.097556], [35.244773, 0.097714], [35.245981, 0.098147], [35.247006, 0.098282], [35.248236, 0.09876], [35.249353, 0.099102], [35.250312, 0.098515]]}}, {"type": "Feature", "properties": {"name": "Liduru", "length_km": 6.677, "dist_to_gulf_km": 40.026, "n_segments": 1}, "geometry": {"type": "LineString", "coordinates": [[34.333639125, 0.4], [34.333662, 0.399885], [34.333936, 0.398297], [34.333115, 0.397145], [34.331815, 0.395441], [34.331404, 0.394543], [34.330811, 0.393208], [34.330036, 0.391389], [34.329626, 0.390307], [34.329672, 0.389156], [34.329558, 0.387361], [34.329513, 0.386371], [34.32924, 0.384944], [34.328989, 0.383908], [34.328716, 0.382297], [34.328123, 0.380547], [34.327211, 0.379235], [34.326572, 0.378589], [34.325751, 0.378059], [34.32258, 0.375203], [34.321544, 0.37373], [34.31935, 0.371802], [34.318231, 0.370678], [34.317545, 0.370035], [34.316495, 0.369532], [34.315854, 0.368475], [34.315874, 0.367185], [34.317145, 0.364442], [34.317964, 0.363219], [34.319353, 0.362363], [34.320606, 0.361714], [34.322383, 0.361064], [34.323362, 0.360278], [34.324022, 0.36], [34.324431, 0.359169], [34.325023, 0.358569], [34.32582, 0.358382], [34.326527, 0.35815], [34.327986, 0.358145]]}}, {"type": "Feature", "properties": {"name": "Ogada", "length_km": 6.672, "dist_to_gulf_km": 32.332, "n_segments": 2}, "geometry": {"type": "LineString", "coordinates": [[34.432529, -0.84279], [34.433442, -0.842607], [34.434265, -0.841478], [34.434107, -0.83938], [34.434588, -0.837997], [34.435685, -0.837099], [34.436736, -0.836317], [34.437171, -0.835096], [34.439182, -0.8339], [34.440484, -0.832864], [34.441992, -0.83206], [34.44446, -0.830818], [34.446218, -0.830314], [34.448593, -0.830503], [34.450009, -0.830736]]}}, {"type": "Feature", "properties": {"name": "Mala", "length_km": 6.652, "dist_to_gulf_km": 12.665, "n_segments": 1}, "geometry": {"type": "LineString", "coordinates": [[34.481005, 0.053017], [34.479409, 0.053106], [34.478791, 0.054599], [34.478264, 0.055471], [34.476572, 0.058041], [34.474928, 0.059348], [34.47456, 0.061139], [34.474695, 0.062357], [34.474898, 0.063529], [34.474119, 0.065435], [34.473593, 0.06633], [34.472861, 0.067385], [34.471923, 0.069107], [34.47094, 0.07092], [34.470572, 0.072459], [34.470909, 0.074986], [34.471452, 0.07779], [34.471288, 0.079973], [34.47142, 0.082615], [34.471349, 0.084108], [34.470092, 0.085921], [34.469245, 0.087551], [34.4689, 0.089296], [34.467986, 0.090512], [34.466615, 0.09198], [34.465221, 0.093517], [34.464283, 0.095078], [34.463826, 0.095605], [34.46305, 0.096339], [34.461496, 0.09806], [34.459919, 0.099711], [34.457979, 0.100994], [34.456449, 0.102186], [34.455855, 0.102714]]}}, {"type": "Feature", "properties": {"name": "Ogweyo", "length_km": 6.648, "dist_to_gulf_km": 5.39, "n_segments": 1}, "geometry": {"type": "LineString", "coordinates": [[34.57734, -0.575228], [34.577201, -0.576861], [34.576969, -0.580082], [34.576717, -0.580748], [34.577194, -0.582406], [34.577056, -0.583372], [34.576416, -0.584291], [34.575957, -0.586016], [34.575591, -0.586452], [34.574288, -0.587139], [34.573397, -0.587666], [34.572711, -0.588401], [34.571865, -0.589066], [34.571066, -0.58934], [34.569969, -0.58966], [34.568645, -0.589472], [34.567731, -0.589493], [34.567182, -0.590182], [34.566405, -0.590525], [34.565629, -0.590432], [34.565081, -0.590384], [34.564784, -0.589969], [34.563345, -0.590541], [34.562316, -0.591482], [34.561447, -0.5924], [34.560304, -0.593364], [34.559344, -0.593592], [34.558271, -0.59398], [34.557424, -0.594922], [34.556646, -0.596346], [34.55596, -0.597334], [34.555548, -0.598414], [34.555478, -0.599197], [34.554883, -0.600254], [34.55422, -0.601057], [34.553465, -0.601792], [34.553168, -0.602389], [34.552962, -0.603079], [34.552777, -0.604574], [34.552959, -0.605748], [34.552615, -0.606645], [34.552339, -0.608439], [34.552497, -0.609544], [34.552495, -0.61143], [34.552516, -0.61311], [34.552446, -0.614836], [34.552901, -0.616447], [34.553447, -0.617668], [34.554223, -0.618981], [34.554724, -0.619673]]}}, {"type": "Feature", "properties": {"name": "Hogo", "length_km": 6.64, "dist_to_gulf_km": 4.315, "n_segments": 1}, "geometry": {"type": "LineString", "coordinates": [[34.437362, -0.619002], [34.438074, -0.616698], [34.438716, -0.614994], [34.439817, -0.612577], [34.440758, -0.610228], [34.441996, -0.608479], [34.44282, -0.607766], [34.443028, -0.606706], [34.44374, -0.604196], [34.443947, -0.603367], [34.444907, -0.603691], [34.445686, -0.603278], [34.445732, -0.602702], [34.445893, -0.602195], [34.447382, -0.600907], [34.448435, -0.600011], [34.448848, -0.599435], [34.449032, -0.59826], [34.449423, -0.596901], [34.450066, -0.59499], [34.45041, -0.593631], [34.450847, -0.592249], [34.4511, -0.590591], [34.451468, -0.58907], [34.451493, -0.58755], [34.451563, -0.58619], [34.452274, -0.584878], [34.45239, -0.583749], [34.451979, -0.583034], [34.452643, -0.582183], [34.453103, -0.580317], [34.453586, -0.578451], [34.453381, -0.577299], [34.453131, -0.576146], [34.452834, -0.575247], [34.452721, -0.574602], [34.453088, -0.573796], [34.453591, -0.573958], [34.454278, -0.573245], [34.454553, -0.5726], [34.454578, -0.57154], [34.454121, -0.570664], [34.454511, -0.570157], [34.454466, -0.569489], [34.454056, -0.56776], [34.453988, -0.566769], [34.453829, -0.566262], [34.453806, -0.566239]]}}, {"type": "Feature", "properties": {"name": "Mariri", "length_km": 6.614, "dist_to_gulf_km": 0.284, "n_segments": 1}, "geometry": {"type": "LineString", "coordinates": [[34.598736, -0.384142], [34.597797, -0.384417], [34.596745, -0.384483], [34.595099, -0.383926], [34.593612, -0.383808], [34.591942, -0.383642], [34.590409, -0.383339], [34.589289, -0.382691], [34.588832, -0.382529], [34.587071, -0.381948], [34.585791, -0.381553], [34.583822, -0.382217], [34.582014, -0.382674], [34.58, -0.382876], [34.578902, -0.382897], [34.578032, -0.383402], [34.577093, -0.383745], [34.57716, -0.384852], [34.57725, -0.385912], [34.576859, -0.386971], [34.576377, -0.388215], [34.575506, -0.389365], [34.57404, -0.390422], [34.572575, -0.390833], [34.571613, -0.3912], [34.570561, -0.391451], [34.569897, -0.391357], [34.568136, -0.391284], [34.567427, -0.391074], [34.566467, -0.390565], [34.56578, -0.390564], [34.564293, -0.390491], [34.562302, -0.390947], [34.560426, -0.391127], [34.558801, -0.391308], [34.557245, -0.391696], [34.555666, -0.391969], [34.554361, -0.392403], [34.552965, -0.392723], [34.55102, -0.392833], [34.549235, -0.392944], [34.547657, -0.392917], [34.547153, -0.392893], [34.546353, -0.392638], [34.545734, -0.393051]]}}, {"type": "Feature", "properties": {"name": "Luando", "length_km": 6.6, "dist_to_gulf_km": 0.237, "n_segments": 1}, "geometry": {"type": "LineString", "coordinates": [[34.779341, -0.171249], [34.780435, -0.170105], [34.781709, -0.169697], [34.782508, -0.16862], [34.783511, -0.167612], [34.784989, -0.167113], [34.785944, -0.166773], [34.786445, -0.166453], [34.787539, -0.165516], [34.78827, -0.164277], [34.787729, -0.163263], [34.787778, -0.162251], [34.788395, -0.161357], [34.788536, -0.160024], [34.789246, -0.158371], [34.789635, -0.157522], [34.791114, -0.15677], [34.792095, -0.15574], [34.792777, -0.155468], [34.792554, -0.154363], [34.793036, -0.153123], [34.793834, -0.152253], [34.793519, -0.151538], [34.792341, -0.15059], [34.792349, -0.148543], [34.792645, -0.148199], [34.793347, -0.148686], [34.79444, -0.148093], [34.795079, -0.147291], [34.795648, -0.146972], [34.795491, -0.146396], [34.796174, -0.146054], [34.797174, -0.145668], [34.798242, -0.145788], [34.798924, -0.145608], [34.799308, -0.146115], [34.800014, -0.145544], [34.800108, -0.144601], [34.800812, -0.144743], [34.801312, -0.144791], [34.801382, -0.144125], [34.802089, -0.143438], [34.802155, -0.143967], [34.80304, -0.144224], [34.803424, -0.144686], [34.803902, -0.14439], [34.804514, -0.144737], [34.805448, -0.144052], [34.805968, -0.144836], [34.806285, -0.14516], [34.808083, -0.144065], [34.808403, -0.143468], [34.809042, -0.142781], [34.810043, -0.142303], [34.810272, -0.141821], [34.810046, -0.14136], [34.810277, -0.140487], [34.8108, -0.140145], [34.81075, -0.139725], [34.811237, -0.138698]]}}, {"type": "Feature", "properties": {"name": "Kionyo", "length_km": 6.588, "dist_to_gulf_km": 37.821, "n_segments": 2}, "geometry": {"type": "MultiLineString", "coordinates": [[[34.750453, -0.821648], [34.751847, -0.820995], [34.753065, -0.820218], [34.754172, -0.819582], [34.754988, -0.819248], [34.756085, -0.819346], [34.757086, -0.819215], [34.757987, -0.818513], [34.759177, -0.81877], [34.759954, -0.820158], [34.760704, -0.821295], [34.761586, -0.820845], [34.76266, -0.82092], [34.763799, -0.820857], [34.764736, -0.820957], [34.765606, -0.821127]], [[34.771196, -0.818493], [34.771711, -0.816648], [34.77257, -0.814868], [34.773236, -0.813778], [34.774796, -0.812997], [34.777566, -0.812219], [34.778748, -0.813257], [34.779809, -0.813953], [34.780551, -0.81463], [34.781385, -0.81666], [34.781772, -0.817917], [34.782043, -0.819061], [34.783066, -0.820216], [34.784612, -0.821202], [34.786068, -0.822282], [34.786647, -0.822778], [34.786855, -0.824244], [34.787474, -0.825704], [34.788161, -0.827208], [34.789323, -0.828407], [34.7911, -0.829574], [34.79304, -0.830967], [34.795234, -0.831186], [34.797129, -0.831271], [34.798334, -0.830977], [34.799541, -0.830867]]]}}, {"type": "Feature", "properties": {"name": "Nyarago", "length_km": 6.583, "dist_to_gulf_km": 43.405, "n_segments": 1}, "geometry": {"type": "LineString", "coordinates": [[34.500147, -0.923765], [34.50186, -0.925743], [34.50574, -0.927374], [34.508274, -0.928568], [34.51074, -0.930246], [34.512133, -0.931672], [34.513777, -0.932683], [34.515626, -0.93381], [34.517042, -0.935143], [34.518138, -0.935718], [34.518823, -0.93597], [34.520079, -0.93712], [34.521336, -0.939283], [34.522114, -0.940755], [34.523142, -0.942135], [34.524217, -0.943699], [34.52536, -0.945655], [34.526389, -0.94745], [34.527738, -0.949658], [34.52793276505206, -0.9500000000000001]]}}, {"type": "Feature", "properties": {"name": "Riasuta", "length_km": 6.581, "dist_to_gulf_km": 41.682, "n_segments": 1}, "geometry": {"type": "LineString", "coordinates": [[34.670275, -0.892021], [34.670231, -0.893149], [34.670278, -0.894116], [34.669505, -0.895912], [34.669142, -0.897247], [34.669006, -0.8978], [34.668871, -0.898997], [34.669191, -0.899825], [34.670014, -0.900791], [34.67038, -0.901711], [34.670861, -0.903], [34.670794, -0.903714], [34.671046, -0.90468], [34.671183, -0.905071], [34.670842, -0.905785], [34.671301, -0.907764], [34.671849, -0.90827], [34.673105, -0.909166], [34.673584, -0.909419], [34.673859, -0.910294], [34.674589, -0.910431], [34.676324, -0.911557], [34.677013, -0.91448], [34.676947, -0.916068], [34.677247, -0.918254], [34.67727, -0.918438], [34.676975, -0.919774], [34.676725, -0.920556], [34.67643, -0.921569], [34.675725, -0.922537], [34.674882, -0.923573], [34.674154, -0.924472], [34.674318, -0.927096], [34.67514, -0.928039], [34.675893, -0.928521], [34.676032, -0.929557], [34.676809, -0.930753], [34.677381, -0.931742], [34.677906, -0.931972], [34.678909, -0.932155], [34.679959, -0.93243], [34.680668, -0.933534], [34.682037, -0.934338], [34.6827, -0.935258], [34.68391, -0.936316], [34.684847, -0.937581], [34.68592, -0.937925], [34.687289, -0.938706], [34.687951, -0.938959], [34.688362, -0.939304]]}}, {"type": "Feature", "properties": {"name": "Saosa", "length_km": 6.57, "dist_to_gulf_km": 39.156, "n_segments": 1}, "geometry": {"type": "LineString", "coordinates": [[35.299994, -0.423047], [35.299835, -0.423185], [35.298831, -0.422585], [35.297873, -0.422216], [35.297394, -0.422215], [35.297439, -0.421731], [35.297097, -0.422192], [35.296414, -0.422791], [35.295775, -0.422375], [35.29566, -0.421707], [35.295273, -0.42196], [35.293654, -0.421728], [35.292308, -0.421312], [35.291738, -0.421012], [35.290665, -0.420274], [35.289319, -0.419005], [35.288612, -0.418106], [35.287767, -0.41716], [35.287311, -0.41663], [35.287037, -0.415846], [35.285554, -0.415661], [35.285099, -0.416329], [35.2843, -0.416213], [35.283593, -0.415959], [35.28275, -0.416188], [35.281268, -0.416878], [35.279512, -0.417153], [35.278896, -0.416162], [35.278462, -0.415424], [35.277937, -0.414986], [35.277481, -0.414778], [35.276957, -0.415238], [35.275611, -0.415445], [35.274995, -0.41526], [35.274106, -0.415789], [35.272806, -0.415995], [35.271324, -0.41687], [35.270276, -0.417376], [35.269387, -0.418251], [35.267973, -0.418572], [35.267175, -0.418963], [35.266149, -0.419769], [35.264736, -0.420436], [35.264029, -0.42062], [35.263345, -0.420665], [35.262615, -0.421287], [35.261406, -0.421424], [35.260426, -0.421377], [35.259422, -0.421376], [35.257871, -0.42119], [35.256412, -0.421051], [35.255362, -0.420543], [35.254883, -0.420358], [35.254997, -0.41969], [35.254016, -0.419367], [35.253104, -0.419181], [35.252693, -0.418651], [35.251393, -0.417544], [35.250914, -0.417359]]}}, {"type": "Feature", "properties": {"name": "Kipchoria", "length_km": 6.518, "dist_to_gulf_km": 31.688, "n_segments": 1}, "geometry": {"type": "LineString", "coordinates": [[35.102271, 0.00137], [35.102067, 0.002219], [35.101862, 0.003068], [35.101817, 0.003504], [35.101999, 0.004101], [35.101977, 0.004628], [35.101294, 0.004514], [35.10134, 0.005248], [35.101955, 0.005798], [35.102592, 0.006348], [35.10298, 0.007013], [35.10289, 0.008986], [35.102913, 0.009972], [35.103597, 0.012082], [35.104189, 0.012999], [35.104326, 0.013642], [35.103871, 0.014491], [35.103485, 0.015386], [35.103395, 0.016258], [35.103395, 0.01713], [35.1031, 0.018552], [35.103009, 0.019332], [35.102669, 0.020457], [35.102555, 0.02103], [35.10276, 0.021879], [35.101987, 0.022889], [35.101601, 0.024037], [35.100964, 0.024725], [35.100191, 0.025483], [35.099372, 0.026126], [35.098689, 0.026035], [35.097073, 0.026083], [35.096459, 0.026152], [35.096186, 0.026772], [35.0963, 0.02746], [35.096392, 0.028125], [35.096392, 0.028951], [35.09662, 0.029639], [35.096757, 0.030259], [35.096803, 0.030832], [35.09637, 0.030718], [35.095346, 0.030237], [35.094891, 0.030651], [35.094801, 0.031431], [35.094732, 0.031889], [35.094323, 0.032211], [35.093435, 0.032051], [35.092548, 0.032488], [35.091934, 0.033062], [35.091456, 0.033384], [35.091957, 0.033797], [35.092527, 0.034622], [35.092209, 0.035792], [35.091185, 0.036642], [35.091026, 0.037399], [35.090548, 0.038042], [35.089775, 0.038456], [35.090208, 0.039671], [35.09055, 0.040566], [35.090801, 0.041322], [35.090642, 0.041735], [35.090392, 0.042149], [35.090233, 0.042585], [35.09021, 0.043273], [35.089482, 0.043733], [35.089665, 0.044512], [35.089733, 0.045269], [35.089142, 0.045522], [35.088414, 0.045638]]}}, {"type": "Feature", "properties": {"name": "Usiri", "length_km": 6.512, "dist_to_gulf_km": 9.749, "n_segments": 1}, "geometry": {"type": "LineString", "coordinates": [[34.057126, -0.671369], [34.057625, -0.671134], [34.058697, -0.669122], [34.059353, -0.668609], [34.059772, -0.667363], [34.061855, -0.666076], [34.062225, -0.666532], [34.064126, -0.665247], [34.065349, -0.664521], [34.06684, -0.663286], [34.067887, -0.663114], [34.069757, -0.663163], [34.07114, -0.662435], [34.072411, -0.661939], [34.072716, -0.660648], [34.074024, -0.659323], [34.075571, -0.656984], [34.077892, -0.656592], [34.078828, -0.654581], [34.07922, -0.652921], [34.080891, -0.651455], [34.081809, -0.649881], [34.083089, -0.648166], [34.084626, -0.646954], [34.085995, -0.647077], [34.087105, -0.646376], [34.088693, -0.645623], [34.090465, -0.645121], [34.092101, -0.644575], [34.09319, -0.644126], [34.09512, -0.64337], [34.09636, -0.642184], [34.096962, -0.640936], [34.098407, -0.639609], [34.100352, -0.638186]]}}, {"type": "Feature", "properties": {"name": "Owich (Thidhia)", "length_km": 6.498, "dist_to_gulf_km": 40.513, "n_segments": 1}, "geometry": {"type": "LineString", "coordinates": [[34.34436, -0.911179], [34.344023, -0.91279], [34.344823, -0.913362], [34.345808, -0.914394], [34.346634, -0.915909], [34.348577, -0.917351], [34.349699, -0.918728], [34.350843, -0.919851], [34.352238, -0.920858], [34.353677, -0.921475], [34.355253, -0.922275], [34.356944, -0.923374], [34.35875, -0.92484], [34.359689, -0.925918], [34.36081, -0.92688], [34.361544, -0.928074], [34.361143, -0.930787], [34.360536, -0.933341], [34.360386, -0.935916], [34.360963, -0.937914], [34.361768, -0.93982], [34.363438, -0.94131], [34.364558, -0.942295], [34.365682, -0.944016], [34.366553, -0.945232], [34.367766, -0.946723], [34.368614, -0.947962], [34.37088917691224, -0.9500000000000001]]}}, {"type": "Feature", "properties": {"name": "Mererak", "length_km": 6.487, "dist_to_gulf_km": 44.106, "n_segments": 2}, "geometry": {"type": "LineString", "coordinates": [[34.2834682230014, 0.4], [34.283571, 0.39968], [34.283343, 0.399036], [34.283822, 0.398392]]}}, {"type": "Feature", "properties": {"name": "Aoro Chuodho", "length_km": 6.477, "dist_to_gulf_km": 23.158, "n_segments": 1}, "geometry": {"type": "LineString", "coordinates": [[34.238472, -0.79208], [34.238335, -0.791505], [34.237673, -0.790444], [34.236919, -0.789683], [34.236121, -0.788093], [34.235643, -0.786181], [34.235393, -0.785098], [34.234846, -0.783347], [34.233864, -0.782033], [34.233135, -0.780351], [34.232015, -0.779383], [34.230164, -0.778367], [34.228655, -0.778088], [34.226713, -0.776772], [34.225754, -0.775643], [34.225709, -0.774837], [34.22459, -0.773614], [34.222922, -0.772299], [34.221688, -0.771054], [34.219472, -0.769669], [34.217599, -0.768031], [34.214148, -0.766138], [34.212551, -0.762842], [34.211593, -0.760722], [34.210269, -0.758487], [34.209609, -0.756505], [34.208056, -0.75473], [34.205863, -0.752723], [34.203921, -0.750717], [34.202574, -0.748964]]}}, {"type": "Feature", "properties": {"name": "Mimbirwa", "length_km": 6.44, "dist_to_gulf_km": 30.068, "n_segments": 1}, "geometry": {"type": "LineString", "coordinates": [[34.619953, -0.799109], [34.621867, -0.79863], [34.623848, -0.798359], [34.624621, -0.798661], [34.625461, -0.799446], [34.626804, -0.799565], [34.627806, -0.799268], [34.628398, -0.799339], [34.629104, -0.799087], [34.63013, -0.798814], [34.631405, -0.798633], [34.631951, -0.798865], [34.633225, -0.799098], [34.63375, -0.798432], [34.634958, -0.798159], [34.63596, -0.798023], [34.637191, -0.797612], [34.638172, -0.796877], [34.639131, -0.795958], [34.639841, -0.794809], [34.64114, -0.794259], [34.641235, -0.793085], [34.641717, -0.791842], [34.642469, -0.791821], [34.643039, -0.791408], [34.64395, -0.791203], [34.645068, -0.790377], [34.646755, -0.789667], [34.648919, -0.789235], [34.650102, -0.789607], [34.651649, -0.789957], [34.653789, -0.789916], [34.654993, -0.790449], [34.656471, -0.791052], [34.657539, -0.791585], [34.658471, -0.791979], [34.659287, -0.79281], [34.659763, -0.793664], [34.660693, -0.794611], [34.662306, -0.795421], [34.664171, -0.795956], [34.665557, -0.796697], [34.666487, -0.797667], [34.667144, -0.798636], [34.667848, -0.799191], [34.668552, -0.799538], [34.669348, -0.799978]]}}, {"type": "Feature", "properties": {"name": "Safu", "length_km": 6.436, "dist_to_gulf_km": 22.368, "n_segments": 1}, "geometry": {"type": "LineString", "coordinates": [[34.241456, 0.198582], [34.240976, 0.198881], [34.241022, 0.199455], [34.241732, 0.200028], [34.242236, 0.200533], [34.242053, 0.200809], [34.241253, 0.200718], [34.240659, 0.201316], [34.240453, 0.201776], [34.239951, 0.202029], [34.239906, 0.203178], [34.24009, 0.204073], [34.240113, 0.20451], [34.239314, 0.205521], [34.23872, 0.206349], [34.238584, 0.207245], [34.238287, 0.207751], [34.237625, 0.20805], [34.237305, 0.208969], [34.237101, 0.210141], [34.236713, 0.211083], [34.236188, 0.211406], [34.2358, 0.212003], [34.235572, 0.212899], [34.234635, 0.213406], [34.234568, 0.21467], [34.234477, 0.215703], [34.234616, 0.216943], [34.234845, 0.217655], [34.235463, 0.218297], [34.235716, 0.219583], [34.235901, 0.221581], [34.236154, 0.222454], [34.236383, 0.22312], [34.23723, 0.223279], [34.237116, 0.223831], [34.237117, 0.224887], [34.237256, 0.226311], [34.237784, 0.228355], [34.238106, 0.229824], [34.238336, 0.231271], [34.239023, 0.232579], [34.239619, 0.233658], [34.240581, 0.234851], [34.240492, 0.237148], [34.241591, 0.238043], [34.241958, 0.239328], [34.242303, 0.240913], [34.243744, 0.241416], [34.245505, 0.241919], [34.247152, 0.242606], [34.248525, 0.243109], [34.249417, 0.242993], [34.250628, 0.242854]]}}, {"type": "Feature", "properties": {"name": "Ainobngetuny", "length_km": 6.427, "dist_to_gulf_km": 45.205, "n_segments": 1}, "geometry": {"type": "LineString", "coordinates": [[35.250279, -0.018614], [35.25119, -0.018982], [35.251645, -0.0182], [35.252214, -0.018062], [35.252328, -0.018591], [35.252511, -0.019073], [35.253286, -0.019418], [35.254037, -0.019763], [35.254743, -0.019625], [35.255335, -0.018591], [35.255858, -0.017878], [35.256791, -0.017671], [35.25695, -0.017395], [35.2567, -0.017027], [35.257542, -0.016636], [35.258362, -0.016958], [35.258841, -0.01751], [35.259114, -0.017809], [35.259524, -0.017717], [35.260003, -0.01797], [35.260844, -0.016935], [35.261754, -0.01597], [35.2623, -0.015188], [35.263325, -0.014935], [35.263599, -0.015464], [35.263849, -0.015602], [35.263804, -0.016085], [35.264237, -0.016153], [35.264965, -0.01551], [35.265466, -0.015349], [35.267014, -0.01459], [35.268721, -0.013808], [35.269973, -0.013027], [35.270656, -0.012337], [35.271224, -0.011578], [35.271861, -0.010429], [35.272476, -0.010222], [35.27284, -0.009762], [35.27293, -0.008911], [35.272815, -0.008061], [35.273043, -0.007463], [35.272792, -0.007003], [35.27286, -0.006429], [35.273474, -0.00636], [35.274909, -0.006038], [35.275592, -0.006107], [35.275889, -0.006957], [35.276049, -0.007394], [35.276253, -0.007164], [35.27664, -0.006498], [35.277391, -0.0059], [35.27771, -0.005808], [35.277778, -0.00521], [35.277959, -0.004015], [35.278414, -0.003762], [35.278711, -0.004497], [35.279053, -0.004842], [35.279849, -0.004612], [35.280942, -0.004337], [35.281899, -0.004405], [35.282354, -0.004612], [35.283151, -0.003693], [35.283742, -0.003026], [35.284493, -0.002704], [35.285882, -0.002244], [35.286861, -0.001969], [35.28718, -0.001509], [35.287384, -0.001026], [35.287657, -0.001003], [35.288067, -0.000497], [35.288681, -0.000106], [35.289023, 0.000216], [35.28966, 0.001158]]}}, {"type": "Feature", "properties": {"name": "Ikuywa", "length_km": 6.418, "dist_to_gulf_km": 28.533, "n_segments": 1}, "geometry": {"type": "LineString", "coordinates": [[34.899001, 0.204899], [34.900073, 0.205144], [34.900227, 0.204179], [34.901256, 0.204769], [34.901685, 0.204032], [34.902166, 0.204488], [34.90233, 0.205314], [34.90327, 0.206363], [34.904415, 0.207412], [34.904944, 0.208327], [34.905178, 0.20945], [34.906482, 0.210406], [34.907393, 0.210423], [34.908559, 0.211128], [34.909701, 0.211556], [34.911094, 0.212144], [34.91235, 0.21255], [34.914608, 0.21304], [34.91593, 0.213078], [34.918211, 0.213453], [34.919921, 0.213672], [34.920878, 0.213574], [34.921842, 0.214991], [34.922941, 0.215879], [34.924974, 0.216762], [34.926323, 0.217556], [34.927032, 0.218149], [34.927853, 0.218167], [34.929538, 0.217972], [34.931451, 0.217868], [34.933458, 0.218177], [34.934693, 0.218949], [34.935743, 0.219379], [34.937345, 0.220516], [34.937829, 0.221615], [34.939112, 0.222915], [34.940161, 0.223046], [34.942533, 0.223352], [34.943192, 0.223142], [34.945203, 0.224093], [34.946207, 0.224339], [34.947167, 0.224884]]}}, {"type": "Feature", "properties": {"name": "Nyamache", "length_km": 6.376, "dist_to_gulf_km": 45.076, "n_segments": 1}, "geometry": {"type": "LineString", "coordinates": [[34.791808, -0.876901], [34.79256, -0.876867], [34.793543, -0.876966], [34.794746, -0.876626], [34.795449, -0.876363], [34.796585, -0.877447], [34.797096, -0.877944], [34.800104, -0.87776], [34.800692, -0.877453], [34.801394, -0.877166], [34.801755, -0.876885], [34.801853, -0.875988], [34.802743, -0.875998], [34.803578, -0.87548], [34.80437, -0.875077], [34.805803, -0.874849], [34.806539, -0.873873], [34.806567, -0.872862], [34.806983, -0.871869], [34.807492, -0.872251], [34.808253, -0.871436], [34.808851, -0.870394], [34.809448, -0.870591], [34.809819, -0.869644], [34.81057, -0.869541], [34.811008, -0.868501], [34.811771, -0.867754], [34.812812, -0.867256], [34.813429, -0.866007], [34.814623, -0.863831], [34.815449, -0.862785], [34.816128, -0.862476], [34.817475, -0.862547], [34.818534, -0.863059], [34.819487, -0.864077], [34.819848, -0.865173], [34.82068, -0.865757], [34.821284, -0.866391], [34.821675, -0.866591], [34.821443, -0.867674], [34.821901, -0.869067], [34.82235, -0.869979], [34.823334, -0.87017], [34.824075, -0.870801], [34.824912, -0.870352], [34.825282, -0.871954], [34.825333, -0.873583], [34.826716, -0.874434], [34.828055, -0.875331], [34.829282, -0.876346], [34.830236, -0.87741]]}}, {"type": "Feature", "properties": {"name": "Isanta", "length_km": 6.347, "dist_to_gulf_km": 11.358, "n_segments": 1}, "geometry": {"type": "LineString", "coordinates": [[34.781457, -0.543286], [34.779003, -0.546401], [34.777649, -0.548258], [34.776755, -0.549334], [34.775928, -0.550618], [34.774457, -0.553072], [34.773076, -0.555711], [34.771859, -0.557499], [34.770941, -0.558875], [34.769521, -0.560316], [34.76753, -0.561961], [34.765654, -0.563538], [34.763365, -0.565527], [34.761922, -0.566876], [34.759887, -0.568314], [34.758125, -0.569776], [34.756046, -0.570868], [34.754697, -0.57185], [34.75385, -0.572535], [34.753119, -0.572899], [34.75248, -0.573033], [34.750451, -0.573343], [34.749221, -0.573072], [34.748124, -0.573435], [34.747551, -0.573799], [34.74691, -0.574348], [34.745586, -0.574295], [34.744309, -0.573989], [34.743282, -0.573869], [34.742162, -0.574162], [34.74143, -0.574503], [34.740196, -0.574795], [34.739398, -0.574446], [34.738396, -0.573912]]}}, {"type": "Feature", "properties": {"name": "Kibuon (Kodum)", "length_km": 6.3, "dist_to_gulf_km": 0.0, "n_segments": 1}, "geometry": {"type": "LineString", "coordinates": [[34.883437, -0.301857], [34.883711, -0.302826], [34.883321, -0.303862], [34.883137, -0.30483], [34.883706, -0.307412], [34.88311, -0.308817], [34.88233, -0.310383], [34.881229, -0.313147], [34.880861, -0.315129], [34.880791, -0.31635], [34.880995, -0.31801], [34.880789, -0.318862], [34.879917, -0.32112], [34.879868, -0.324023], [34.879912, -0.325752], [34.879681, -0.327964], [34.879426, -0.331743], [34.879401, -0.334509], [34.881801, -0.337025], [34.883196, -0.338824], [34.883652, -0.340554], [34.883648, -0.344449], [34.884264, -0.346178], [34.885018, -0.347954], [34.885176, -0.349798], [34.884763, -0.35088], [34.885356, -0.353024], [34.885859, -0.354062], [34.886659, -0.35487], [34.886979, -0.355355]]}}, {"type": "Feature", "properties": {"name": "Sifuyo", "length_km": 6.216, "dist_to_gulf_km": 20.198, "n_segments": 1}, "geometry": {"type": "LineString", "coordinates": [[34.109777, 0.180589], [34.108477, 0.183048], [34.10713, 0.185139], [34.105944, 0.186587], [34.105557, 0.188655], [34.107068, 0.192767], [34.107916, 0.1958], [34.109495, 0.198717], [34.110799, 0.200991], [34.110709, 0.20276], [34.110117, 0.204599], [34.10973, 0.206138], [34.11213, 0.208343], [34.113754, 0.210571], [34.114488, 0.213557], [34.115175, 0.215832], [34.116, 0.218657], [34.11669, 0.223344], [34.116646, 0.225871], [34.116671, 0.228422], [34.116513, 0.230283], [34.116331, 0.231202], [34.116514, 0.232328]]}}, {"type": "Feature", "properties": {"name": "Chebirir", "length_km": 6.19, "dist_to_gulf_km": 29.044, "n_segments": 1}, "geometry": {"type": "LineString", "coordinates": [[35.140601, -0.159313], [35.141581, -0.160004], [35.142744, -0.161363], [35.14304, -0.162283], [35.14402, -0.162606], [35.144727, -0.162607], [35.144522, -0.163526], [35.144659, -0.164331], [35.145365, -0.164516], [35.145981, -0.164816], [35.146711, -0.164564], [35.147121, -0.165346], [35.147372, -0.166266], [35.146961, -0.166634], [35.146642, -0.167277], [35.147007, -0.167669], [35.147394, -0.167462], [35.147736, -0.168337], [35.148603, -0.169211], [35.149036, -0.16843], [35.149515, -0.167924], [35.150404, -0.168684], [35.150518, -0.169811], [35.151225, -0.170111], [35.151635, -0.170296], [35.151088, -0.171192], [35.151931, -0.171883], [35.152592, -0.172596], [35.153527, -0.173149], [35.154257, -0.173012], [35.154781, -0.173588], [35.155283, -0.174462], [35.155738, -0.175061], [35.15624, -0.17559], [35.157129, -0.175407], [35.158315, -0.176443], [35.159022, -0.176536], [35.159592, -0.177181], [35.160116, -0.17771], [35.161507, -0.178149], [35.162555, -0.178702], [35.162829, -0.178794], [35.16292, -0.179139], [35.163194, -0.179737], [35.163695, -0.180428], [35.163832, -0.180819], [35.164471, -0.180083], [35.165246, -0.180958], [35.165907, -0.181097], [35.165816, -0.18158], [35.165884, -0.181695], [35.166317, -0.181948], [35.166796, -0.181811], [35.167229, -0.181696], [35.167229, -0.182156], [35.167503, -0.182961], [35.168232, -0.182732], [35.168893, -0.184044], [35.168437, -0.184388], [35.168255, -0.184917], [35.168369, -0.185216], [35.167867, -0.185285], [35.167616, -0.18579], [35.167616, -0.186549], [35.167685, -0.186687], [35.168597, -0.187148], [35.168369, -0.187654], [35.167479, -0.187745], [35.167092, -0.187929], [35.166818, -0.188963], [35.166795, -0.189676]]}}, {"type": "Feature", "properties": {"name": "Irana", "length_km": 6.169, "dist_to_gulf_km": 27.429, "n_segments": 2}, "geometry": {"type": "MultiLineString", "coordinates": [[[34.305547, 0.251084], [34.303795, 0.252539], [34.302999, 0.253647], [34.302932, 0.254522], [34.303048, 0.255212], [34.304008, 0.256499], [34.304192, 0.257235], [34.303512, 0.258964], [34.303469, 0.260438], [34.303358, 0.261819], [34.303201, 0.263017], [34.302953, 0.264146], [34.303069, 0.265435], [34.303663, 0.265871], [34.305696, 0.267292], [34.306906, 0.268394], [34.308483, 0.269931], [34.309717, 0.271194], [34.3107, 0.272089], [34.311591, 0.273053], [34.311798, 0.27395], [34.312483, 0.274317], [34.313672, 0.275787], [34.314472, 0.276843], [34.31452, 0.277764], [34.3145, 0.279307], [34.314413, 0.281034], [34.314507, 0.282576], [34.315059, 0.284555], [34.315838, 0.286233], [34.315931, 0.287384], [34.316276, 0.288672], [34.316165, 0.290008], [34.316122, 0.291228], [34.316353, 0.29254], [34.316423, 0.293599]], [[34.305547, 0.251084], [34.306248, 0.249972], [34.305703, 0.248959], [34.30618, 0.248476], [34.307113, 0.247717], [34.307227, 0.247395], [34.307046, 0.245807]]]}}, {"type": "Feature", "properties": {"name": "Nyakuru", "length_km": 6.168, "dist_to_gulf_km": 14.259, "n_segments": 1}, "geometry": {"type": "LineString", "coordinates": [[34.621586, -0.652693], [34.621994, -0.651701], [34.622905, -0.651308], [34.623862, -0.650661], [34.624588, -0.649277], [34.62559, -0.648538], [34.626683, -0.647983], [34.627868, -0.64752], [34.629099, -0.647264], [34.630262, -0.647008], [34.632337, -0.646727], [34.634025, -0.646631], [34.634527, -0.646999], [34.635485, -0.646628], [34.636922, -0.646809], [34.639273, -0.647611], [34.640803, -0.648322], [34.64288, -0.64887], [34.645616, -0.648265], [34.64705, -0.647133], [34.64926, -0.646023], [34.649715, -0.645654], [34.650053, -0.643902], [34.650048, -0.642082], [34.650203, -0.640124], [34.65013, -0.638281], [34.651265, -0.635837], [34.652493, -0.63436], [34.653334, -0.633046], [34.654492, -0.631293], [34.655378, -0.629839], [34.65645, -0.629469], [34.658045, -0.628866], [34.659615, -0.627596], [34.660777, -0.626833], [34.660822, -0.62681]]}}, {"type": "Feature", "properties": {"name": "Cheblingwich", "length_km": 6.103, "dist_to_gulf_km": 42.285, "n_segments": 1}, "geometry": {"type": "LineString", "coordinates": [[35.059568, 0.269524], [35.059474, 0.270237], [35.059334, 0.271202], [35.05933, 0.272558], [35.05871, 0.273499], [35.057791, 0.275105], [35.055961, 0.276204], [35.05397, 0.277853], [35.052962, 0.278793], [35.052344, 0.279251], [35.050973, 0.27966], [35.048802, 0.280436], [35.047225, 0.281052], [35.046013, 0.281577], [35.045098, 0.28208], [35.044732, 0.282263], [35.044369, 0.281595], [35.04355, 0.280627], [35.041817, 0.280301], [35.041201, 0.280092], [35.03954, 0.278455], [35.037012, 0.276723], [35.034662, 0.276211], [35.033156, 0.27593], [35.032243, 0.276043], [35.031718, 0.275834], [35.02967, 0.273966], [35.028144, 0.272835], [35.02753, 0.272213], [35.026964, 0.270671], [35.025829, 0.268966], [35.024286, 0.266249], [35.021988, 0.263829], [35.020781, 0.263067], [35.019413, 0.262511]]}}, {"type": "Feature", "properties": {"name": "Kibore", "length_km": 6.102, "dist_to_gulf_km": 60.512, "n_segments": 1}, "geometry": {"type": "LineString", "coordinates": [[35.24066, 0.263977], [35.240477, 0.264574], [35.240934, 0.265103], [35.240865, 0.265655], [35.240887, 0.266069], [35.241184, 0.266713], [35.241777, 0.267357], [35.24333, 0.268276], [35.244563, 0.268989], [35.245637, 0.26938], [35.246688, 0.269633], [35.247304, 0.270139], [35.248697, 0.270874], [35.250343, 0.27256], [35.252032, 0.273003], [35.252923, 0.273293], [35.254, 0.274063], [35.254983, 0.274489], [35.255829, 0.274849], [35.256928, 0.275527], [35.257937, 0.276297], [35.258855, 0.277046], [35.260048, 0.278068], [35.261058, 0.278953], [35.262554, 0.280706], [35.263475, 0.281776], [35.263893, 0.282737], [35.264655, 0.283877], [35.265231, 0.28456], [35.265563, 0.286026], [35.266097, 0.287215], [35.267295, 0.28865], [35.268694, 0.289807], [35.269479, 0.290947], [35.269933, 0.290782], [35.270493, 0.289835], [35.271535, 0.289182], [35.273239, 0.288752], [35.273353, 0.288705], [35.274762, 0.288416], [35.275991, 0.288358], [35.277702, 0.288663], [35.279165, 0.289291], [35.280673, 0.289828], [35.281677, 0.290024]]}}, {"type": "Feature", "properties": {"name": "Nyarodi wadachem", "length_km": 6.097, "dist_to_gulf_km": 7.554, "n_segments": 1}, "geometry": {"type": "LineString", "coordinates": [[34.388967, 0.001375], [34.389441, 0.003148], [34.38937, 0.004528], [34.389844, 0.006854], [34.390022, 0.008465], [34.389724, 0.009569], [34.389518, 0.010305], [34.38849, 0.011592], [34.387756, 0.01403], [34.38823, 0.016448], [34.388405, 0.01944], [34.3874, 0.021095], [34.386942, 0.022567], [34.386643, 0.023648], [34.387073, 0.024961], [34.387252, 0.026642], [34.387339, 0.02846], [34.387177, 0.029748], [34.387197, 0.031175], [34.387991, 0.032465], [34.389239, 0.034562], [34.389395, 0.036472], [34.389458, 0.039027], [34.389636, 0.040708], [34.390704, 0.041998], [34.391225, 0.04338], [34.391857, 0.045982], [34.392446, 0.047111], [34.394423, 0.049186], [34.396219, 0.050454], [34.397674, 0.051539]]}}, {"type": "Feature", "properties": {"name": "Nyamagundo", "length_km": 6.077, "dist_to_gulf_km": 15.079, "n_segments": 1}, "geometry": {"type": "LineString", "coordinates": [[34.72841, -0.605041], [34.728519, -0.60633], [34.728126, -0.607454], [34.727915, -0.608879], [34.727086, -0.610737], [34.726231, -0.613239], [34.725676, -0.615145], [34.725306, -0.616385], [34.724388, -0.617369], [34.722715, -0.619108], [34.720998, -0.620386], [34.71946, -0.62231], [34.717997, -0.622808], [34.715963, -0.623326], [34.714144, -0.623899], [34.712461, -0.625333], [34.711141, -0.626557], [34.710028, -0.628035], [34.709325, -0.629465], [34.708598, -0.630618], [34.707462, -0.632188], [34.706599, -0.633388], [34.705599, -0.634451], [34.704826, -0.63542], [34.704029, -0.635791], [34.703186, -0.635978], [34.70191, -0.636235], [34.700816, -0.6364], [34.699334, -0.636589], [34.69808, -0.636661], [34.695982, -0.636161], [34.693883, -0.635822], [34.692355, -0.63555], [34.691466, -0.635599], [34.691101, -0.635761]]}}, {"type": "Feature", "properties": {"name": "Tabenik", "length_km": 6.074, "dist_to_gulf_km": 44.599, "n_segments": 1}, "geometry": {"type": "LineString", "coordinates": [[35.290064, -0.485856], [35.291478, -0.485512], [35.293143, -0.485743], [35.293941, -0.486873], [35.294261, -0.487818], [35.295585, -0.488672], [35.296885, -0.489318], [35.298254, -0.490817], [35.299874, -0.492362], [35.3, -0.49243065003371245]]}}, {"type": "Feature", "properties": {"name": "Chepkoisi", "length_km": 6.06, "dist_to_gulf_km": 32.942, "n_segments": 1}, "geometry": {"type": "LineString", "coordinates": [[35.182813, -0.481719], [35.18252, -0.483004], [35.182977, -0.483325], [35.183501, -0.483118], [35.184296, -0.482107], [35.184913, -0.482428], [35.184664, -0.483323], [35.184779, -0.483782], [35.185532, -0.483804], [35.186695, -0.484009], [35.187789, -0.483893], [35.188632, -0.483617], [35.189019, -0.483295], [35.188448, -0.48302], [35.189109, -0.482584], [35.18913, -0.482148], [35.188809, -0.481414], [35.189219, -0.481069], [35.189654, -0.481826], [35.190293, -0.482146], [35.190727, -0.482375], [35.190748, -0.48171], [35.191295, -0.481686], [35.191638, -0.482007], [35.192026, -0.482213], [35.192208, -0.482007], [35.191956, -0.481502], [35.191932, -0.480951], [35.193071, -0.480835], [35.194028, -0.480307], [35.194257, -0.480651], [35.194734, -0.480008], [35.195009, -0.480581], [35.195828, -0.480029], [35.196467, -0.480304], [35.19656, -0.480969], [35.197244, -0.480969], [35.19809, -0.481725], [35.198865, -0.481426], [35.199475, -0.480898], [35.19984, -0.481242], [35.200206, -0.480783], [35.200572, -0.480233], [35.201234, -0.480348], [35.201806, -0.480325], [35.201989, -0.480509], [35.202125, -0.480991], [35.202468, -0.481106], [35.20272, -0.480991], [35.202971, -0.480762], [35.203086, -0.480463], [35.203566, -0.480165], [35.203771, -0.480119], [35.204068, -0.480418], [35.204343, -0.480303], [35.204388, -0.479821], [35.204206, -0.47927], [35.204343, -0.478788], [35.20464, -0.478765], [35.204892, -0.479247], [35.205326, -0.479431], [35.2056, -0.479202], [35.2056, -0.478536], [35.205578, -0.478123], [35.205989, -0.477985], [35.206446, -0.478628], [35.206742, -0.479524], [35.207177, -0.479524], [35.207428, -0.479088], [35.207131, -0.478445], [35.207657, -0.478284], [35.207863, -0.478721], [35.208046, -0.478399], [35.208411, -0.477986], [35.209051, -0.477941], [35.20976, -0.47801], [35.210377, -0.478194], [35.210902, -0.478561], [35.211565, -0.478171], [35.211954, -0.478125], [35.212525, -0.477598], [35.212754, -0.477185], [35.213805, -0.477162], [35.214834, -0.477094], [35.215222, -0.477094], [35.215519, -0.477622], [35.216342, -0.477301]]}}, {"type": "Feature", "properties": {"name": "Magaa", "length_km": 6.037, "dist_to_gulf_km": 1.042, "n_segments": 1}, "geometry": {"type": "LineString", "coordinates": [[34.637178, -0.080918], [34.636333, -0.080939], [34.63519, -0.081374], [34.63439, -0.081741], [34.633339, -0.081531], [34.632402, -0.081413], [34.630895, -0.080763], [34.630004, -0.080969], [34.629706, -0.081336], [34.629409, -0.081589], [34.628061, -0.081401], [34.627284, -0.081699], [34.626621, -0.081812], [34.625409, -0.082155], [34.624609, -0.082406], [34.623946, -0.082866], [34.622392, -0.083322], [34.620701, -0.082903], [34.618965, -0.082921], [34.617754, -0.082964], [34.61732, -0.082894], [34.616521, -0.082339], [34.61563, -0.082175], [34.614601, -0.082864], [34.613686, -0.083668], [34.612702, -0.08408], [34.611651, -0.084193], [34.611423, -0.083731], [34.611059, -0.083016], [34.609987, -0.081791], [34.609417, -0.081121], [34.608527, -0.080635], [34.607133, -0.080332], [34.605671, -0.080489], [34.604917, -0.080257], [34.604529, -0.08014], [34.604142, -0.079217], [34.604464, -0.078019], [34.603939, -0.077534], [34.603165, -0.075918], [34.602732, -0.074949], [34.602116, -0.074256], [34.601661, -0.073264], [34.601618, -0.071466], [34.601414, -0.070474], [34.6013, -0.070174], [34.601736, -0.069345], [34.601487, -0.067547], [34.600758, -0.066392], [34.600485, -0.065977], [34.600531, -0.065216], [34.600555, -0.064571], [34.60035, -0.064224], [34.600191, -0.064039], [34.599894, -0.063693]]}}, {"type": "Feature", "properties": {"name": "Kisama", "length_km": 6.02, "dist_to_gulf_km": 27.568, "n_segments": 1}, "geometry": {"type": "LineString", "coordinates": [[34.332719, 0.253202], [34.333001, 0.250812], [34.33257, 0.249062], [34.333821, 0.248372], [34.335254, 0.246969], [34.336868, 0.246049], [34.337801, 0.245152], [34.338688, 0.244669], [34.33912, 0.244255], [34.339756, 0.244071], [34.341529, 0.243681], [34.343098, 0.243037], [34.344871, 0.242761], [34.346122, 0.242624], [34.347372, 0.242003], [34.348418, 0.242049], [34.349895, 0.242188], [34.351168, 0.241958], [34.35301, 0.241614], [34.353714, 0.241361], [34.355556, 0.240971], [34.359534, 0.240374], [34.361285, 0.239891], [34.362876, 0.238971], [34.364559, 0.237913], [34.365628, 0.237246], [34.366833, 0.235958], [34.367698, 0.234946], [34.368562, 0.234509], [34.369153, 0.233634], [34.370154, 0.232277], [34.371724, 0.230851], [34.372474, 0.22993], [34.372906, 0.229608], [34.373702, 0.229356], [34.37418, 0.229149], [34.374816, 0.229034], [34.376021, 0.22938]]}}, {"type": "Feature", "properties": {"name": "Rangwena", "length_km": 6.012, "dist_to_gulf_km": 0.0, "n_segments": 1}, "geometry": {"type": "LineString", "coordinates": [[34.463964, -0.547684], [34.464285, -0.546671], [34.464607, -0.545727], [34.465751, -0.545683], [34.466187, -0.54467], [34.46708, -0.544049], [34.468087, -0.543406], [34.468912, -0.54267], [34.469393, -0.542371], [34.470263, -0.541589], [34.470675, -0.541129], [34.470881, -0.541406], [34.471591, -0.540946], [34.472208, -0.541293], [34.473421, -0.541342], [34.47523, -0.53964], [34.476147, -0.538443], [34.476926, -0.537292], [34.477385, -0.536325], [34.477867, -0.535151], [34.478234, -0.534161], [34.478441, -0.533193], [34.478602, -0.532341], [34.479061, -0.531236], [34.479292, -0.529992], [34.479133, -0.528563], [34.479479, -0.526697], [34.480326, -0.525685], [34.480921, -0.525478], [34.481792, -0.524628], [34.482434, -0.52343], [34.483558, -0.521405], [34.483856, -0.520437], [34.483536, -0.520022], [34.483583, -0.518962], [34.483149, -0.518247], [34.482236, -0.516978], [34.482008, -0.516171], [34.481094, -0.515271], [34.480202, -0.514509], [34.479837, -0.513725], [34.479358, -0.512687], [34.479473, -0.511858], [34.479108, -0.511004], [34.479224, -0.510267], [34.479705, -0.509531], [34.479591, -0.508931], [34.478197, -0.507984], [34.477694, -0.507453], [34.477398, -0.506393]]}}, {"type": "Feature", "properties": {"name": "Leldaet", "length_km": 5.984, "dist_to_gulf_km": 54.257, "n_segments": 3}, "geometry": {"type": "MultiLineString", "coordinates": [[[35.236944, -0.753069], [35.237425, -0.752772], [35.236832, -0.752539], [35.236811, -0.751963], [35.237223, -0.751827], [35.236883, -0.75125], [35.237226, -0.750999], [35.236976, -0.750629], [35.236772, -0.750398], [35.237253, -0.750009], [35.237574, -0.749458]], [[35.250402, -0.740813], [35.250834, -0.740814], [35.250925, -0.74125], [35.251403, -0.740952], [35.251835, -0.741159], [35.252313, -0.740355], [35.252335, -0.739483], [35.252767, -0.73861], [35.253541, -0.738565], [35.253882, -0.738221], [35.254268, -0.737968], [35.255406, -0.737762], [35.256588, -0.737005], [35.256815, -0.736339], [35.257407, -0.736064], [35.257953, -0.73595], [35.25818, -0.735215], [35.258953, -0.734871], [35.260136, -0.734321], [35.260954, -0.733219], [35.261932, -0.732324], [35.26241, -0.732301], [35.262979, -0.73159], [35.263388, -0.7312], [35.263956, -0.730419], [35.264798, -0.729133], [35.265616, -0.728675], [35.26664, -0.727137], [35.26764, -0.72592], [35.268049, -0.725185], [35.268686, -0.7239], [35.26955, -0.722476], [35.270096, -0.721903], [35.270118, -0.721857]], [[35.250402, -0.740813], [35.249838, -0.741063], [35.250447, -0.741666], [35.249129, -0.741516], [35.248467, -0.74174], [35.248367, -0.742658], [35.24791, -0.742861], [35.247724, -0.743364], [35.247177, -0.743405], [35.246746, -0.743332], [35.246879, -0.743678], [35.246146, -0.744154], [35.245123, -0.744122], [35.244046, -0.744916], [35.243496, -0.745324], [35.24297, -0.745618], [35.24247, -0.74559], [35.242148, -0.746001], [35.241715, -0.746043], [35.241207, -0.746865], [35.24061, -0.747457], [35.239881, -0.747588], [35.239766, -0.747725], [35.239283, -0.748203], [35.238097, -0.748583], [35.237574, -0.749458]]]}}, {"type": "Feature", "properties": {"name": "Omondo", "length_km": 5.863, "dist_to_gulf_km": 3.912, "n_segments": 1}, "geometry": {"type": "LineString", "coordinates": [[34.929371, -0.300635], [34.929965, -0.301558], [34.931497, -0.302298], [34.932206, -0.303198], [34.932869, -0.304074], [34.93344, -0.305043], [34.933507, -0.306564], [34.93298, -0.307969], [34.932864, -0.308799], [34.932359, -0.310481], [34.931649, -0.311632], [34.931624, -0.313706], [34.932125, -0.315643], [34.931872, -0.317348], [34.931757, -0.318269], [34.931595, -0.319583], [34.931846, -0.320851], [34.932302, -0.322465], [34.933147, -0.324448], [34.933672, -0.326039], [34.934334, -0.327538], [34.934631, -0.328391], [34.935362, -0.329314], [34.9363, -0.330375], [34.937031, -0.330906], [34.937397, -0.331852], [34.938263, -0.335195], [34.938675, -0.335772], [34.938261, -0.337338], [34.937802, -0.338766], [34.937251, -0.340356], [34.937044, -0.341784], [34.937181, -0.342522], [34.937546, -0.343375], [34.938552, -0.34446], [34.939352, -0.345752], [34.939968, -0.347274], [34.93983, -0.348172], [34.939807, -0.348449]]}}, {"type": "Feature", "properties": {"name": "Nyangu", "length_km": 5.769, "dist_to_gulf_km": 15.037, "n_segments": 1}, "geometry": {"type": "LineString", "coordinates": [[34.519247, -0.694191], [34.519041, -0.693615], [34.518901, -0.692671], [34.518922, -0.691703], [34.519468, -0.69108], [34.520173, -0.690088], [34.520372, -0.687899], [34.520939, -0.686562], [34.522327, -0.684831], [34.523281, -0.683493], [34.523964, -0.682708], [34.524874, -0.681739], [34.525533, -0.680793], [34.526738, -0.679109], [34.527601, -0.677517], [34.528692, -0.676133], [34.529943, -0.674725], [34.530556, -0.673388], [34.531603, -0.672303], [34.532604, -0.671425], [34.532947, -0.671586], [34.533333, -0.671124], [34.534539, -0.669832], [34.535357, -0.668425], [34.536061, -0.66711], [34.53631, -0.666418], [34.536353, -0.665197], [34.536166, -0.663723], [34.535364, -0.661859], [34.53472, -0.660018], [34.53426, -0.658521], [34.533482, -0.657256], [34.53275, -0.656359], [34.531653, -0.655831], [34.529963, -0.655006], [34.529118, -0.654339], [34.527837, -0.653121], [34.52706, -0.652247]]}}, {"type": "Feature", "properties": {"name": "On'ger", "length_km": 5.705, "dist_to_gulf_km": 2.536, "n_segments": 1}, "geometry": {"type": "LineString", "coordinates": [[34.697989, -0.407908], [34.697768, -0.408808], [34.697492, -0.409498], [34.697468, -0.410189], [34.69733, -0.410765], [34.697831, -0.411619], [34.697759, -0.412701], [34.697917, -0.413762], [34.697641, -0.414498], [34.697318, -0.415626], [34.697224, -0.41687], [34.697404, -0.418184], [34.697789, -0.419867], [34.698128, -0.421297], [34.698261, -0.423071], [34.69819, -0.424062], [34.698394, -0.424799], [34.698141, -0.425674], [34.697635, -0.427032], [34.697147, -0.430211], [34.696476, -0.434056], [34.696332, -0.43666], [34.696603, -0.438181], [34.697262, -0.440026], [34.697899, -0.441502], [34.699061, -0.443095], [34.700499, -0.444274], [34.702644, -0.4461], [34.704378, -0.447718], [34.705746, -0.449058], [34.707092, -0.450329], [34.708165, -0.451], [34.709581, -0.451833], [34.710723, -0.452343]]}}, {"type": "Feature", "properties": {"name": "Ombache", "length_km": 5.701, "dist_to_gulf_km": 7.794, "n_segments": 1}, "geometry": {"type": "LineString", "coordinates": [[34.558271, -0.59398], [34.556283, -0.594067], [34.554776, -0.59388], [34.553588, -0.594889], [34.552947, -0.595923], [34.551095, -0.597276], [34.550478, -0.597597], [34.549404, -0.598101], [34.548261, -0.598995], [34.546959, -0.599682], [34.545953, -0.600531], [34.545358, -0.601703], [34.54458, -0.602714], [34.543529, -0.603333], [34.542432, -0.603905], [34.540763, -0.605282], [34.540077, -0.606062], [34.539825, -0.606568], [34.539505, -0.606751], [34.53939, -0.607464], [34.539435, -0.608523], [34.539411, -0.609351], [34.538678, -0.610914], [34.538151, -0.61227], [34.537899, -0.613673], [34.537851, -0.615146], [34.538488, -0.617609], [34.539239, -0.619705], [34.54006, -0.621133], [34.540516, -0.621963], [34.541954, -0.622864], [34.54362, -0.623512], [34.544647, -0.624504], [34.54597, -0.62545], [34.546678, -0.62605], [34.547156, -0.626834], [34.547452, -0.628123], [34.547748, -0.629021], [34.548112, -0.629758]]}}, {"type": "Feature", "properties": {"name": "Ugege", "length_km": 5.681, "dist_to_gulf_km": 19.149, "n_segments": 1}, "geometry": {"type": "LineString", "coordinates": [[34.191495, 0.171339], [34.191624, 0.173589], [34.191785, 0.174554], [34.192449, 0.17577], [34.193114, 0.177354], [34.193848, 0.179467], [34.194879, 0.18105], [34.194537, 0.181694], [34.195567, 0.182749], [34.196324, 0.184723], [34.197103, 0.186261], [34.197974, 0.188396], [34.198937, 0.190577], [34.199785, 0.192138], [34.200221, 0.193653], [34.200474, 0.1951], [34.200087, 0.196869], [34.200249, 0.198844], [34.200731, 0.200428], [34.201533, 0.201943], [34.202358, 0.203229], [34.203686, 0.205064], [34.204534, 0.20674], [34.205406, 0.209196], [34.206231, 0.211125], [34.207812, 0.213603], [34.208614, 0.215118], [34.208957, 0.21583], [34.209507, 0.216288], [34.210193, 0.216311], [34.210491, 0.217183]]}}, {"type": "Feature", "properties": {"name": "Namalasire", "length_km": 5.658, "dist_to_gulf_km": 32.803, "n_segments": 1}, "geometry": {"type": "LineString", "coordinates": [[34.316423, 0.293599], [34.316836, 0.294542], [34.316998, 0.295692], [34.317432, 0.296336], [34.31798, 0.296702], [34.318301, 0.297392], [34.319351, 0.297895], [34.319697, 0.299552], [34.319518, 0.301417], [34.319909, 0.303051], [34.320026, 0.304317], [34.320166, 0.305583], [34.320511, 0.30694], [34.320855, 0.308205], [34.320813, 0.309472], [34.320952, 0.310853], [34.320933, 0.31228], [34.320959, 0.313938], [34.320803, 0.315573], [34.320532, 0.317025], [34.320375, 0.318222], [34.3199, 0.319835], [34.319516, 0.321471], [34.318766, 0.322717], [34.318199, 0.324284], [34.316996, 0.326775], [34.316429, 0.32802], [34.31618, 0.329287], [34.316707, 0.330459], [34.317736, 0.331377], [34.318787, 0.332364], [34.319336, 0.333145], [34.320911, 0.334015], [34.322121, 0.334748], [34.323376, 0.335389], [34.324678, 0.336007], [34.326571, 0.336415]]}}, {"type": "Feature", "properties": {"name": "Diwour Ochindo", "length_km": 5.653, "dist_to_gulf_km": 0.0, "n_segments": 1}, "geometry": {"type": "LineString", "coordinates": [[34.485363, -0.504195], [34.486277, -0.504542], [34.487466, -0.505697], [34.487671, -0.506411], [34.487853, -0.507218], [34.487852, -0.508301], [34.488034, -0.508785], [34.488468, -0.509293], [34.488811, -0.510054], [34.48874, -0.51139], [34.489151, -0.512336], [34.489058, -0.513718], [34.488416, -0.514547], [34.487362, -0.51572], [34.487522, -0.516573], [34.487612, -0.51761], [34.487542, -0.518555], [34.488295, -0.520169], [34.488248, -0.521413], [34.488659, -0.522359], [34.489299, -0.522567], [34.489274, -0.524664], [34.488837, -0.52653], [34.489339, -0.527798], [34.489451, -0.529803], [34.489723, -0.531762], [34.490246, -0.534067], [34.49061, -0.536303], [34.490881, -0.539115], [34.49216, -0.540984], [34.493074, -0.542184], [34.494308, -0.54313], [34.497075, -0.544472], [34.498584, -0.545788], [34.500139, -0.546482], [34.500916, -0.546783]]}}, {"type": "Feature", "properties": {"name": "Kundos", "length_km": 5.639, "dist_to_gulf_km": 30.578, "n_segments": 1}, "geometry": {"type": "LineString", "coordinates": [[35.088414, 0.045638], [35.087617, 0.045432], [35.086729, 0.044607], [35.086296, 0.044447], [35.08575, 0.044907], [35.085136, 0.045045], [35.084294, 0.044862], [35.08302, 0.045598], [35.082133, 0.046356], [35.081997, 0.047159], [35.081678, 0.047641], [35.080814, 0.047894], [35.079197, 0.047529], [35.078174, 0.04831], [35.078129, 0.048952], [35.078106, 0.049962], [35.078084, 0.050765], [35.077834, 0.051614], [35.077107, 0.052716], [35.076606, 0.05329], [35.075947, 0.05368], [35.075014, 0.054186], [35.074263, 0.054783], [35.07374, 0.055013], [35.073444, 0.054945], [35.072715, 0.053684], [35.072145, 0.052927], [35.07153, 0.052125], [35.071439, 0.050886], [35.071211, 0.050198], [35.070322, 0.049144], [35.069548, 0.048548], [35.068661, 0.048274], [35.067477, 0.047656], [35.06479, 0.045915], [35.064084, 0.04486], [35.063424, 0.044173], [35.062899, 0.043003], [35.062444, 0.041926], [35.062147, 0.040412], [35.062146, 0.039288], [35.062168, 0.038164], [35.062418, 0.036879], [35.063031, 0.035043], [35.063303, 0.033069], [35.063621, 0.031257], [35.063825, 0.030866]]}}, {"type": "Feature", "properties": {"name": "Pudo", "length_km": 5.638, "dist_to_gulf_km": 3.503, "n_segments": 1}, "geometry": {"type": "LineString", "coordinates": [[34.690292, -0.504803], [34.691043, -0.505267], [34.691405, -0.506005], [34.691906, -0.506445], [34.692522, -0.506586], [34.692817, -0.506979], [34.693478, -0.507373], [34.694252, -0.507791], [34.694935, -0.508393], [34.695641, -0.508673], [34.69637, -0.509159], [34.697625, -0.509419], [34.698399, -0.50986], [34.69922, -0.510256], [34.699903, -0.510627], [34.700859, -0.511414], [34.701817, -0.511626], [34.703385, -0.513337], [34.704294, -0.514422], [34.704495, -0.515665], [34.704419, -0.51755], [34.70478, -0.518541], [34.704889, -0.51999], [34.705088, -0.52144], [34.705832, -0.523882], [34.705643, -0.525399], [34.705821, -0.526664], [34.707047, -0.52835], [34.708939, -0.529188], [34.710833, -0.529244], [34.713551, -0.529097], [34.717157, -0.529416], [34.719303, -0.529335], [34.721376, -0.530565], [34.722943, -0.532643], [34.723693, -0.533659]]}}, {"type": "Feature", "properties": {"name": "Ombulud", "length_km": 5.61, "dist_to_gulf_km": 0.117, "n_segments": 1}, "geometry": {"type": "LineString", "coordinates": [[34.363203, -0.117721], [34.362157, -0.117186], [34.36134, -0.116398], [34.360001, -0.115354], [34.358591, -0.114793], [34.357433, -0.114073], [34.356569, -0.113653], [34.35557, -0.113118], [34.354207, -0.112327], [34.353321, -0.111631], [34.351595, -0.110355], [34.350414, -0.109565], [34.349258, -0.107969], [34.348351, -0.106743], [34.347807, -0.106095], [34.347081, -0.105239], [34.346196, -0.104105], [34.345859, -0.102467], [34.346092, -0.100326], [34.345847, -0.098551], [34.346376, -0.096227], [34.346402, -0.094845], [34.346223, -0.093923], [34.345499, -0.092352], [34.344708, -0.090436], [34.344391, -0.089766], [34.34339, -0.089438], [34.341389, -0.088989], [34.340069, -0.08912], [34.338567, -0.089319], [34.33636, -0.089399], [34.334834, -0.089782], [34.332671, -0.090485], [34.331304, -0.091191]]}}, {"type": "Feature", "properties": {"name": "Ukhalakhala", "length_km": 5.608, "dist_to_gulf_km": 29.2, "n_segments": 1}, "geometry": {"type": "LineString", "coordinates": [[34.203183, 0.261491], [34.203041, 0.264167], [34.202177, 0.268022], [34.198176, 0.270977], [34.195922, 0.272052], [34.193691, 0.273058], [34.191529, 0.274203], [34.189389, 0.275346], [34.188051, 0.276739], [34.186282, 0.278526], [34.18468, 0.281464], [34.184146, 0.283543], [34.182462, 0.287934], [34.183455, 0.289472], [34.184159, 0.292188], [34.184049, 0.296269], [34.184142, 0.299727], [34.184888, 0.301981]]}}, {"type": "Feature", "properties": {"name": "Kipkwes", "length_km": 5.604, "dist_to_gulf_km": 38.531, "n_segments": 2}, "geometry": {"type": "MultiLineString", "coordinates": [[[35.250679, -0.278855], [35.251068, -0.279544], [35.251502, -0.280072], [35.251731, -0.280416], [35.252211, -0.281036], [35.252943, -0.281701], [35.253355, -0.282413], [35.253743, -0.282619], [35.253607, -0.283194], [35.253358, -0.283907], [35.253018, -0.284896], [35.254522, -0.284387], [35.254548, -0.285904], [35.254139, -0.286572], [35.25462, -0.287329], [35.255033, -0.288478], [35.25645, -0.289808], [35.257341, -0.290795], [35.25773, -0.291185], [35.25773, -0.291208]], [[35.250207, -0.248433], [35.249387, -0.250019], [35.249933, -0.250389], [35.249384, -0.250616], [35.248145, -0.251828], [35.248048, -0.252976], [35.247997, -0.254009], [35.247512, -0.255087], [35.247392, -0.256143], [35.247252, -0.256808], [35.247086, -0.258048], [35.247172, -0.259059], [35.246981, -0.260552], [35.246494, -0.262112], [35.246282, -0.263374], [35.246046, -0.264774], [35.246271, -0.265396], [35.24745, -0.266849], [35.248425, -0.268072], [35.24887, -0.27028], [35.248774, -0.271129], [35.248862, -0.271888], [35.24872, -0.272783], [35.24899, -0.273497], [35.249468, -0.273798], [35.249487, -0.274487], [35.249666, -0.275131], [35.249778, -0.275591], [35.250025, -0.27642], [35.250227, -0.27711], [35.250225, -0.277432], [35.250679, -0.278855]]]}}, {"type": "Feature", "properties": {"name": "Uava", "length_km": 5.589, "dist_to_gulf_km": 40.577, "n_segments": 2}, "geometry": {"type": "MultiLineString", "coordinates": [[[34.218756, -0.916701], [34.220473, -0.917], [34.221412, -0.918198], [34.221756, -0.919349], [34.224114, -0.921144], [34.226312, -0.922249], [34.22812, -0.922709], [34.229791, -0.922593], [34.230936, -0.922064], [34.232767, -0.920521], [34.23469, -0.919392], [34.236384, -0.91824], [34.238147, -0.917941], [34.240276, -0.917986], [34.241673, -0.918561], [34.243001, -0.919114], [34.244328, -0.91863], [34.246526, -0.916258], [34.248746, -0.9146], [34.249433, -0.913333], [34.250692, -0.912458]], [[34.250692, -0.912458], [34.251487, -0.911945], [34.252169, -0.911414], [34.252716, -0.911366], [34.253056, -0.910561], [34.25369, -0.909502], [34.2546, -0.908694], [34.255305, -0.908164], [34.256557, -0.907655], [34.25799, -0.906593], [34.258559, -0.906178], [34.259376, -0.905164]]]}}, {"type": "Feature", "properties": {"name": "Arese", "length_km": 5.553, "dist_to_gulf_km": 0.66, "n_segments": 1}, "geometry": {"type": "LineString", "coordinates": [[34.360887, -0.140455], [34.360767, -0.141653], [34.360556, -0.142989], [34.359912, -0.144599], [34.359292, -0.146025], [34.358212, -0.148346], [34.357615, -0.149565], [34.35672, -0.151403], [34.356394, -0.153016], [34.356891, -0.153665], [34.357001, -0.154427], [34.356883, -0.155348], [34.356879, -0.156271], [34.357397, -0.157243], [34.357484, -0.158097], [34.358073, -0.158562], [34.358137, -0.159439], [34.358292, -0.160339], [34.358378, -0.161424], [34.35844, -0.162693], [34.359026, -0.16378], [34.35918, -0.164935], [34.360401, -0.166234], [34.360987, -0.167438], [34.361391, -0.168593], [34.361818, -0.169634], [34.36154, -0.170785], [34.361694, -0.171709], [34.362144, -0.172865], [34.362817, -0.174622], [34.363245, -0.175502], [34.36383, -0.176797], [34.363847, -0.177996], [34.362927, -0.180273], [34.362377, -0.181238], [34.361576, -0.18234], [34.361138, -0.183651], [34.360781, -0.187039]]}}, {"type": "Feature", "properties": {"name": "Kaboswa (Kipsabet)", "length_km": 5.544, "dist_to_gulf_km": 35.83, "n_segments": 1}, "geometry": {"type": "LineString", "coordinates": [[35.248591, -0.271197], [35.248043, -0.271424], [35.247305, -0.272868], [35.246593, -0.273714], [35.245883, -0.274101], [35.245017, -0.273936], [35.244147, -0.27446], [35.243186, -0.274914], [35.24211, -0.27546], [35.241356, -0.275755], [35.240301, -0.276645], [35.239614, -0.277055], [35.238607, -0.277693], [35.237783, -0.278102], [35.236844, -0.278649], [35.235791, -0.279218], [35.234853, -0.279718], [35.234553, -0.28036], [35.234098, -0.280128], [35.233662, -0.280608], [35.232172, -0.281749], [35.230819, -0.283052], [35.230037, -0.284082], [35.229323, -0.285273], [35.228446, -0.287221], [35.228006, -0.288367], [35.227288, -0.290477], [35.226797, -0.292634], [35.226445, -0.294585], [35.225613, -0.296534], [35.224372, -0.298205], [35.223016, -0.299944], [35.221984, -0.300857], [35.220975, -0.301863], [35.220514, -0.302642], [35.220419, -0.303285], [35.219704, -0.30482], [35.219607, -0.305831], [35.21958, -0.306658], [35.219393, -0.307484]]}}, {"type": "Feature", "properties": {"name": "Ageng'a", "length_km": 5.532, "dist_to_gulf_km": 1.903, "n_segments": 2}, "geometry": {"type": "MultiLineString", "coordinates": [[[34.658214, -0.498997], [34.657859, -0.498272], [34.657128, -0.497971], [34.656694, -0.497417], [34.655962, -0.497369], [34.655115, -0.497528], [34.654497, -0.497711], [34.654017, -0.497526], [34.653628, -0.497825], [34.653171, -0.497455], [34.65285, -0.497938], [34.652094, -0.498005], [34.651523, -0.497843], [34.650791, -0.497772], [34.64983, -0.497678], [34.64944, -0.498552], [34.648776, -0.498505], [34.648502, -0.498135], [34.648022, -0.498204], [34.647358, -0.49864], [34.646603, -0.498339], [34.645345, -0.498174], [34.644202, -0.497388], [34.643837, -0.496834], [34.643678, -0.496142], [34.643222, -0.49545]], [[34.658214, -0.498997], [34.65901, -0.499806], [34.659741, -0.499649], [34.660857, -0.500345], [34.661676, -0.501154], [34.661926, -0.501294], [34.662908, -0.501184], [34.663936, -0.501166], [34.664687, -0.501653], [34.665691, -0.501912], [34.666607, -0.501273], [34.667223, -0.501207], [34.668184, -0.500706], [34.669485, -0.500874], [34.67115, -0.501251], [34.672063, -0.501463], [34.672818, -0.501053], [34.674505, -0.501568], [34.676284, -0.502038], [34.677609, -0.501976], [34.679024, -0.502121], [34.680277, -0.502703], [34.681371, -0.503215], [34.682739, -0.503544], [34.683858, -0.503665], [34.684588, -0.503669], [34.685637, -0.50402], [34.686844, -0.504785]]]}}, {"type": "Feature", "properties": {"name": "Odero (Aora Kachie)", "length_km": 5.515, "dist_to_gulf_km": 2.828, "n_segments": 1}, "geometry": {"type": "LineString", "coordinates": [[34.926048, -0.305124], [34.925268, -0.307082], [34.924397, -0.308395], [34.92403, -0.309731], [34.923089, -0.311919], [34.922607, -0.313531], [34.921896, -0.31519], [34.921941, -0.315973], [34.923199, -0.316298], [34.924366, -0.316991], [34.925715, -0.318145], [34.926537, -0.319737], [34.92688, -0.320428], [34.926856, -0.321212], [34.927451, -0.321812], [34.928137, -0.321997], [34.928823, -0.322805], [34.929692, -0.323175], [34.930584, -0.32373], [34.930926, -0.325136], [34.930856, -0.326726], [34.930741, -0.32797], [34.930602, -0.329652], [34.930967, -0.33069], [34.931767, -0.331429], [34.931926, -0.33242], [34.932131, -0.333527], [34.932131, -0.33431], [34.932038, -0.335485], [34.932357, -0.336961], [34.932333, -0.338459], [34.932468, -0.340095], [34.933222, -0.341594], [34.933747, -0.3439], [34.933883, -0.345098], [34.93395, -0.346274], [34.934085, -0.348625]]}}, {"type": "Feature", "properties": {"name": "Awach kano (Reresik)", "length_km": 5.483, "dist_to_gulf_km": 6.355, "n_segments": 1}, "geometry": {"type": "LineString", "coordinates": [[34.977952, -0.248698], [34.977621, -0.24862], [34.97601, -0.248265], [34.974996, -0.24718], [34.97439, -0.246097], [34.974012, -0.245016], [34.974002, -0.24341], [34.972841, -0.240579], [34.971551, -0.239837], [34.970311, -0.238589], [34.969653, -0.23847], [34.968925, -0.238534], [34.968701, -0.238051], [34.967587, -0.238182], [34.967388, -0.237354], [34.965818, -0.237573], [34.964714, -0.236396], [34.963584, -0.235493], [34.962728, -0.234501], [34.962504, -0.234132], [34.961841, -0.234587], [34.960026, -0.234116], [34.959781, -0.233495], [34.959945, -0.232808], [34.958229, -0.23142], [34.956444, -0.230031], [34.954677, -0.22917], [34.953072, -0.228104], [34.951962, -0.227569], [34.949697, -0.226613], [34.947457, -0.225176], [34.945759, -0.224385], [34.944175, -0.223479], [34.941917, -0.221742]]}}, {"type": "Feature", "properties": {"name": "Ngenju", "length_km": 5.481, "dist_to_gulf_km": 59.104, "n_segments": 1}, "geometry": {"type": "LineString", "coordinates": [[35.293721, 0.157502], [35.294405, 0.157456], [35.294998, 0.157708], [35.295386, 0.158029], [35.295819, 0.158418], [35.29648, 0.158579], [35.297073, 0.158991], [35.297415, 0.160023], [35.298008, 0.160802], [35.29835, 0.1611], [35.298214, 0.162017], [35.299035, 0.163736], [35.3, 0.16482363237518632]]}}, {"type": "Feature", "properties": {"name": "Rarieda", "length_km": 5.46, "dist_to_gulf_km": 0.0, "n_segments": 1}, "geometry": {"type": "LineString", "coordinates": [[34.511952, -0.473894], [34.512316, -0.475393], [34.51316, -0.47687], [34.513798, -0.478485], [34.514643, -0.479432], [34.515579, -0.480563], [34.516928, -0.481719], [34.518002, -0.482044], [34.519902, -0.481519], [34.521823, -0.48203], [34.522648, -0.481525], [34.524272, -0.481506], [34.525439, -0.48137], [34.526149, -0.481141], [34.527958, -0.48027], [34.52892, -0.479765], [34.529743, -0.479559], [34.530477, -0.478409], [34.532149, -0.477836], [34.534117, -0.47738], [34.535285, -0.476461], [34.535904, -0.475679], [34.536409, -0.47455], [34.536572, -0.47303], [34.537558, -0.471326], [34.537925, -0.470705], [34.538177, -0.470521], [34.5401, -0.470203], [34.541381, -0.470344], [34.54312, -0.469772], [34.544037, -0.469014], [34.545251, -0.468141], [34.546625, -0.467383], [34.547883, -0.467386], [34.549095, -0.467481], [34.549828, -0.466907]]}}, {"type": "Feature", "properties": {"name": "Rawuo", "length_km": 5.46, "dist_to_gulf_km": 0.119, "n_segments": 1}, "geometry": {"type": "LineString", "coordinates": [[34.14441, -0.055938], [34.146816, -0.054878], [34.149375, -0.054648], [34.151513, -0.055817], [34.153379, -0.056823], [34.154607, -0.057455], [34.15631, -0.05885], [34.158017, -0.059601], [34.160136, -0.060287], [34.162206, -0.061432], [34.164847, -0.06256], [34.166482, -0.063885], [34.167572, -0.064654], [34.168325, -0.064775], [34.169531, -0.065407], [34.171892, -0.067383], [34.172704, -0.068747], [34.173172, -0.070338], [34.174831, -0.071549], [34.175685, -0.07335], [34.176319, -0.074138], [34.177802, -0.074289], [34.178784, -0.074413], [34.180425, -0.074726], [34.18238, -0.075986], [34.183632, -0.076641], [34.185158, -0.077206], [34.185157, -0.077229]]}}, {"type": "Feature", "properties": {"name": "Oboro", "length_km": 5.427, "dist_to_gulf_km": 0.108, "n_segments": 1}, "geometry": {"type": "LineString", "coordinates": [[34.54691, -0.460608], [34.547527, -0.460632], [34.548146, -0.460311], [34.548969, -0.460198], [34.549085, -0.459622], [34.550276, -0.458334], [34.551376, -0.457161], [34.551744, -0.455917], [34.552318, -0.454743], [34.552915, -0.453708], [34.552709, -0.4535], [34.553054, -0.45221], [34.553628, -0.451404], [34.554132, -0.450553], [34.554339, -0.449862], [34.554294, -0.449193], [34.554274, -0.447857], [34.554641, -0.446889], [34.555581, -0.445808], [34.557049, -0.443507], [34.559822, -0.440586], [34.56083, -0.439344], [34.561381, -0.438147], [34.561955, -0.436789], [34.562323, -0.436144], [34.563239, -0.435247], [34.564019, -0.433843], [34.564135, -0.433244], [34.563976, -0.432069], [34.56414, -0.429925], [34.564371, -0.428174], [34.564763, -0.426239], [34.565452, -0.424766], [34.56582, -0.423176], [34.566348, -0.422141], [34.5677, -0.42113], [34.568386, -0.420901], [34.569371, -0.420765]]}}, {"type": "Feature", "properties": {"name": "wuroya", "length_km": 5.427, "dist_to_gulf_km": 17.16, "n_segments": 1}, "geometry": {"type": "LineString", "coordinates": [[34.215372, 0.163474], [34.217109, 0.162576], [34.217383, 0.161771], [34.217222, 0.160922], [34.217907, 0.16037], [34.218685, 0.160598], [34.218937, 0.161172], [34.219715, 0.161768], [34.220149, 0.160596], [34.220857, 0.16009], [34.222161, 0.16041], [34.222778, 0.16034], [34.223006, 0.159995], [34.222663, 0.159376], [34.222822, 0.158939], [34.223233, 0.15841], [34.223942, 0.158639], [34.224766, 0.1585], [34.225131, 0.158362], [34.226115, 0.158452], [34.226846, 0.157877], [34.227577, 0.156934], [34.227667, 0.156015], [34.227551, 0.154844], [34.228031, 0.154108], [34.228922, 0.153878], [34.229883, 0.15367], [34.230088, 0.153026], [34.230636, 0.152244], [34.231116, 0.15229], [34.232008, 0.152794], [34.233403, 0.152424], [34.234934, 0.15132], [34.236465, 0.15033], [34.236671, 0.151088], [34.237907, 0.151615], [34.238615, 0.150947], [34.239278, 0.150533], [34.240605, 0.151795], [34.241498, 0.15246], [34.242847, 0.152274], [34.243945, 0.152824], [34.245774, 0.152477], [34.246871, 0.151786], [34.247969, 0.152037], [34.248518, 0.152818], [34.248931, 0.153391], [34.249799, 0.152908], [34.250599, 0.152379]]}}, {"type": "Feature", "properties": {"name": "Nyagombro", "length_km": 5.353, "dist_to_gulf_km": 4.317, "n_segments": 1}, "geometry": {"type": "LineString", "coordinates": [[34.528325, -0.109536], [34.527093, -0.108449], [34.525747, -0.1075], [34.524514, -0.106736], [34.524035, -0.105859], [34.523329, -0.104889], [34.522233, -0.104126], [34.52148, -0.103432], [34.521118, -0.101356], [34.52128, -0.100066], [34.521282, -0.098452], [34.520828, -0.096907], [34.520853, -0.095178], [34.521175, -0.093888], [34.520948, -0.092919], [34.520105, -0.091649], [34.519398, -0.090518], [34.518899, -0.088765], [34.518535, -0.087334], [34.51792, -0.086134], [34.51742, -0.084611], [34.517103, -0.082997], [34.516648, -0.081382], [34.516535, -0.080552], [34.516583, -0.079584], [34.516837, -0.077856], [34.517228, -0.076013], [34.517024, -0.074929], [34.517209, -0.073984], [34.517394, -0.072671], [34.517123, -0.070595], [34.51724, -0.068821], [34.517218, -0.068106], [34.517197, -0.066977], [34.517152, -0.066331], [34.516902, -0.065616]]}}, {"type": "Feature", "properties": {"name": "Maira", "length_km": 5.324, "dist_to_gulf_km": 45.594, "n_segments": 1}, "geometry": {"type": "LineString", "coordinates": [[34.59874089877642, 0.4], [34.599, 0.399646], [34.599794, 0.398631], [34.600247, 0.398008], [34.60232, 0.39715], [34.604167, 0.396751], [34.605697, 0.396975], [34.607086, 0.396119], [34.607973, 0.395587], [34.608656, 0.395193], [34.609956, 0.395027], [34.610708, 0.394794], [34.611443, 0.395642], [34.613446, 0.394554], [34.615473, 0.393695], [34.616659, 0.393414], [34.618529, 0.393062], [34.61924, 0.39368], [34.62055, 0.395538], [34.621101, 0.396202], [34.621969, 0.396406]]}}, {"type": "Feature", "properties": {"name": "Rabour", "length_km": 5.318, "dist_to_gulf_km": 0.185, "n_segments": 1}, "geometry": {"type": "LineString", "coordinates": [[34.599403, -0.381586], [34.599174, -0.381977], [34.599151, -0.382231], [34.598875, -0.382921], [34.598898, -0.383221], [34.599034, -0.383705], [34.598736, -0.384142], [34.598621, -0.384419], [34.599535, -0.385089], [34.599443, -0.385619], [34.59951, -0.38638], [34.599554, -0.387578], [34.599621, -0.388501], [34.599597, -0.389584], [34.599412, -0.39092], [34.59893, -0.391887], [34.597487, -0.39269], [34.596502, -0.393518], [34.595791, -0.394438], [34.595583, -0.395636], [34.595238, -0.397133], [34.594915, -0.39863], [34.595004, -0.400405], [34.595162, -0.401373], [34.594978, -0.402479], [34.594701, -0.403862], [34.594287, -0.405151], [34.593599, -0.406417], [34.592567, -0.408166], [34.591786, -0.409732], [34.591396, -0.410607], [34.590891, -0.41155], [34.590775, -0.412472], [34.590819, -0.413924], [34.590817, -0.4151], [34.59109, -0.416207], [34.591911, -0.417822], [34.592321, -0.418699], [34.59287, -0.419138], [34.593554, -0.420292], [34.594033, -0.421537], [34.594191, -0.422828], [34.594258, -0.423866], [34.594211, -0.424834], [34.594256, -0.425272]]}}, {"type": "Feature", "properties": {"name": "Chemagonja", "length_km": 5.293, "dist_to_gulf_km": 34.182, "n_segments": 1}, "geometry": {"type": "LineString", "coordinates": [[35.000568, 0.178424], [35.000803, 0.179731], [35.001172, 0.180602], [35.001902, 0.181033], [35.00229, 0.181237], [35.003228, 0.182172], [35.003553, 0.183134], [35.003922, 0.184096], [35.003788, 0.184419], [35.003929, 0.185291], [35.004484, 0.186894], [35.005352, 0.187486], [35.006039, 0.188285], [35.006593, 0.189544], [35.007216, 0.191032], [35.007656, 0.192453], [35.008303, 0.194057], [35.008422, 0.19502], [35.00802, 0.196217], [35.007688, 0.197827], [35.007924, 0.199364], [35.007819, 0.200766], [35.007463, 0.202078], [35.007315, 0.203985], [35.007532, 0.206165], [35.006942, 0.206399], [35.006356, 0.207276], [35.006045, 0.208564], [35.004779, 0.209767], [35.004262, 0.21085], [35.003773, 0.212759], [35.003761, 0.214551], [35.00336, 0.215955], [35.002684, 0.217108], [35.001665, 0.217895], [35.001104, 0.219117], [35.000972, 0.219921], [35.000593, 0.221233]]}}, {"type": "Feature", "properties": {"name": "Ainapkosabek (Kafkigun)", "length_km": 5.284, "dist_to_gulf_km": 25.193, "n_segments": 1}, "geometry": {"type": "LineString", "coordinates": [[35.084342, -0.526346], [35.085319, -0.526304], [35.085112, -0.52736], [35.085406, -0.527798], [35.085973, -0.528168], [35.086106, -0.529065], [35.086536, -0.529848], [35.087513, -0.529944], [35.089012, -0.530227], [35.089668, -0.531149], [35.090802, -0.531705], [35.091391, -0.532351], [35.092095, -0.532377], [35.092593, -0.533068], [35.093549, -0.532521], [35.094756, -0.531699], [35.096234, -0.5312], [35.096984, -0.531089], [35.097917, -0.530794], [35.098894, -0.530821], [35.100393, -0.531012], [35.102257, -0.530836], [35.10371, -0.531072], [35.105461, -0.530804], [35.106871, -0.530236], [35.107804, -0.529804], [35.109761, -0.528778], [35.111195, -0.528003], [35.112992, -0.527276], [35.114105, -0.527465], [35.114762, -0.527973], [35.116512, -0.52782], [35.117444, -0.527824], [35.118443, -0.528081], [35.119852, -0.527995], [35.120895, -0.528506], [35.122167, -0.52881], [35.123623, -0.528288], [35.124804, -0.528316], [35.125849, -0.528366]]}}, {"type": "Feature", "properties": {"name": "Kioge", "length_km": 5.281, "dist_to_gulf_km": 18.855, "n_segments": 1}, "geometry": {"type": "LineString", "coordinates": [[34.766513, -0.62148], [34.768383, -0.623301], [34.769299, -0.62481], [34.770248, -0.625513], [34.771786, -0.6265], [34.772595, -0.627501], [34.773423, -0.62871], [34.774184, -0.629825], [34.774159, -0.631806], [34.775206, -0.633823], [34.776144, -0.635378], [34.777484, -0.635857], [34.778103, -0.637408], [34.77816, -0.638261], [34.779587, -0.639062], [34.780871, -0.640369], [34.782109, -0.641652], [34.783372, -0.642728], [34.784642, -0.643366], [34.786051, -0.643707], [34.786707, -0.644176], [34.787933, -0.644607], [34.789358, -0.64557], [34.789946, -0.6459], [34.790876, -0.646304], [34.792004, -0.647286], [34.792678, -0.648147], [34.792064, -0.64982], [34.791481, -0.650826], [34.791646, -0.652164], [34.791834, -0.653571], [34.791882, -0.655161], [34.791962, -0.656083]]}}, {"type": "Feature", "properties": {"name": "Nyadhingo", "length_km": 5.268, "dist_to_gulf_km": 11.405, "n_segments": 1}, "geometry": {"type": "MultiLineString", "coordinates": [[[34.607025, -0.631001], [34.607061, -0.630934]], [[34.607061, -0.630934], [34.607684, -0.629756], [34.608594, -0.629017], [34.609983, -0.627724], [34.610713, -0.627884], [34.612537, -0.627465], [34.614132, -0.626909], [34.615477, -0.62663], [34.61689, -0.626258], [34.617893, -0.625864], [34.618826, -0.625102], [34.620147, -0.62404], [34.598304, -0.627748], [34.600177, -0.628827], [34.602552, -0.629882], [34.604081, -0.630178], [34.605451, -0.630659], [34.606432, -0.630772], [34.607061, -0.630934]], [[34.607061, -0.630934], [34.607139, -0.630955], [34.607025, -0.631001]]]}}, {"type": "Feature", "properties": {"name": "Aora Chak", "length_km": 5.249, "dist_to_gulf_km": 1.97, "n_segments": 1}, "geometry": {"type": "LineString", "coordinates": [[34.633564, -0.49916], [34.634522, -0.500243], [34.63459, -0.500911], [34.634931, -0.501809], [34.635227, -0.502569], [34.635934, -0.503537], [34.635773, -0.504802], [34.63504, -0.506089], [34.634377, -0.507054], [34.634353, -0.507721], [34.634489, -0.508733], [34.634124, -0.508871], [34.633712, -0.509284], [34.633483, -0.50949], [34.632889, -0.509696], [34.6325, -0.510293], [34.631792, -0.510844], [34.631402, -0.511901], [34.630808, -0.512613], [34.630579, -0.513118], [34.630738, -0.513602], [34.630875, -0.513648], [34.630508, -0.514706], [34.630371, -0.515373], [34.629593, -0.51659], [34.629387, -0.517119], [34.629043, -0.517854], [34.628882, -0.518544], [34.628722, -0.519303], [34.628607, -0.519809], [34.628675, -0.520407], [34.628902, -0.520983], [34.628628, -0.521673], [34.628147, -0.522569], [34.628581, -0.522777], [34.62874, -0.523445], [34.628419, -0.524594], [34.628258, -0.525675], [34.628005, -0.526802], [34.627684, -0.527538], [34.627432, -0.528664], [34.627065, -0.530228], [34.626789, -0.531815], [34.626719, -0.532528], [34.62649, -0.533218], [34.626056, -0.533424], [34.625461, -0.534458], [34.624958, -0.535078], [34.624386, -0.536204], [34.62427, -0.537584], [34.624017, -0.53878], [34.623468, -0.539768], [34.623033, -0.540595], [34.623238, -0.54124]]}}, {"type": "Feature", "properties": {"name": "Gesima", "length_km": 5.248, "dist_to_gulf_km": 30.229, "n_segments": 1}, "geometry": {"type": "LineString", "coordinates": [[34.955589, -0.683978], [34.957587, -0.684558], [34.958929, -0.684784], [34.96139, -0.684888], [34.963722, -0.686049], [34.966286, -0.686936], [34.968444, -0.687519], [34.971621, -0.688599], [34.973836, -0.689943], [34.976399, -0.690853], [34.979572, -0.690645], [34.981996, -0.690126], [34.984237, -0.689675], [34.985338, -0.689276], [34.986799, -0.687593], [34.988663, -0.686376], [34.991154, -0.68602], [34.994352, -0.685628], [34.997104, -0.684516], [34.998638, -0.6841], [34.999804, -0.683886]]}}, {"type": "Feature", "properties": {"name": "Mokong", "length_km": 5.237, "dist_to_gulf_km": 45.775, "n_segments": 1}, "geometry": {"type": "LineString", "coordinates": [[35.159283, 0.1444], [35.16031, 0.14499], [35.160904, 0.145376], [35.161928, 0.145484], [35.162817, 0.14596], [35.163549, 0.146598], [35.164144, 0.147214], [35.16492, 0.147737], [35.165353, 0.14778], [35.166403, 0.148485], [35.168048, 0.149736], [35.169937, 0.149953], [35.171281, 0.15038], [35.171966, 0.150904], [35.173085, 0.151539], [35.174497, 0.152011], [35.175365, 0.152557], [35.1766, 0.153788], [35.177333, 0.154587], [35.178224, 0.155224], [35.178703, 0.155611], [35.179707, 0.156155], [35.18042, 0.157505], [35.181153, 0.158304], [35.182699, 0.15827], [35.184797, 0.159266], [35.185756, 0.159948], [35.186692, 0.160516], [35.187013, 0.160927], [35.187767, 0.161565], [35.189639, 0.1627], [35.190638, 0.162464], [35.191161, 0.162368], [35.191932, 0.162087], [35.192566, 0.161578], [35.19316, 0.162079], [35.194009, 0.163359], [35.19635, 0.163044], [35.197146, 0.163062], [35.198079, 0.163101], [35.1989, 0.163578]]}}, {"type": "Feature", "properties": {"name": "Thoimbili", "length_km": 5.234, "dist_to_gulf_km": 23.51, "n_segments": 1}, "geometry": {"type": "LineString", "coordinates": [[35.078534, -0.507755], [35.079196, -0.507], [35.07947, -0.506564], [35.080402, -0.506293], [35.081356, -0.506274], [35.082561, -0.506302], [35.083288, -0.506237], [35.083741, -0.506721], [35.084604, -0.506955], [35.085468, -0.506637], [35.086127, -0.506801], [35.087307, -0.50699], [35.088103, -0.506924], [35.08892, -0.507272], [35.08919, -0.508216], [35.090076, -0.508059], [35.090715, -0.507395], [35.091239, -0.506708], [35.091783, -0.507354], [35.09242, -0.507127], [35.093717, -0.506512], [35.094377, -0.506079], [35.095355, -0.50583], [35.096287, -0.505398], [35.097469, -0.505334], [35.098037, -0.505566], [35.098082, -0.505567], [35.099221, -0.504699], [35.100175, -0.504841], [35.101198, -0.504432], [35.101902, -0.504595], [35.102426, -0.504069], [35.10354, -0.504051], [35.104086, -0.503847], [35.104926, -0.504103], [35.105586, -0.503486], [35.106293, -0.502823], [35.107066, -0.502665], [35.107701, -0.502944], [35.108541, -0.503177], [35.10945, -0.503089], [35.109701, -0.5027], [35.110223, -0.502886], [35.111156, -0.502499], [35.111677, -0.503099], [35.113356, -0.503888], [35.114741, -0.504376], [35.116034, -0.50491], [35.117282, -0.505421], [35.118395, -0.505702], [35.119143, -0.506303], [35.11955, -0.506856]]}}, {"type": "Feature", "properties": {"name": "Kibara", "length_km": 5.218, "dist_to_gulf_km": 36.641, "n_segments": 1}, "geometry": {"type": "LineString", "coordinates": [[35.093494, -0.695817], [35.09342, -0.696851], [35.093167, -0.69731], [35.09246, -0.697696], [35.091797, -0.698336], [35.091204, -0.698631], [35.090227, -0.698373], [35.089703, -0.698645], [35.089042, -0.69894], [35.08865, -0.699812], [35.087534, -0.700104], [35.086011, -0.700003], [35.08419, -0.700222], [35.083414, -0.700608], [35.082234, -0.700187], [35.081485, -0.699906], [35.080735, -0.699649], [35.079942, -0.699092], [35.078489, -0.698692], [35.077171, -0.698339], [35.075784, -0.698354], [35.074325, -0.69892], [35.072935, -0.699417], [35.070522, -0.699679], [35.068704, -0.69946], [35.067434, -0.698809], [35.065434, -0.69836], [35.064293, -0.699066], [35.062561, -0.699722], [35.061442, -0.700451], [35.061009, -0.700724], [35.060079, -0.700236], [35.058441, -0.700226], [35.057666, -0.700474], [35.056297, -0.701248], [35.054953, -0.701585], [35.054045, -0.70128], [35.052862, -0.701434], [35.051495, -0.701839], [35.051131, -0.701768]]}}, {"type": "Feature", "properties": {"name": "Aora Owade", "length_km": 5.186, "dist_to_gulf_km": 4.502, "n_segments": 1}, "geometry": {"type": "LineString", "coordinates": [[34.750417, -0.490106], [34.751553, -0.489055], [34.752308, -0.48908], [34.753659, -0.489175], [34.754415, -0.48897], [34.756361, -0.488836], [34.757437, -0.488792], [34.758398, -0.488979], [34.759818, -0.488659], [34.761604, -0.488663], [34.763527, -0.48816], [34.765841, -0.487381], [34.768039, -0.486925], [34.769596, -0.486352], [34.771795, -0.48518], [34.773376, -0.484399], [34.774269, -0.483894], [34.775506, -0.483182], [34.776307, -0.483322], [34.777407, -0.482886], [34.778826, -0.48282], [34.780497, -0.483124], [34.782535, -0.483359], [34.783839, -0.483547], [34.785557, -0.483366], [34.787732, -0.483141], [34.789266, -0.483029], [34.790868, -0.483102], [34.792058, -0.483497], [34.793546, -0.483915], [34.794278, -0.484032], [34.795057, -0.484219]]}}, {"type": "Feature", "properties": {"name": "Madele masany", "length_km": 5.149, "dist_to_gulf_km": 34.626, "n_segments": 1}, "geometry": {"type": "LineString", "coordinates": [[34.165801, 0.353635], [34.166385, 0.352179], [34.16697, 0.350815], [34.168217, 0.349516], [34.17153, 0.346335], [34.172847, 0.345081], [34.174413, 0.343618], [34.175251, 0.342598], [34.175308, 0.340869], [34.175114, 0.339233], [34.175495, 0.33824], [34.175351, 0.337111], [34.175067, 0.335706], [34.174779, 0.333726], [34.174383, 0.332552], [34.173867, 0.330573], [34.173537, 0.329031], [34.172843, 0.32779], [34.171458, 0.325725], [34.1712, 0.324643], [34.170824, 0.323055], [34.170635, 0.322134], [34.170877, 0.320887], [34.170982, 0.319411], [34.171155, 0.318096], [34.171171, 0.317058], [34.169724, 0.315892], [34.169105, 0.315504], [34.168322, 0.314564], [34.168061, 0.313206]]}}, {"type": "Feature", "properties": {"name": "Madiany", "length_km": 5.146, "dist_to_gulf_km": 2.342, "n_segments": 1}, "geometry": {"type": "LineString", "coordinates": [[34.330428, -0.256066], [34.330236, -0.257775], [34.329099, -0.25924], [34.329427, -0.260817], [34.328396, -0.262047], [34.328251, -0.263134], [34.32696, -0.263429], [34.326972, -0.265109], [34.325976, -0.266684], [34.324536, -0.268618], [34.324681, -0.270201], [34.324989, -0.272515], [34.325888, -0.274787], [34.326722, -0.277153], [34.325877, -0.27916], [34.325014, -0.280615], [34.324034, -0.281982], [34.323583, -0.28347], [34.323581, -0.286093], [34.324516, -0.288732], [34.325201, -0.290757], [34.326265, -0.292517], [34.327172, -0.294351], [34.328116, -0.295931], [34.329504, -0.297128]]}}, {"type": "Feature", "properties": {"name": "Kapsigiroi", "length_km": 5.143, "dist_to_gulf_km": 30.59, "n_segments": 1}, "geometry": {"type": "LineString", "coordinates": [[35.166795, -0.189676], [35.16773, -0.189861], [35.168231, -0.189908], [35.1683, -0.190322], [35.167844, -0.19062], [35.167798, -0.191563], [35.168254, -0.192622], [35.16855, -0.193105], [35.16855, -0.19368], [35.168391, -0.194071], [35.168003, -0.194461], [35.167433, -0.194944], [35.16741, -0.196002], [35.168345, -0.197222], [35.168413, -0.197498], [35.16782, -0.198762], [35.167888, -0.199383], [35.16896, -0.200189], [35.169986, -0.200075], [35.17051, -0.201226], [35.17165, -0.201526], [35.173497, -0.202701], [35.17466, -0.203254], [35.176461, -0.204221], [35.17735, -0.204682], [35.177783, -0.205212], [35.178718, -0.205098], [35.17963, -0.205283], [35.180975, -0.205031], [35.181454, -0.204664], [35.18264, -0.205217], [35.18419, -0.204804], [35.186197, -0.204599], [35.187975, -0.204394], [35.189799, -0.203775], [35.191076, -0.203638], [35.192262, -0.203778], [35.193265, -0.20417], [35.194633, -0.204447], [35.195841, -0.204862], [35.196662, -0.205553], [35.198167, -0.207141]]}}, {"type": "Feature", "properties": {"name": "Kigoche", "length_km": 5.123, "dist_to_gulf_km": 6.718, "n_segments": 1}, "geometry": {"type": "LineString", "coordinates": [[34.924108, -0.135881], [34.924407, -0.136898], [34.925614, -0.136585], [34.926711, -0.135743], [34.927268, -0.134324], [34.927936, -0.133135], [34.929531, -0.132572], [34.930507, -0.132808], [34.931529, -0.132837], [34.932802, -0.132868], [34.934125, -0.13228], [34.935359, -0.131416], [34.937402, -0.131682], [34.938836, -0.131439], [34.940074, -0.130116], [34.941948, -0.128798], [34.942416, -0.127056], [34.941428, -0.125512], [34.941071, -0.124546], [34.942007, -0.124024], [34.943034, -0.12348], [34.944602, -0.12356], [34.94635, -0.123823], [34.949534, -0.123615], [34.951376, -0.123443], [34.952669, -0.12375], [34.954101, -0.123737], [34.955043, -0.122504], [34.956705, -0.122056], [34.956944, -0.120588], [34.956498, -0.119507]]}}, {"type": "Feature", "properties": {"name": "Misembe", "length_km": 5.111, "dist_to_gulf_km": 7.753, "n_segments": 1}, "geometry": {"type": "LineString", "coordinates": [[34.161727, -0.615754], [34.163711, -0.615893], [34.165103, -0.615971], [34.166584, -0.615955], [34.168047, -0.616261], [34.169738, -0.616634], [34.171773, -0.617233], [34.173696, -0.617948], [34.17609, -0.62013], [34.178438, -0.622151], [34.179566, -0.623196], [34.180198, -0.624638], [34.180497, -0.627049], [34.180475, -0.629211], [34.182269, -0.63064], [34.183731, -0.632947], [34.18401, -0.635565], [34.184579, -0.637605], [34.185118, -0.63891], [34.186365, -0.640368], [34.187062, -0.641602], [34.187561, -0.64346], [34.187693, -0.645045], [34.188394, -0.646647]]}}, {"type": "Feature", "properties": {"name": "Kipsiwa", "length_km": 5.069, "dist_to_gulf_km": 36.996, "n_segments": 1}, "geometry": {"type": "LineString", "coordinates": [[35.192678, 0.001507], [35.192605, 0.000411], [35.192904, 0.0], [35.193474, 4.9e-05], [35.194363, 0.000191], [35.19441, -0.000222], [35.194047, -0.000568], [35.193799, -0.001029], [35.193526, -0.001146], [35.193139, -0.001331], [35.193072, -0.001561], [35.193575, -0.00188], [35.193781, -0.00204], [35.193944, -0.002567], [35.194246, -0.003622], [35.194454, -0.004195], [35.195234, -0.004926], [35.195327, -0.005339], [35.194896, -0.005686], [35.193938, -0.005691], [35.192228, -0.00593], [35.191273, -0.006418], [35.19066, -0.006949], [35.190001, -0.007481], [35.189595, -0.00831], [35.189462, -0.009023], [35.189556, -0.00962], [35.189674, -0.010285], [35.189357, -0.010746], [35.188353, -0.010637], [35.186577, -0.011152], [35.185758, -0.011547], [35.18535, -0.012101], [35.184439, -0.012358], [35.183528, -0.012593], [35.182254, -0.01322], [35.181572, -0.013637], [35.180457, -0.01408], [35.17939, -0.015005], [35.17912, -0.015787], [35.179054, -0.01627], [35.178642, -0.015927], [35.17832, -0.015424], [35.177503, -0.016163], [35.177441, -0.017404], [35.177604, -0.018161], [35.177288, -0.018645], [35.176924, -0.018946], [35.176996, -0.019612], [35.176863, -0.020324], [35.176227, -0.020833], [35.175666, -0.022467], [35.1756, -0.022996], [35.175465, -0.023272], [35.174987, -0.023504], [35.174329, -0.024197], [35.173311, -0.026007]]}}, {"type": "Feature", "properties": {"name": "Nyaturubo", "length_km": 5.051, "dist_to_gulf_km": 35.11, "n_segments": 1}, "geometry": {"type": "LineString", "coordinates": [[34.828049, -0.764541], [34.828441, -0.763501], [34.829267, -0.762456], [34.829303, -0.761858], [34.829195, -0.760942], [34.830107, -0.759596], [34.831709, -0.758561], [34.833236, -0.757137], [34.833025, -0.756796], [34.833632, -0.756328], [34.834672, -0.755784], [34.835955, -0.754731], [34.837021, -0.753108], [34.838418, -0.752053], [34.839868, -0.75148], [34.84103, -0.751416], [34.842453, -0.750614], [34.843828, -0.750937], [34.844964, -0.751998], [34.846166, -0.752921], [34.847789, -0.753103], [34.849067, -0.753129], [34.850402, -0.752489], [34.851302, -0.75174], [34.852214, -0.751726], [34.853249, -0.752192], [34.854918, -0.752442], [34.856384, -0.752764], [34.85835, -0.753009], [34.859892, -0.752435], [34.861293, -0.751678], [34.862876, -0.750896], [34.864326, -0.750323]]}}, {"type": "Feature", "properties": {"name": "Okuta", "length_km": 5.033, "dist_to_gulf_km": 28.486, "n_segments": 1}, "geometry": {"type": "LineString", "coordinates": [[34.171472, -0.841882], [34.17431, -0.839583], [34.175364, -0.837835], [34.177218, -0.836686], [34.179852, -0.833512], [34.181456, -0.831396], [34.181871, -0.82838], [34.18169, -0.826653], [34.181006, -0.825132], [34.180299, -0.823473], [34.179638, -0.821791], [34.17804, -0.819485], [34.177355, -0.818701], [34.176692, -0.817871], [34.175435, -0.817063], [34.174155, -0.816739], [34.172784, -0.815517], [34.172215, -0.813743], [34.171576, -0.812291], [34.170938, -0.810425], [34.170049, -0.808051], [34.168725, -0.806529], [34.167765, -0.80586]]}}, {"type": "Feature", "properties": {"name": "Waringa", "length_km": 5.028, "dist_to_gulf_km": 1.291, "n_segments": 1}, "geometry": {"type": "LineString", "coordinates": [[34.278764, -0.149922], [34.279243, -0.14958], [34.280205, -0.148272], [34.281074, -0.147171], [34.281738, -0.146091], [34.282175, -0.145149], [34.282496, -0.144482], [34.283775, -0.143292], [34.285009, -0.142055], [34.28624, -0.14121], [34.287449, -0.14048], [34.288407, -0.139703], [34.28866, -0.139174], [34.289738, -0.137129], [34.290402, -0.13628], [34.2915, -0.134881], [34.292869, -0.133783], [34.294852, -0.132667], [34.296037, -0.132099], [34.297112, -0.130768], [34.297868, -0.12969], [34.299121, -0.129145], [34.302035, -0.128242], [34.303494, -0.12756], [34.30445, -0.12729], [34.30536, -0.127112], [34.306294, -0.126796], [34.307251, -0.126341], [34.308455, -0.126418], [34.309568, -0.126772], [34.310702, -0.127264], [34.311588, -0.127478], [34.312565, -0.127531], [34.313906, -0.127793]]}}, {"type": "Feature", "properties": {"name": "Nyanchabo", "length_km": 5.027, "dist_to_gulf_km": 21.096, "n_segments": 1}, "geometry": {"type": "LineString", "coordinates": [[34.67617, -0.690147], [34.677312, -0.690582], [34.678636, -0.691132], [34.680302, -0.691589], [34.681467, -0.692185], [34.682039, -0.692806], [34.682452, -0.693865], [34.682569, -0.694993], [34.683278, -0.696051], [34.684169, -0.696441], [34.684765, -0.697707], [34.684791, -0.698812], [34.685047, -0.700977], [34.686031, -0.702334], [34.686377, -0.703669], [34.68679, -0.704728], [34.687453, -0.705579], [34.687228, -0.706846], [34.687323, -0.707975], [34.687463, -0.709287], [34.687374, -0.710462], [34.687558, -0.711061], [34.688062, -0.71182], [34.688224, -0.712695], [34.687861, -0.71341], [34.687863, -0.714239], [34.68848, -0.714675], [34.688962, -0.715895], [34.689376, -0.717161], [34.68981, -0.71769], [34.69004, -0.71815], [34.690723, -0.717757], [34.691592, -0.7187], [34.692667, -0.720056], [34.693149, -0.721184], [34.693425, -0.721967], [34.694112, -0.722956], [34.694478, -0.723323], [34.694524, -0.72383], [34.695029, -0.724796], [34.695464, -0.725602], [34.696148, -0.725531]]}}]}